order_id,customer_id,product_id,product_name,category,region,order_date,quantity,unit_price,discount_pct,total_amount,cost,profit,payment_method,status
ORD00001,CUST0362,PROD015,Sport T-Shirt,Clothing,West,2022-07-29,5,37.58,15.0,159.7,60,99.7,Cash,Cancelled
ORD00002,CUST0481,PROD045,Leadership Principles,Books,South,2024-03-07,2,32.07,20.0,51.31,16,35.31,PayPal,Shipped
ORD00003,CUST0447,PROD047,Machine Learning A-Z,Books,Central,2022-04-07,4,70.38,20.0,225.22,80,145.22,PayPal,Returned
ORD00004,CUST0431,PROD027,LED Desk Lamp,Home & Garden,South,2022-04-21,1,47.19,0.0,47.19,18,29.19,Cash,Cancelled
ORD00005,CUST0212,PROD023,Coffee Maker Deluxe,Home & Garden,West,2024-06-26,2,139.62,15.0,237.35,104,133.35,PayPal,Processing
ORD00006,CUST0132,PROD054,Mixed Nuts 500g,Food & Beverage,West,2023-02-07,2,23.01,0.0,46.02,16,30.02,Credit Card,Delivered
ORD00007,CUST0106,PROD053,Protein Powder Vanilla,Food & Beverage,Central,2022-12-22,5,50.81,0.0,254.06,100,154.06,Bank Transfer,Delivered
ORD00008,CUST0246,PROD023,Coffee Maker Deluxe,Home & Garden,East,2023-06-26,2,120.25,20.0,192.4,104,88.4,PayPal,Delivered
ORD00009,CUST0176,PROD055,Olive Oil Extra Virgin,Food & Beverage,West,2024-08-13,2,25.42,0.0,50.85,18,32.85,Cash,Delivered
ORD00010,CUST0009,PROD054,Mixed Nuts 500g,Food & Beverage,South,2023-09-09,4,25.39,10.0,91.41,32,59.41,PayPal,Delivered
ORD00011,CUST0474,PROD067,Steering Wheel Cover,Automotive,Central,2023-10-13,5,27.38,0.0,136.88,55,81.88,Cash,Delivered
ORD00012,CUST0399,PROD026,Plant Pot Set x3,Home & Garden,West,2024-10-31,2,38.34,10.0,69.02,28,41.02,Bank Transfer,Delivered
ORD00013,CUST0391,PROD013,Casual Sneakers,Clothing,Central,2023-03-30,2,98.1,0.0,196.21,80,116.21,PayPal,Delivered
ORD00014,CUST0402,PROD019,Running Shorts,Clothing,West,2024-12-22,4,46.17,20.0,147.75,60,87.75,Credit Card,Delivered
ORD00015,CUST0449,PROD003,Smart Watch Ultra,Electronics,North,2023-12-10,4,330.88,15.0,1124.98,560,564.98,Cash,Cancelled
ORD00016,CUST0167,PROD026,Plant Pot Set x3,Home & Garden,East,2023-05-15,1,40.42,0.0,40.42,14,26.42,Bank Transfer,Cancelled
ORD00017,CUST0202,PROD009,USB-C Hub 7-in-1,Electronics,South,2022-08-21,4,56.13,15.0,190.83,80,110.83,PayPal,Delivered
ORD00018,CUST0069,PROD062,Tire Inflator Auto,Automotive,Central,2024-11-24,3,45.13,10.0,121.85,54,67.85,Bank Transfer,Delivered
ORD00019,CUST0348,PROD008,Webcam HD 1080p,Electronics,South,2023-08-31,2,66.52,0.0,133.04,50,83.04,Credit Card,Delivered
ORD00020,CUST0319,PROD023,Coffee Maker Deluxe,Home & Garden,West,2024-12-28,1,132.27,0.0,132.27,52,80.27,Debit Card,Cancelled
ORD00021,CUST0113,PROD041,Business Analytics Guide,Books,Central,2024-05-18,1,42.35,20.0,33.88,12,21.88,Bank Transfer,Shipped
ORD00022,CUST0033,PROD045,Leadership Principles,Books,Central,2022-05-28,2,28.95,15.0,49.22,16,33.22,PayPal,Delivered
ORD00023,CUST0092,PROD043,Data Science Handbook,Books,East,2022-05-31,1,60.81,0.0,60.81,18,42.81,Cash,Delivered
ORD00024,CUST0189,PROD061,Car Dash Cam 4K,Automotive,East,2023-04-12,3,97.17,5.0,276.94,126,150.94,Bank Transfer,Delivered
ORD00025,CUST0274,PROD040,Water Bottle 1L,Sports,Central,2022-02-04,4,22.76,10.0,81.95,32,49.95,Credit Card,Shipped
ORD00026,CUST0010,PROD041,Business Analytics Guide,Books,South,2022-05-10,5,40.91,20.0,163.64,60,103.64,Credit Card,Delivered
ORD00027,CUST0277,PROD047,Machine Learning A-Z,Books,Central,2024-10-26,1,68.97,15.0,58.63,20,38.63,PayPal,Shipped
ORD00028,CUST0247,PROD016,Leather Belt,Clothing,North,2023-07-31,4,43.93,20.0,140.58,72,68.58,Credit Card,Delivered
ORD00029,CUST0080,PROD013,Casual Sneakers,Clothing,North,2024-12-28,2,88.09,5.0,167.37,80,87.37,Cash,Delivered
ORD00030,CUST0325,PROD067,Steering Wheel Cover,Automotive,Central,2022-10-23,3,30.03,20.0,72.07,33,39.07,PayPal,Returned
ORD00031,CUST0425,PROD031,Yoga Mat Premium,Sports,South,2022-01-23,5,48.37,0.0,241.86,90,151.86,Credit Card,Delivered
ORD00032,CUST0238,PROD051,Premium Coffee Beans 1kg,Food & Beverage,Central,2024-03-18,5,32.3,0.0,161.52,50,111.52,PayPal,Delivered
ORD00033,CUST0464,PROD029,Throw Blanket Soft,Home & Garden,West,2023-12-06,2,54.04,15.0,91.87,40,51.87,Cash,Delivered
ORD00034,CUST0214,PROD020,Knit Sweater,Clothing,South,2023-01-12,2,76.75,0.0,153.51,60,93.51,Debit Card,Delivered
ORD00035,CUST0316,PROD047,Machine Learning A-Z,Books,Central,2022-04-22,5,71.44,10.0,321.49,100,221.49,Credit Card,Delivered
ORD00036,CUST0433,PROD031,Yoga Mat Premium,Sports,East,2022-05-18,3,41.38,15.0,105.53,54,51.53,Cash,Delivered
ORD00037,CUST0246,PROD013,Casual Sneakers,Clothing,East,2023-11-09,3,87.94,15.0,224.24,120,104.24,Debit Card,Delivered
ORD00038,CUST0146,PROD037,Jump Rope Speed,Sports,West,2022-05-23,2,18.31,5.0,34.78,14,20.78,PayPal,Shipped
ORD00039,CUST0431,PROD003,Smart Watch Ultra,Electronics,South,2023-09-19,5,324.74,10.0,1461.32,700,761.32,PayPal,Processing
ORD00040,CUST0438,PROD053,Protein Powder Vanilla,Food & Beverage,North,2024-05-27,2,49.55,0.0,99.11,40,59.11,Debit Card,Shipped
ORD00041,CUST0166,PROD032,Resistance Bands Set,Sports,North,2024-06-12,3,30.97,0.0,92.92,30,62.92,PayPal,Cancelled
ORD00042,CUST0028,PROD048,SQL Mastery,Books,South,2024-08-05,4,40.81,0.0,163.25,44,119.25,Bank Transfer,Delivered
ORD00043,CUST0461,PROD022,Air Purifier Pro,Home & Garden,Central,2022-12-26,5,228.18,0.0,1140.91,550,590.91,Debit Card,Cancelled
ORD00044,CUST0483,PROD027,LED Desk Lamp,Home & Garden,East,2023-02-07,3,47.1,15.0,120.11,54,66.11,Credit Card,Shipped
ORD00045,CUST0037,PROD004,Bluetooth Speaker,Electronics,South,2022-02-08,5,91.34,20.0,365.37,175,190.37,Cash,Delivered
ORD00046,CUST0272,PROD013,Casual Sneakers,Clothing,Central,2023-03-12,1,95.98,10.0,86.38,40,46.38,Cash,Delivered
ORD00047,CUST0183,PROD010,External SSD 1TB,Electronics,North,2022-11-01,3,145.8,20.0,349.91,195,154.91,Cash,Shipped
ORD00048,CUST0324,PROD034,Cycling Helmet,Sports,West,2023-08-19,2,78.44,10.0,141.2,64,77.2,Credit Card,Delivered
ORD00049,CUST0245,PROD066,Car Vacuum Cleaner,Automotive,East,2024-10-25,1,56.79,20.0,45.43,22,23.43,Cash,Shipped
ORD00050,CUST0048,PROD045,Leadership Principles,Books,West,2024-11-18,2,31.66,0.0,63.31,16,47.31,Cash,Cancelled
ORD00051,CUST0419,PROD058,Almond Milk 1L,Food & Beverage,East,2022-10-27,4,8.7,0.0,34.81,8,26.81,Debit Card,Processing
ORD00052,CUST0406,PROD055,Olive Oil Extra Virgin,Food & Beverage,North,2023-04-20,1,26.68,0.0,26.68,9,17.68,Credit Card,Shipped
ORD00053,CUST0136,PROD020,Knit Sweater,Clothing,East,2024-11-26,3,73.32,5.0,208.97,90,118.97,Credit Card,Delivered
ORD00054,CUST0189,PROD024,Electric Kettle 1.7L,Home & Garden,East,2023-10-26,1,51.0,10.0,45.9,18,27.9,PayPal,Processing
ORD00055,CUST0422,PROD055,Olive Oil Extra Virgin,Food & Beverage,North,2023-06-24,5,28.25,0.0,141.24,45,96.24,Bank Transfer,Shipped
ORD00056,CUST0443,PROD044,Marketing Strategy,Books,Central,2024-01-19,5,39.17,20.0,156.66,50,106.66,Credit Card,Delivered
ORD00057,CUST0034,PROD012,Denim Jeans Slim,Clothing,South,2024-02-10,2,79.26,0.0,158.52,56,102.52,PayPal,Delivered
ORD00058,CUST0247,PROD031,Yoga Mat Premium,Sports,North,2024-09-14,5,40.56,0.0,202.8,90,112.8,Bank Transfer,Delivered
ORD00059,CUST0081,PROD010,External SSD 1TB,Electronics,Central,2022-06-07,5,153.28,0.0,766.38,325,441.38,Debit Card,Delivered
ORD00060,CUST0359,PROD013,Casual Sneakers,Clothing,South,2024-01-12,5,99.13,0.0,495.64,200,295.64,Debit Card,Delivered
ORD00061,CUST0445,PROD028,Storage Ottoman,Home & Garden,Central,2023-11-08,1,74.72,5.0,70.99,32,38.99,Bank Transfer,Delivered
ORD00062,CUST0444,PROD051,Premium Coffee Beans 1kg,Food & Beverage,North,2022-11-27,4,28.94,0.0,115.77,40,75.77,Debit Card,Delivered
ORD00063,CUST0444,PROD041,Business Analytics Guide,Books,North,2022-11-26,2,46.17,0.0,92.33,24,68.33,Cash,Delivered
ORD00064,CUST0071,PROD017,Formal Trousers,Clothing,West,2022-12-07,3,96.52,10.0,260.6,105,155.6,Bank Transfer,Delivered
ORD00065,CUST0309,PROD014,Wool Winter Coat,Clothing,Central,2022-02-08,3,205.91,0.0,617.72,225,392.72,Bank Transfer,Shipped
ORD00066,CUST0358,PROD002,Wireless Headphones,Electronics,Central,2024-08-23,4,185.89,20.0,594.84,320,274.84,Bank Transfer,Shipped
ORD00067,CUST0472,PROD031,Yoga Mat Premium,Sports,East,2023-01-08,5,46.44,0.0,232.18,90,142.18,Debit Card,Shipped
ORD00068,CUST0437,PROD069,LED Car Lights Kit,Automotive,North,2023-12-03,4,35.68,0.0,142.7,56,86.7,Debit Card,Delivered
ORD00069,CUST0462,PROD004,Bluetooth Speaker,Electronics,North,2022-09-28,1,80.39,10.0,72.36,35,37.36,Cash,Shipped
ORD00070,CUST0408,PROD029,Throw Blanket Soft,Home & Garden,South,2022-11-03,5,50.56,5.0,240.16,100,140.16,Cash,Delivered
ORD00071,CUST0128,PROD001,Laptop Pro 15,Electronics,West,2024-12-24,5,1260.57,0.0,6302.86,3750,2552.86,Bank Transfer,Shipped
ORD00072,CUST0204,PROD017,Formal Trousers,Clothing,South,2022-01-03,4,89.39,0.0,357.57,140,217.57,Credit Card,Shipped
ORD00073,CUST0335,PROD051,Premium Coffee Beans 1kg,Food & Beverage,Central,2024-05-28,2,34.81,5.0,66.13,20,46.13,Bank Transfer,Delivered
ORD00074,CUST0045,PROD008,Webcam HD 1080p,Electronics,South,2022-07-20,4,63.95,5.0,243.0,100,143.0,Debit Card,Cancelled
ORD00075,CUST0174,PROD057,Granola Bars x12,Food & Beverage,Central,2022-06-21,3,22.43,10.0,60.57,21,39.57,Bank Transfer,Delivered
ORD00076,CUST0193,PROD010,External SSD 1TB,Electronics,Central,2022-01-12,1,151.32,0.0,151.32,65,86.32,Cash,Delivered
ORD00077,CUST0061,PROD035,Running Shoes Pro,Sports,North,2023-02-25,3,126.65,0.0,379.94,165,214.94,Debit Card,Delivered
ORD00078,CUST0342,PROD019,Running Shorts,Clothing,South,2023-06-04,3,44.98,5.0,128.2,45,83.2,Cash,Delivered
ORD00079,CUST0253,PROD001,Laptop Pro 15,Electronics,South,2023-07-19,4,1261.19,5.0,4792.53,3000,1792.53,Cash,Processing
ORD00080,CUST0358,PROD058,Almond Milk 1L,Food & Beverage,Central,2024-09-15,2,7.79,10.0,14.03,4,10.03,Bank Transfer,Delivered
ORD00081,CUST0385,PROD049,Entrepreneurship Now,Books,North,2023-09-21,5,34.88,15.0,148.24,45,103.24,Bank Transfer,Shipped
ORD00082,CUST0350,PROD003,Smart Watch Ultra,Electronics,West,2022-09-01,2,345.27,15.0,586.96,280,306.96,Debit Card,Delivered
ORD00083,CUST0293,PROD069,LED Car Lights Kit,Automotive,South,2024-11-07,4,37.0,20.0,118.41,56,62.41,Cash,Shipped
ORD00084,CUST0099,PROD019,Running Shorts,Clothing,West,2022-04-17,2,41.07,15.0,69.82,30,39.82,Credit Card,Processing
ORD00085,CUST0053,PROD056,Dark Chocolate Bar 72%,Food & Beverage,North,2022-10-25,4,13.02,5.0,49.48,16,33.48,Credit Card,Delivered
ORD00086,CUST0325,PROD025,Blender Pro 1000W,Home & Garden,Central,2023-03-31,3,81.52,0.0,244.57,105,139.57,Bank Transfer,Cancelled
ORD00087,CUST0224,PROD047,Machine Learning A-Z,Books,South,2024-03-31,5,74.25,0.0,371.24,100,271.24,Cash,Delivered
ORD00088,CUST0033,PROD005,"4K Monitor 27""",Electronics,Central,2022-12-25,4,444.51,0.0,1778.03,880,898.03,Cash,Delivered
ORD00089,CUST0487,PROD031,Yoga Mat Premium,Sports,West,2022-03-10,5,45.09,15.0,191.65,90,101.65,Debit Card,Shipped
ORD00090,CUST0112,PROD009,USB-C Hub 7-in-1,Electronics,West,2022-03-15,3,55.92,0.0,167.77,60,107.77,Debit Card,Delivered
ORD00091,CUST0309,PROD053,Protein Powder Vanilla,Food & Beverage,Central,2023-07-20,4,53.38,5.0,202.86,80,122.86,Bank Transfer,Delivered
ORD00092,CUST0474,PROD039,Pull-Up Bar,Sports,Central,2024-11-26,1,57.61,0.0,57.61,22,35.61,Credit Card,Delivered
ORD00093,CUST0149,PROD010,External SSD 1TB,Electronics,Central,2023-12-14,3,162.81,0.0,488.42,195,293.42,Debit Card,Shipped
ORD00094,CUST0142,PROD003,Smart Watch Ultra,Electronics,Central,2023-02-03,4,378.99,10.0,1364.38,560,804.38,Credit Card,Delivered
ORD00095,CUST0258,PROD043,Data Science Handbook,Books,East,2024-04-13,5,59.88,0.0,299.42,90,209.42,Cash,Delivered
ORD00096,CUST0027,PROD009,USB-C Hub 7-in-1,Electronics,North,2022-08-28,5,64.39,10.0,289.75,100,189.75,Cash,Delivered
ORD00097,CUST0467,PROD028,Storage Ottoman,Home & Garden,East,2024-06-25,4,75.95,20.0,243.03,128,115.03,Debit Card,Processing
ORD00098,CUST0462,PROD026,Plant Pot Set x3,Home & Garden,North,2024-07-28,4,42.09,20.0,134.7,56,78.7,Credit Card,Delivered
ORD00099,CUST0209,PROD066,Car Vacuum Cleaner,Automotive,North,2023-06-13,1,53.71,20.0,42.97,22,20.97,Debit Card,Shipped
ORD00100,CUST0268,PROD067,Steering Wheel Cover,Automotive,West,2023-04-16,3,28.49,0.0,85.48,33,52.48,Cash,Delivered
ORD00101,CUST0050,PROD029,Throw Blanket Soft,Home & Garden,East,2023-06-24,2,52.66,5.0,100.05,40,60.05,PayPal,Delivered
ORD00102,CUST0060,PROD036,Gym Gloves,Sports,Central,2023-01-01,4,24.07,0.0,96.28,36,60.28,Cash,Delivered
ORD00103,CUST0320,PROD017,Formal Trousers,Clothing,North,2023-01-25,4,93.22,0.0,372.88,140,232.88,Debit Card,Cancelled
ORD00104,CUST0239,PROD021,Robot Vacuum Cleaner,Home & Garden,North,2023-02-28,2,281.23,0.0,562.45,280,282.45,Cash,Delivered
ORD00105,CUST0083,PROD019,Running Shorts,Clothing,North,2022-08-07,1,45.53,15.0,38.7,15,23.7,Bank Transfer,Shipped
ORD00106,CUST0269,PROD003,Smart Watch Ultra,Electronics,South,2022-03-28,4,340.01,0.0,1360.04,560,800.04,Bank Transfer,Cancelled
ORD00107,CUST0151,PROD058,Almond Milk 1L,Food & Beverage,North,2023-07-17,4,7.49,20.0,23.98,8,15.98,Cash,Delivered
ORD00108,CUST0151,PROD053,Protein Powder Vanilla,Food & Beverage,North,2023-03-31,5,50.91,10.0,229.1,100,129.1,Bank Transfer,Delivered
ORD00109,CUST0340,PROD029,Throw Blanket Soft,Home & Garden,South,2022-03-08,5,53.32,20.0,213.28,100,113.28,Debit Card,Delivered
ORD00110,CUST0257,PROD039,Pull-Up Bar,Sports,South,2022-09-04,5,54.56,15.0,231.88,110,121.88,Credit Card,Delivered
ORD00111,CUST0485,PROD019,Running Shorts,Clothing,East,2023-03-08,4,42.68,0.0,170.72,60,110.72,PayPal,Shipped
ORD00112,CUST0244,PROD031,Yoga Mat Premium,Sports,Central,2023-06-16,2,45.44,0.0,90.87,36,54.87,PayPal,Delivered
ORD00113,CUST0425,PROD047,Machine Learning A-Z,Books,South,2023-12-04,3,67.45,5.0,192.23,60,132.23,Debit Card,Delivered
ORD00114,CUST0444,PROD010,External SSD 1TB,Electronics,North,2024-02-02,3,159.56,0.0,478.68,195,283.68,Bank Transfer,Delivered
ORD00115,CUST0398,PROD017,Formal Trousers,Clothing,North,2022-09-26,5,92.31,20.0,369.24,175,194.24,Credit Card,Shipped
ORD00116,CUST0393,PROD018,Polo Shirt Premium,Clothing,East,2023-04-28,5,64.12,5.0,304.56,110,194.56,Debit Card,Delivered
ORD00117,CUST0200,PROD011,Classic White Shirt,Clothing,East,2022-11-03,4,52.0,0.0,207.98,60,147.98,Bank Transfer,Delivered
ORD00118,CUST0384,PROD051,Premium Coffee Beans 1kg,Food & Beverage,Central,2024-11-24,5,33.41,20.0,133.65,50,83.65,Bank Transfer,Delivered
ORD00119,CUST0049,PROD044,Marketing Strategy,Books,North,2022-04-08,4,34.95,0.0,139.81,40,99.81,Credit Card,Delivered
ORD00120,CUST0198,PROD035,Running Shoes Pro,Sports,West,2023-06-05,4,137.75,0.0,550.98,220,330.98,Bank Transfer,Shipped
ORD00121,CUST0323,PROD056,Dark Chocolate Bar 72%,Food & Beverage,Central,2023-06-17,3,11.66,10.0,31.49,12,19.49,PayPal,Delivered
ORD00122,CUST0239,PROD040,Water Bottle 1L,Sports,North,2024-04-23,1,21.34,15.0,18.14,8,10.14,Cash,Delivered
ORD00123,CUST0139,PROD026,Plant Pot Set x3,Home & Garden,South,2022-12-24,3,37.87,15.0,96.57,42,54.57,Cash,Delivered
ORD00124,CUST0046,PROD009,USB-C Hub 7-in-1,Electronics,East,2024-07-04,1,57.6,0.0,57.6,20,37.6,Bank Transfer,Shipped
ORD00125,CUST0471,PROD050,Digital Marketing,Books,Central,2022-10-24,2,41.12,0.0,82.25,22,60.25,Bank Transfer,Shipped
ORD00126,CUST0476,PROD066,Car Vacuum Cleaner,Automotive,South,2024-04-08,1,50.37,0.0,50.37,22,28.37,Debit Card,Delivered
ORD00127,CUST0438,PROD010,External SSD 1TB,Electronics,North,2023-08-20,3,152.14,5.0,433.6,195,238.6,PayPal,Cancelled
ORD00128,CUST0372,PROD064,Seat Covers Set,Automotive,East,2024-01-14,5,79.33,5.0,376.82,160,216.82,Bank Transfer,Delivered
ORD00129,CUST0476,PROD028,Storage Ottoman,Home & Garden,South,2022-02-17,2,78.42,15.0,133.31,64,69.31,PayPal,Cancelled
ORD00130,CUST0412,PROD066,Car Vacuum Cleaner,Automotive,East,2022-06-13,2,51.34,0.0,102.67,44,58.67,Credit Card,Delivered
ORD00131,CUST0142,PROD043,Data Science Handbook,Books,Central,2024-08-27,5,59.2,20.0,236.8,90,146.8,Bank Transfer,Delivered
ORD00132,CUST0392,PROD057,Granola Bars x12,Food & Beverage,South,2022-06-20,1,20.95,0.0,20.95,7,13.95,Credit Card,Shipped
ORD00133,CUST0497,PROD005,"4K Monitor 27""",Electronics,North,2024-03-09,3,425.64,15.0,1085.39,660,425.39,PayPal,Delivered
ORD00134,CUST0310,PROD024,Electric Kettle 1.7L,Home & Garden,Central,2022-09-16,2,49.26,0.0,98.52,36,62.52,Credit Card,Delivered
ORD00135,CUST0416,PROD035,Running Shoes Pro,Sports,Central,2024-01-01,3,138.4,5.0,394.43,165,229.43,Cash,Cancelled
ORD00136,CUST0398,PROD064,Seat Covers Set,Automotive,North,2024-06-30,2,86.42,15.0,146.91,64,82.91,Cash,Delivered
ORD00137,CUST0092,PROD018,Polo Shirt Premium,Clothing,East,2024-07-24,5,64.15,15.0,272.66,110,162.66,Cash,Delivered
ORD00138,CUST0183,PROD021,Robot Vacuum Cleaner,Home & Garden,North,2023-12-13,4,301.37,20.0,964.39,560,404.39,Credit Card,Delivered
ORD00139,CUST0194,PROD015,Sport T-Shirt,Clothing,Central,2024-01-20,4,33.32,0.0,133.27,48,85.27,Credit Card,Delivered
ORD00140,CUST0474,PROD052,Organic Green Tea 100g,Food & Beverage,Central,2022-10-07,3,17.23,10.0,46.53,15,31.53,Credit Card,Shipped
ORD00141,CUST0159,PROD006,Gaming Mouse,Electronics,East,2024-10-04,4,75.83,20.0,242.67,112,130.67,Bank Transfer,Processing
ORD00142,CUST0340,PROD038,Foam Roller,Sports,South,2023-04-19,1,35.34,0.0,35.34,12,23.34,Bank Transfer,Cancelled
ORD00143,CUST0125,PROD058,Almond Milk 1L,Food & Beverage,West,2024-06-14,4,7.6,15.0,25.84,8,17.84,Bank Transfer,Processing
ORD00144,CUST0258,PROD015,Sport T-Shirt,Clothing,East,2023-03-28,3,32.05,15.0,81.74,36,45.74,Debit Card,Delivered
ORD00145,CUST0064,PROD049,Entrepreneurship Now,Books,West,2023-07-11,3,37.07,10.0,100.09,27,73.09,PayPal,Delivered
ORD00146,CUST0428,PROD013,Casual Sneakers,Clothing,Central,2022-05-21,2,88.1,0.0,176.19,80,96.19,Bank Transfer,Shipped
ORD00147,CUST0246,PROD001,Laptop Pro 15,Electronics,East,2023-07-12,5,1198.08,0.0,5990.4,3750,2240.4,Credit Card,Delivered
ORD00148,CUST0306,PROD036,Gym Gloves,Sports,Central,2024-12-31,1,23.43,0.0,23.43,9,14.43,PayPal,Delivered
ORD00149,CUST0178,PROD022,Air Purifier Pro,Home & Garden,East,2024-06-16,1,235.69,0.0,235.69,110,125.69,Credit Card,Delivered
ORD00150,CUST0499,PROD014,Wool Winter Coat,Clothing,Central,2023-12-02,4,181.88,20.0,582.01,300,282.01,Bank Transfer,Returned
ORD00151,CUST0254,PROD056,Dark Chocolate Bar 72%,Food & Beverage,Central,2024-08-07,1,11.59,20.0,9.27,4,5.27,Debit Card,Delivered
ORD00152,CUST0224,PROD017,Formal Trousers,Clothing,South,2024-03-14,1,89.77,0.0,89.77,35,54.77,Debit Card,Cancelled
ORD00153,CUST0265,PROD037,Jump Rope Speed,Sports,North,2023-05-28,4,20.25,0.0,80.99,28,52.99,Debit Card,Delivered
ORD00154,CUST0116,PROD063,Car Phone Mount,Automotive,West,2024-06-26,2,26.19,0.0,52.38,18,34.38,Debit Card,Delivered
ORD00155,CUST0244,PROD033,Dumbbell Set 20kg,Sports,Central,2022-07-12,5,91.95,0.0,459.77,210,249.77,Bank Transfer,Delivered
ORD00156,CUST0262,PROD069,LED Car Lights Kit,Automotive,North,2023-10-02,3,32.61,15.0,83.16,42,41.16,Credit Card,Shipped
ORD00157,CUST0110,PROD034,Cycling Helmet,Sports,West,2024-12-02,1,75.1,15.0,63.84,32,31.84,PayPal,Delivered
ORD00158,CUST0246,PROD064,Seat Covers Set,Automotive,East,2022-04-17,2,86.48,0.0,172.96,64,108.96,Bank Transfer,Delivered
ORD00159,CUST0306,PROD070,Car Wax Premium,Automotive,Central,2022-12-09,3,28.47,5.0,81.15,30,51.15,Debit Card,Delivered
ORD00160,CUST0307,PROD043,Data Science Handbook,Books,West,2022-03-28,5,68.69,5.0,326.25,90,236.25,Cash,Delivered
ORD00161,CUST0297,PROD067,Steering Wheel Cover,Automotive,East,2022-07-03,2,27.01,0.0,54.03,22,32.03,Cash,Delivered
ORD00162,CUST0495,PROD057,Granola Bars x12,Food & Beverage,West,2022-05-03,1,21.36,0.0,21.36,7,14.36,Cash,Processing
ORD00163,CUST0086,PROD005,"4K Monitor 27""",Electronics,East,2022-09-15,4,425.94,10.0,1533.39,880,653.39,PayPal,Processing
ORD00164,CUST0014,PROD027,LED Desk Lamp,Home & Garden,North,2024-06-17,2,40.69,5.0,77.32,36,41.32,PayPal,Shipped
ORD00165,CUST0435,PROD006,Gaming Mouse,Electronics,North,2023-05-29,1,78.77,5.0,74.83,28,46.83,Cash,Delivered
ORD00166,CUST0331,PROD053,Protein Powder Vanilla,Food & Beverage,East,2024-09-30,2,55.73,10.0,100.32,40,60.32,PayPal,Delivered
ORD00167,CUST0447,PROD066,Car Vacuum Cleaner,Automotive,Central,2024-08-17,3,59.04,10.0,159.42,66,93.42,Cash,Delivered
ORD00168,CUST0010,PROD030,Garden Hose 50ft,Home & Garden,South,2024-12-23,2,64.34,20.0,102.95,56,46.95,PayPal,Delivered
ORD00169,CUST0134,PROD044,Marketing Strategy,Books,Central,2024-07-18,1,40.1,10.0,36.09,10,26.09,Bank Transfer,Shipped
ORD00170,CUST0301,PROD038,Foam Roller,Sports,North,2022-02-08,5,37.5,20.0,149.99,60,89.99,Cash,Delivered
ORD00171,CUST0411,PROD002,Wireless Headphones,Electronics,Central,2022-05-10,5,211.7,0.0,1058.49,400,658.49,Cash,Shipped
ORD00172,CUST0343,PROD053,Protein Powder Vanilla,Food & Beverage,West,2022-11-12,5,52.61,5.0,249.92,100,149.92,PayPal,Delivered
ORD00173,CUST0391,PROD011,Classic White Shirt,Clothing,Central,2024-12-07,1,44.53,0.0,44.53,15,29.53,Debit Card,Cancelled
ORD00174,CUST0428,PROD031,Yoga Mat Premium,Sports,Central,2023-02-18,1,44.87,0.0,44.87,18,26.87,Credit Card,Delivered
ORD00175,CUST0362,PROD016,Leather Belt,Clothing,West,2024-03-06,4,45.23,15.0,153.79,72,81.79,Cash,Delivered
ORD00176,CUST0292,PROD022,Air Purifier Pro,Home & Garden,South,2024-01-21,2,254.28,0.0,508.55,220,288.55,Credit Card,Cancelled
ORD00177,CUST0266,PROD034,Cycling Helmet,Sports,South,2023-03-04,4,85.77,20.0,274.46,128,146.46,Credit Card,Delivered
ORD00178,CUST0208,PROD036,Gym Gloves,Sports,West,2022-05-05,3,25.29,5.0,72.08,27,45.08,PayPal,Processing
ORD00179,CUST0461,PROD022,Air Purifier Pro,Home & Garden,Central,2022-04-30,5,237.34,0.0,1186.69,550,636.69,Credit Card,Processing
ORD00180,CUST0235,PROD051,Premium Coffee Beans 1kg,Food & Beverage,North,2022-06-09,2,34.95,0.0,69.9,20,49.9,Credit Card,Shipped
ORD00181,CUST0291,PROD056,Dark Chocolate Bar 72%,Food & Beverage,West,2024-12-24,4,11.25,10.0,40.52,16,24.52,Debit Card,Delivered
ORD00182,CUST0222,PROD035,Running Shoes Pro,Sports,West,2023-01-02,5,135.43,5.0,643.29,275,368.29,Credit Card,Processing
ORD00183,CUST0258,PROD040,Water Bottle 1L,Sports,East,2024-01-04,4,22.89,5.0,86.99,32,54.99,Credit Card,Delivered
ORD00184,CUST0348,PROD038,Foam Roller,Sports,South,2023-01-05,5,34.31,0.0,171.55,60,111.55,Debit Card,Delivered
ORD00185,CUST0205,PROD028,Storage Ottoman,Home & Garden,Central,2024-06-26,3,81.04,10.0,218.8,96,122.8,PayPal,Processing
ORD00186,CUST0355,PROD052,Organic Green Tea 100g,Food & Beverage,East,2024-04-24,4,19.17,0.0,76.7,20,56.7,Cash,Delivered
ORD00187,CUST0134,PROD016,Leather Belt,Clothing,Central,2023-03-15,4,47.39,15.0,161.13,72,89.13,PayPal,Delivered
ORD00188,CUST0474,PROD010,External SSD 1TB,Electronics,Central,2024-07-15,4,162.7,0.0,650.81,260,390.81,Credit Card,Returned
ORD00189,CUST0129,PROD036,Gym Gloves,Sports,Central,2022-02-03,5,23.18,0.0,115.88,45,70.88,Credit Card,Delivered
ORD00190,CUST0113,PROD046,Finance for Managers,Books,Central,2023-03-31,2,51.41,0.0,102.83,26,76.83,PayPal,Cancelled
ORD00191,CUST0349,PROD001,Laptop Pro 15,Electronics,North,2024-11-13,5,1216.96,10.0,5476.32,3750,1726.32,Debit Card,Delivered
ORD00192,CUST0253,PROD005,"4K Monitor 27""",Electronics,South,2024-07-31,3,419.05,0.0,1257.15,660,597.15,PayPal,Cancelled
ORD00193,CUST0246,PROD051,Premium Coffee Beans 1kg,Food & Beverage,East,2023-05-27,2,30.44,0.0,60.88,20,40.88,Credit Card,Delivered
ORD00194,CUST0183,PROD057,Granola Bars x12,Food & Beverage,North,2023-03-22,1,22.98,20.0,18.39,7,11.39,Bank Transfer,Delivered
ORD00195,CUST0155,PROD052,Organic Green Tea 100g,Food & Beverage,North,2022-07-15,5,18.51,0.0,92.56,25,67.56,Cash,Delivered
ORD00196,CUST0257,PROD039,Pull-Up Bar,Sports,South,2022-04-25,3,53.33,20.0,127.99,66,61.99,Bank Transfer,Delivered
ORD00197,CUST0313,PROD008,Webcam HD 1080p,Electronics,North,2022-09-04,2,72.42,20.0,115.87,50,65.87,Cash,Cancelled
ORD00198,CUST0034,PROD030,Garden Hose 50ft,Home & Garden,South,2024-02-23,1,62.46,0.0,62.46,28,34.46,PayPal,Delivered
ORD00199,CUST0283,PROD017,Formal Trousers,Clothing,Central,2022-11-03,3,89.04,0.0,267.13,105,162.13,Debit Card,Delivered
ORD00200,CUST0419,PROD025,Blender Pro 1000W,Home & Garden,East,2024-03-15,4,93.5,10.0,336.6,140,196.6,Cash,Delivered
ORD00201,CUST0126,PROD027,LED Desk Lamp,Home & Garden,North,2024-06-03,3,47.58,0.0,142.73,54,88.73,Debit Card,Delivered
ORD00202,CUST0224,PROD022,Air Purifier Pro,Home & Garden,South,2024-09-01,5,261.22,10.0,1175.48,550,625.48,Bank Transfer,Delivered
ORD00203,CUST0398,PROD016,Leather Belt,Clothing,North,2024-03-27,5,44.41,15.0,188.74,90,98.74,Debit Card,Processing
ORD00204,CUST0322,PROD057,Granola Bars x12,Food & Beverage,East,2024-09-11,5,20.67,5.0,98.19,35,63.19,Cash,Delivered
ORD00205,CUST0090,PROD041,Business Analytics Guide,Books,North,2024-12-09,2,42.68,0.0,85.36,24,61.36,Bank Transfer,Delivered
ORD00206,CUST0230,PROD025,Blender Pro 1000W,Home & Garden,West,2022-07-03,1,92.06,5.0,87.45,35,52.45,PayPal,Delivered
ORD00207,CUST0471,PROD052,Organic Green Tea 100g,Food & Beverage,Central,2023-10-19,3,18.34,0.0,55.01,15,40.01,PayPal,Delivered
ORD00208,CUST0131,PROD038,Foam Roller,Sports,Central,2023-12-18,5,37.25,20.0,149.0,60,89.0,Bank Transfer,Shipped
ORD00209,CUST0233,PROD066,Car Vacuum Cleaner,Automotive,Central,2024-06-21,1,59.67,0.0,59.67,22,37.67,Debit Card,Shipped
ORD00210,CUST0389,PROD035,Running Shoes Pro,Sports,Central,2022-11-16,1,119.0,0.0,119.0,55,64.0,Debit Card,Cancelled
ORD00211,CUST0249,PROD044,Marketing Strategy,Books,Central,2022-10-30,3,34.3,15.0,87.48,30,57.48,Credit Card,Delivered
ORD00212,CUST0146,PROD038,Foam Roller,Sports,West,2024-08-22,1,33.82,15.0,28.75,12,16.75,Cash,Delivered
ORD00213,CUST0414,PROD063,Car Phone Mount,Automotive,North,2024-12-07,3,25.24,10.0,68.16,27,41.16,Debit Card,Shipped
ORD00214,CUST0003,PROD044,Marketing Strategy,Books,South,2022-02-07,4,38.63,15.0,131.34,40,91.34,Cash,Delivered
ORD00215,CUST0113,PROD059,Energy Drink Pack x24,Food & Beverage,Central,2022-12-15,1,33.49,20.0,26.79,12,14.79,Cash,Delivered
ORD00216,CUST0117,PROD017,Formal Trousers,Clothing,South,2024-08-10,1,81.29,15.0,69.09,35,34.09,PayPal,Shipped
ORD00217,CUST0252,PROD023,Coffee Maker Deluxe,Home & Garden,Central,2024-01-08,1,116.59,20.0,93.27,52,41.27,Bank Transfer,Delivered
ORD00218,CUST0439,PROD021,Robot Vacuum Cleaner,Home & Garden,East,2024-02-19,5,327.5,0.0,1637.51,700,937.51,PayPal,Delivered
ORD00219,CUST0315,PROD021,Robot Vacuum Cleaner,Home & Garden,South,2024-12-24,1,280.25,10.0,252.22,140,112.22,Bank Transfer,Delivered
ORD00220,CUST0320,PROD001,Laptop Pro 15,Electronics,North,2022-02-14,1,1139.37,10.0,1025.44,750,275.44,PayPal,Delivered
ORD00221,CUST0378,PROD046,Finance for Managers,Books,South,2024-03-16,2,43.38,15.0,73.74,26,47.74,PayPal,Delivered
ORD00222,CUST0303,PROD067,Steering Wheel Cover,Automotive,West,2023-09-12,2,31.88,10.0,57.38,22,35.38,PayPal,Processing
ORD00223,CUST0483,PROD023,Coffee Maker Deluxe,Home & Garden,East,2023-06-12,4,139.07,20.0,445.03,208,237.03,Credit Card,Cancelled
ORD00224,CUST0140,PROD049,Entrepreneurship Now,Books,North,2023-07-28,2,33.49,5.0,63.64,18,45.64,Debit Card,Delivered
ORD00225,CUST0251,PROD049,Entrepreneurship Now,Books,North,2024-02-22,5,39.32,10.0,176.92,45,131.92,Debit Card,Delivered
ORD00226,CUST0411,PROD058,Almond Milk 1L,Food & Beverage,Central,2022-11-09,4,8.75,10.0,31.51,8,23.51,PayPal,Delivered
ORD00227,CUST0056,PROD046,Finance for Managers,Books,East,2022-09-27,2,49.46,10.0,89.03,26,63.03,Cash,Shipped
ORD00228,CUST0492,PROD004,Bluetooth Speaker,Electronics,North,2023-02-19,2,85.6,15.0,145.52,70,75.52,Cash,Cancelled
ORD00229,CUST0443,PROD007,Mechanical Keyboard,Electronics,Central,2024-05-30,2,133.03,10.0,239.46,104,135.46,Debit Card,Delivered
ORD00230,CUST0398,PROD018,Polo Shirt Premium,Clothing,North,2024-12-27,1,60.89,20.0,48.72,22,26.72,Debit Card,Shipped
ORD00231,CUST0031,PROD012,Denim Jeans Slim,Clothing,North,2023-10-15,4,86.29,0.0,345.15,112,233.15,Bank Transfer,Shipped
ORD00232,CUST0239,PROD044,Marketing Strategy,Books,North,2023-07-15,2,40.12,0.0,80.24,20,60.24,Debit Card,Delivered
ORD00233,CUST0092,PROD036,Gym Gloves,Sports,East,2023-07-01,5,25.34,0.0,126.68,45,81.68,Cash,Delivered
ORD00234,CUST0073,PROD050,Digital Marketing,Books,South,2022-02-23,3,36.64,20.0,87.93,33,54.93,Bank Transfer,Delivered
ORD00235,CUST0468,PROD034,Cycling Helmet,Sports,West,2024-08-18,3,74.01,5.0,210.92,96,114.92,Bank Transfer,Delivered
ORD00236,CUST0071,PROD017,Formal Trousers,Clothing,West,2022-12-02,2,84.13,5.0,159.84,70,89.84,Credit Card,Cancelled
ORD00237,CUST0143,PROD018,Polo Shirt Premium,Clothing,North,2024-04-25,2,68.15,0.0,136.3,44,92.3,Debit Card,Delivered
ORD00238,CUST0130,PROD034,Cycling Helmet,Sports,East,2024-06-18,5,78.84,0.0,394.21,160,234.21,Bank Transfer,Cancelled
ORD00239,CUST0037,PROD030,Garden Hose 50ft,Home & Garden,South,2024-05-25,4,68.59,10.0,246.93,112,134.93,Bank Transfer,Shipped
ORD00240,CUST0074,PROD069,LED Car Lights Kit,Automotive,North,2024-03-18,5,38.07,10.0,171.33,70,101.33,Cash,Delivered
ORD00241,CUST0457,PROD025,Blender Pro 1000W,Home & Garden,Central,2022-03-20,5,82.05,5.0,389.72,175,214.72,Credit Card,Cancelled
ORD00242,CUST0268,PROD010,External SSD 1TB,Electronics,West,2023-05-19,5,150.13,15.0,638.05,325,313.05,Credit Card,Delivered
ORD00243,CUST0267,PROD068,Car Air Freshener x5,Automotive,East,2024-11-23,1,14.07,5.0,13.37,5,8.37,Bank Transfer,Cancelled
ORD00244,CUST0309,PROD015,Sport T-Shirt,Clothing,Central,2023-08-09,4,32.67,0.0,130.66,48,82.66,Cash,Cancelled
ORD00245,CUST0398,PROD061,Car Dash Cam 4K,Automotive,North,2024-11-24,2,98.28,15.0,167.07,84,83.07,Bank Transfer,Delivered
ORD00246,CUST0254,PROD070,Car Wax Premium,Automotive,Central,2024-10-22,1,26.21,10.0,23.59,10,13.59,Cash,Delivered
ORD00247,CUST0385,PROD044,Marketing Strategy,Books,North,2024-04-26,3,37.63,0.0,112.88,30,82.88,Bank Transfer,Delivered
ORD00248,CUST0465,PROD025,Blender Pro 1000W,Home & Garden,Central,2023-02-18,4,81.71,0.0,326.82,140,186.82,Debit Card,Shipped
ORD00249,CUST0498,PROD038,Foam Roller,Sports,South,2022-09-11,1,32.3,5.0,30.68,12,18.68,PayPal,Delivered
ORD00250,CUST0428,PROD033,Dumbbell Set 20kg,Sports,Central,2024-02-26,5,90.99,0.0,454.97,210,244.97,Bank Transfer,Delivered
ORD00251,CUST0382,PROD053,Protein Powder Vanilla,Food & Beverage,Central,2022-03-31,2,59.53,10.0,107.16,40,67.16,Debit Card,Delivered
ORD00252,CUST0265,PROD034,Cycling Helmet,Sports,North,2022-10-24,2,83.25,0.0,166.51,64,102.51,Bank Transfer,Delivered
ORD00253,CUST0154,PROD046,Finance for Managers,Books,North,2024-07-02,3,49.21,0.0,147.64,39,108.64,Debit Card,Returned
ORD00254,CUST0373,PROD022,Air Purifier Pro,Home & Garden,North,2022-01-08,5,262.22,0.0,1311.08,550,761.08,Bank Transfer,Delivered
ORD00255,CUST0457,PROD044,Marketing Strategy,Books,Central,2024-10-18,5,40.34,10.0,181.51,50,131.51,Bank Transfer,Delivered
ORD00256,CUST0199,PROD053,Protein Powder Vanilla,Food & Beverage,East,2024-09-01,4,54.01,0.0,216.05,80,136.05,Cash,Shipped
ORD00257,CUST0411,PROD023,Coffee Maker Deluxe,Home & Garden,Central,2023-05-17,5,123.28,15.0,523.92,260,263.92,Cash,Processing
ORD00258,CUST0085,PROD052,Organic Green Tea 100g,Food & Beverage,West,2023-03-02,1,16.87,0.0,16.87,5,11.87,PayPal,Delivered
ORD00259,CUST0489,PROD068,Car Air Freshener x5,Automotive,West,2022-03-08,5,16.01,0.0,80.07,25,55.07,PayPal,Cancelled
ORD00260,CUST0277,PROD056,Dark Chocolate Bar 72%,Food & Beverage,Central,2022-04-11,1,11.8,0.0,11.8,4,7.8,Debit Card,Shipped
ORD00261,CUST0413,PROD056,Dark Chocolate Bar 72%,Food & Beverage,Central,2022-12-30,4,12.6,0.0,50.39,16,34.39,Credit Card,Delivered
ORD00262,CUST0138,PROD051,Premium Coffee Beans 1kg,Food & Beverage,East,2023-09-05,3,31.16,5.0,88.8,30,58.8,Credit Card,Processing
ORD00263,CUST0297,PROD065,Jump Starter Pack,Automotive,East,2022-05-13,3,88.48,0.0,265.44,114,151.44,PayPal,Delivered
ORD00264,CUST0449,PROD069,LED Car Lights Kit,Automotive,North,2024-04-27,5,32.97,0.0,164.84,70,94.84,Cash,Delivered
ORD00265,CUST0265,PROD022,Air Purifier Pro,Home & Garden,North,2024-12-19,1,248.19,15.0,210.96,110,100.96,Cash,Cancelled
ORD00266,CUST0388,PROD003,Smart Watch Ultra,Electronics,North,2023-08-12,4,356.6,0.0,1426.39,560,866.39,PayPal,Delivered
ORD00267,CUST0474,PROD002,Wireless Headphones,Electronics,Central,2023-12-26,2,203.55,5.0,386.74,160,226.74,Cash,Shipped
ORD00268,CUST0188,PROD062,Tire Inflator Auto,Automotive,West,2024-10-16,4,47.77,10.0,171.98,72,99.98,Debit Card,Shipped
ORD00269,CUST0194,PROD029,Throw Blanket Soft,Home & Garden,Central,2023-02-01,1,50.8,5.0,48.26,20,28.26,Credit Card,Shipped
ORD00270,CUST0312,PROD015,Sport T-Shirt,Clothing,South,2023-03-01,5,38.49,5.0,182.84,60,122.84,Credit Card,Delivered
ORD00271,CUST0142,PROD030,Garden Hose 50ft,Home & Garden,Central,2023-03-11,1,66.83,15.0,56.8,28,28.8,PayPal,Delivered
ORD00272,CUST0480,PROD002,Wireless Headphones,Electronics,North,2022-05-19,3,191.05,10.0,515.84,240,275.84,PayPal,Processing
ORD00273,CUST0432,PROD006,Gaming Mouse,Electronics,Central,2022-08-22,3,76.49,15.0,195.06,84,111.06,Cash,Shipped
ORD00274,CUST0199,PROD060,Collagen Powder 300g,Food & Beverage,East,2022-03-01,2,42.25,20.0,67.59,32,35.59,PayPal,Cancelled
ORD00275,CUST0087,PROD061,Car Dash Cam 4K,Automotive,North,2024-09-08,4,104.89,15.0,356.61,168,188.61,Debit Card,Delivered
ORD00276,CUST0044,PROD069,LED Car Lights Kit,Automotive,East,2024-08-01,5,37.77,5.0,179.41,70,109.41,Bank Transfer,Cancelled
ORD00277,CUST0405,PROD059,Energy Drink Pack x24,Food & Beverage,North,2022-04-25,5,33.6,15.0,142.78,60,82.78,PayPal,Delivered
ORD00278,CUST0220,PROD057,Granola Bars x12,Food & Beverage,Central,2022-02-08,2,22.34,0.0,44.68,14,30.68,PayPal,Delivered
ORD00279,CUST0425,PROD047,Machine Learning A-Z,Books,South,2022-11-02,3,76.91,0.0,230.72,60,170.72,Bank Transfer,Shipped
ORD00280,CUST0202,PROD053,Protein Powder Vanilla,Food & Beverage,South,2022-12-06,5,56.16,0.0,280.81,100,180.81,Cash,Delivered
ORD00281,CUST0003,PROD069,LED Car Lights Kit,Automotive,South,2023-09-24,3,36.47,0.0,109.41,42,67.41,Bank Transfer,Delivered
ORD00282,CUST0243,PROD003,Smart Watch Ultra,Electronics,West,2023-05-02,3,345.64,0.0,1036.93,420,616.93,Debit Card,Delivered
ORD00283,CUST0105,PROD030,Garden Hose 50ft,Home & Garden,Central,2022-12-25,1,63.36,0.0,63.36,28,35.36,Debit Card,Cancelled
ORD00284,CUST0421,PROD014,Wool Winter Coat,Clothing,West,2024-06-27,5,171.04,5.0,812.45,375,437.45,Cash,Delivered
ORD00285,CUST0218,PROD049,Entrepreneurship Now,Books,North,2023-11-28,4,37.67,10.0,135.62,36,99.62,PayPal,Processing
ORD00286,CUST0444,PROD051,Premium Coffee Beans 1kg,Food & Beverage,North,2022-10-21,1,34.06,10.0,30.66,10,20.66,Debit Card,Delivered
ORD00287,CUST0180,PROD050,Digital Marketing,Books,West,2022-03-16,4,39.1,20.0,125.12,44,81.12,Cash,Delivered
ORD00288,CUST0190,PROD054,Mixed Nuts 500g,Food & Beverage,Central,2023-09-29,1,24.9,10.0,22.41,8,14.41,Credit Card,Delivered
ORD00289,CUST0383,PROD004,Bluetooth Speaker,Electronics,Central,2022-04-05,1,89.37,15.0,75.96,35,40.96,PayPal,Delivered
ORD00290,CUST0445,PROD022,Air Purifier Pro,Home & Garden,Central,2023-10-02,2,240.08,0.0,480.16,220,260.16,PayPal,Delivered
ORD00291,CUST0403,PROD066,Car Vacuum Cleaner,Automotive,South,2023-10-16,4,56.88,0.0,227.53,88,139.53,Debit Card,Delivered
ORD00292,CUST0020,PROD028,Storage Ottoman,Home & Garden,Central,2022-08-23,1,81.87,10.0,73.69,32,41.69,Cash,Delivered
ORD00293,CUST0435,PROD024,Electric Kettle 1.7L,Home & Garden,North,2023-12-19,5,47.22,0.0,236.11,90,146.11,PayPal,Delivered
ORD00294,CUST0464,PROD010,External SSD 1TB,Electronics,West,2022-12-17,1,143.38,0.0,143.38,65,78.38,Cash,Delivered
ORD00295,CUST0354,PROD046,Finance for Managers,Books,Central,2022-09-24,1,47.72,15.0,40.56,13,27.56,Credit Card,Delivered
ORD00296,CUST0054,PROD018,Polo Shirt Premium,Clothing,West,2022-04-21,1,64.04,0.0,64.04,22,42.04,Cash,Cancelled
ORD00297,CUST0324,PROD009,USB-C Hub 7-in-1,Electronics,West,2024-07-02,5,57.3,0.0,286.48,100,186.48,Debit Card,Shipped
ORD00298,CUST0293,PROD050,Digital Marketing,Books,South,2024-12-28,1,43.79,20.0,35.03,11,24.03,Bank Transfer,Delivered
ORD00299,CUST0233,PROD069,LED Car Lights Kit,Automotive,Central,2022-07-10,4,32.18,0.0,128.72,56,72.72,Bank Transfer,Delivered
ORD00300,CUST0435,PROD038,Foam Roller,Sports,North,2023-04-04,2,37.53,10.0,67.55,24,43.55,PayPal,Cancelled
ORD00301,CUST0165,PROD005,"4K Monitor 27""",Electronics,East,2024-03-13,2,467.97,15.0,795.54,440,355.54,PayPal,Processing
ORD00302,CUST0333,PROD059,Energy Drink Pack x24,Food & Beverage,East,2023-10-28,4,34.91,0.0,139.65,48,91.65,Bank Transfer,Delivered
ORD00303,CUST0428,PROD044,Marketing Strategy,Books,Central,2024-09-07,4,40.63,0.0,162.51,40,122.51,PayPal,Shipped
ORD00304,CUST0121,PROD010,External SSD 1TB,Electronics,West,2022-09-18,5,137.17,20.0,548.67,325,223.67,Credit Card,Delivered
ORD00305,CUST0343,PROD006,Gaming Mouse,Electronics,West,2022-05-26,3,79.52,5.0,226.62,84,142.62,Cash,Delivered
ORD00306,CUST0433,PROD019,Running Shorts,Clothing,East,2023-05-15,5,39.14,5.0,185.89,75,110.89,Bank Transfer,Delivered
ORD00307,CUST0340,PROD038,Foam Roller,Sports,South,2023-03-03,5,34.52,5.0,163.96,60,103.96,Cash,Processing
ORD00308,CUST0149,PROD019,Running Shorts,Clothing,Central,2023-04-29,2,43.37,0.0,86.73,30,56.73,Cash,Processing
ORD00309,CUST0040,PROD003,Smart Watch Ultra,Electronics,East,2022-08-23,5,355.71,0.0,1778.53,700,1078.53,Cash,Delivered
ORD00310,CUST0242,PROD065,Jump Starter Pack,Automotive,East,2024-06-30,2,85.58,5.0,162.61,76,86.61,Credit Card,Delivered
ORD00311,CUST0444,PROD042,Python Programming,Books,North,2024-02-16,3,54.94,15.0,140.09,45,95.09,Credit Card,Delivered
ORD00312,CUST0309,PROD046,Finance for Managers,Books,Central,2022-10-12,5,51.87,15.0,220.45,65,155.45,Credit Card,Processing
ORD00313,CUST0255,PROD057,Granola Bars x12,Food & Beverage,West,2022-11-02,4,22.14,5.0,84.12,28,56.12,Cash,Delivered
ORD00314,CUST0038,PROD055,Olive Oil Extra Virgin,Food & Beverage,North,2023-02-05,2,29.02,0.0,58.03,18,40.03,PayPal,Delivered
ORD00315,CUST0391,PROD006,Gaming Mouse,Electronics,Central,2023-09-16,4,82.44,0.0,329.76,112,217.76,Credit Card,Delivered
ORD00316,CUST0396,PROD031,Yoga Mat Premium,Sports,Central,2024-11-11,4,48.13,20.0,154.01,72,82.01,PayPal,Delivered
ORD00317,CUST0242,PROD052,Organic Green Tea 100g,Food & Beverage,East,2022-04-19,1,18.73,20.0,14.99,5,9.99,PayPal,Delivered
ORD00318,CUST0122,PROD052,Organic Green Tea 100g,Food & Beverage,Central,2023-08-01,1,17.05,15.0,14.49,5,9.49,Cash,Delivered
ORD00319,CUST0025,PROD020,Knit Sweater,Clothing,South,2023-10-14,4,73.59,5.0,279.64,120,159.64,Cash,Delivered
ORD00320,CUST0375,PROD020,Knit Sweater,Clothing,South,2022-12-22,4,69.59,10.0,250.51,120,130.51,Bank Transfer,Processing
ORD00321,CUST0410,PROD008,Webcam HD 1080p,Electronics,South,2024-01-08,4,64.23,20.0,205.53,100,105.53,Debit Card,Delivered
ORD00322,CUST0410,PROD046,Finance for Managers,Books,South,2022-05-27,1,44.58,5.0,42.35,13,29.35,Bank Transfer,Returned
ORD00323,CUST0148,PROD058,Almond Milk 1L,Food & Beverage,Central,2022-10-06,1,7.42,20.0,5.94,2,3.94,Bank Transfer,Cancelled
ORD00324,CUST0308,PROD054,Mixed Nuts 500g,Food & Beverage,West,2024-05-21,5,22.46,10.0,101.08,40,61.08,Bank Transfer,Delivered
ORD00325,CUST0494,PROD006,Gaming Mouse,Electronics,West,2024-07-10,4,76.71,0.0,306.86,112,194.86,Bank Transfer,Shipped
ORD00326,CUST0113,PROD056,Dark Chocolate Bar 72%,Food & Beverage,Central,2024-10-17,2,12.51,0.0,25.02,8,17.02,Bank Transfer,Cancelled
ORD00327,CUST0305,PROD022,Air Purifier Pro,Home & Garden,North,2024-01-22,1,272.82,10.0,245.53,110,135.53,Bank Transfer,Shipped
ORD00328,CUST0278,PROD037,Jump Rope Speed,Sports,West,2022-08-20,5,18.93,15.0,80.45,35,45.45,Credit Card,Delivered
ORD00329,CUST0239,PROD035,Running Shoes Pro,Sports,North,2024-12-14,3,128.1,0.0,384.29,165,219.29,Cash,Cancelled
ORD00330,CUST0339,PROD051,Premium Coffee Beans 1kg,Food & Beverage,North,2022-07-01,2,31.82,15.0,54.1,20,34.1,Credit Card,Shipped
ORD00331,CUST0487,PROD058,Almond Milk 1L,Food & Beverage,West,2023-10-02,5,7.28,0.0,36.42,10,26.42,Cash,Processing
ORD00332,CUST0312,PROD061,Car Dash Cam 4K,Automotive,South,2024-08-18,4,99.25,5.0,377.15,168,209.15,Cash,Shipped
ORD00333,CUST0252,PROD059,Energy Drink Pack x24,Food & Beverage,Central,2024-05-12,3,38.22,20.0,91.74,36,55.74,PayPal,Delivered
ORD00334,CUST0398,PROD038,Foam Roller,Sports,North,2022-03-14,5,36.75,15.0,156.17,60,96.17,Cash,Delivered
ORD00335,CUST0239,PROD046,Finance for Managers,Books,North,2024-08-27,5,44.82,0.0,224.12,65,159.12,PayPal,Processing
ORD00336,CUST0266,PROD023,Coffee Maker Deluxe,Home & Garden,South,2022-02-25,3,128.61,0.0,385.82,156,229.82,Cash,Delivered
ORD00337,CUST0293,PROD066,Car Vacuum Cleaner,Automotive,South,2023-07-24,3,50.96,0.0,152.87,66,86.87,PayPal,Cancelled
ORD00338,CUST0141,PROD044,Marketing Strategy,Books,East,2022-01-30,1,38.79,10.0,34.91,10,24.91,Debit Card,Shipped
ORD00339,CUST0200,PROD065,Jump Starter Pack,Automotive,East,2024-01-28,2,84.75,15.0,144.08,76,68.08,Debit Card,Delivered
ORD00340,CUST0135,PROD054,Mixed Nuts 500g,Food & Beverage,South,2024-12-16,1,23.25,0.0,23.25,8,15.25,Debit Card,Delivered
ORD00341,CUST0456,PROD012,Denim Jeans Slim,Clothing,Central,2022-11-12,4,82.99,5.0,315.38,112,203.38,Bank Transfer,Delivered
ORD00342,CUST0271,PROD069,LED Car Lights Kit,Automotive,South,2024-06-20,2,32.98,15.0,56.06,28,28.06,PayPal,Delivered
ORD00343,CUST0349,PROD048,SQL Mastery,Books,North,2023-06-26,1,38.24,5.0,36.33,11,25.33,Bank Transfer,Delivered
ORD00344,CUST0359,PROD016,Leather Belt,Clothing,South,2024-09-02,5,42.6,15.0,181.06,90,91.06,Bank Transfer,Delivered
ORD00345,CUST0456,PROD047,Machine Learning A-Z,Books,Central,2022-10-25,5,77.33,0.0,386.66,100,286.66,PayPal,Cancelled
ORD00346,CUST0498,PROD065,Jump Starter Pack,Automotive,South,2024-07-08,4,92.18,10.0,331.84,152,179.84,Credit Card,Delivered
ORD00347,CUST0464,PROD010,External SSD 1TB,Electronics,West,2024-12-24,3,162.59,5.0,463.39,195,268.39,Cash,Cancelled
ORD00348,CUST0026,PROD046,Finance for Managers,Books,South,2023-07-13,3,45.8,20.0,109.91,39,70.91,Credit Card,Delivered
ORD00349,CUST0183,PROD001,Laptop Pro 15,Electronics,North,2024-03-12,4,1265.56,15.0,4302.89,3000,1302.89,Debit Card,Shipped
ORD00350,CUST0093,PROD040,Water Bottle 1L,Sports,South,2023-02-04,5,21.28,15.0,90.46,40,50.46,Debit Card,Delivered
ORD00351,CUST0489,PROD015,Sport T-Shirt,Clothing,West,2022-01-22,1,37.32,0.0,37.32,12,25.32,Bank Transfer,Delivered
ORD00352,CUST0048,PROD044,Marketing Strategy,Books,West,2022-08-01,4,36.87,15.0,125.36,40,85.36,PayPal,Delivered
ORD00353,CUST0058,PROD059,Energy Drink Pack x24,Food & Beverage,North,2022-03-11,1,35.84,0.0,35.84,12,23.84,Cash,Shipped
ORD00354,CUST0276,PROD036,Gym Gloves,Sports,North,2023-03-21,5,25.69,15.0,109.18,45,64.18,Credit Card,Delivered
ORD00355,CUST0162,PROD026,Plant Pot Set x3,Home & Garden,East,2022-09-24,4,40.22,15.0,136.75,56,80.75,Cash,Processing
ORD00356,CUST0107,PROD003,Smart Watch Ultra,Electronics,North,2023-01-14,1,362.66,0.0,362.66,140,222.66,PayPal,Delivered
ORD00357,CUST0469,PROD007,Mechanical Keyboard,Electronics,West,2022-06-05,4,139.91,0.0,559.62,208,351.62,Bank Transfer,Shipped
ORD00358,CUST0361,PROD037,Jump Rope Speed,Sports,North,2023-10-25,3,17.72,0.0,53.15,21,32.15,PayPal,Processing
ORD00359,CUST0274,PROD052,Organic Green Tea 100g,Food & Beverage,Central,2024-02-23,4,17.4,0.0,69.59,20,49.59,PayPal,Returned
ORD00360,CUST0184,PROD033,Dumbbell Set 20kg,Sports,West,2023-06-27,2,87.94,5.0,167.09,84,83.09,Debit Card,Shipped
ORD00361,CUST0090,PROD054,Mixed Nuts 500g,Food & Beverage,North,2023-01-01,4,22.12,10.0,79.63,32,47.63,Bank Transfer,Delivered
ORD00362,CUST0437,PROD070,Car Wax Premium,Automotive,North,2022-08-06,4,29.21,0.0,116.82,40,76.82,Credit Card,Delivered
ORD00363,CUST0325,PROD002,Wireless Headphones,Electronics,Central,2023-05-29,4,179.85,5.0,683.42,320,363.42,Debit Card,Shipped
ORD00364,CUST0188,PROD007,Mechanical Keyboard,Electronics,West,2022-01-02,1,133.25,0.0,133.25,52,81.25,Debit Card,Shipped
ORD00365,CUST0204,PROD011,Classic White Shirt,Clothing,South,2024-03-12,5,44.14,15.0,187.58,75,112.58,Bank Transfer,Delivered
ORD00366,CUST0077,PROD003,Smart Watch Ultra,Electronics,North,2024-04-07,1,351.8,0.0,351.8,140,211.8,Bank Transfer,Returned
ORD00367,CUST0327,PROD053,Protein Powder Vanilla,Food & Beverage,South,2024-09-14,1,55.74,0.0,55.74,20,35.74,PayPal,Shipped
ORD00368,CUST0154,PROD050,Digital Marketing,Books,North,2024-03-31,1,41.06,15.0,34.9,11,23.9,Credit Card,Delivered
ORD00369,CUST0171,PROD035,Running Shoes Pro,Sports,South,2023-11-28,1,137.8,20.0,110.24,55,55.24,PayPal,Shipped
ORD00370,CUST0068,PROD003,Smart Watch Ultra,Electronics,South,2022-12-28,5,316.85,5.0,1505.02,700,805.02,Debit Card,Delivered
ORD00371,CUST0492,PROD054,Mixed Nuts 500g,Food & Beverage,North,2024-03-09,1,24.63,0.0,24.63,8,16.63,Bank Transfer,Delivered
ORD00372,CUST0010,PROD011,Classic White Shirt,Clothing,South,2024-06-15,2,45.47,0.0,90.94,30,60.94,Credit Card,Shipped
ORD00373,CUST0204,PROD070,Car Wax Premium,Automotive,South,2023-05-04,4,27.38,20.0,87.61,40,47.61,Cash,Shipped
ORD00374,CUST0361,PROD002,Wireless Headphones,Electronics,North,2024-10-20,5,217.51,20.0,870.02,400,470.02,Bank Transfer,Returned
ORD00375,CUST0025,PROD049,Entrepreneurship Now,Books,South,2022-02-03,1,34.84,0.0,34.84,9,25.84,Credit Card,Delivered
ORD00376,CUST0417,PROD064,Seat Covers Set,Automotive,North,2023-03-10,5,78.34,15.0,332.95,160,172.95,Cash,Delivered
ORD00377,CUST0276,PROD051,Premium Coffee Beans 1kg,Food & Beverage,North,2023-04-23,1,29.04,0.0,29.04,10,19.04,Bank Transfer,Shipped
ORD00378,CUST0419,PROD034,Cycling Helmet,Sports,East,2024-08-23,5,71.82,15.0,305.25,160,145.25,Debit Card,Delivered
ORD00379,CUST0388,PROD059,Energy Drink Pack x24,Food & Beverage,North,2022-04-13,3,37.25,0.0,111.74,36,75.74,Bank Transfer,Shipped
ORD00380,CUST0161,PROD009,USB-C Hub 7-in-1,Electronics,East,2022-05-11,1,54.45,10.0,49.0,20,29.0,Cash,Delivered
ORD00381,CUST0091,PROD034,Cycling Helmet,Sports,Central,2023-02-20,4,76.43,20.0,244.58,128,116.58,Bank Transfer,Delivered
ORD00382,CUST0443,PROD002,Wireless Headphones,Electronics,Central,2022-10-09,3,212.39,20.0,509.74,240,269.74,Debit Card,Processing
ORD00383,CUST0444,PROD047,Machine Learning A-Z,Books,North,2022-12-22,3,65.71,0.0,197.13,60,137.13,Debit Card,Processing
ORD00384,CUST0038,PROD061,Car Dash Cam 4K,Automotive,North,2022-12-11,3,100.06,5.0,285.16,126,159.16,Debit Card,Cancelled
ORD00385,CUST0080,PROD062,Tire Inflator Auto,Automotive,North,2022-03-25,2,41.4,20.0,66.24,36,30.24,Cash,Delivered
ORD00386,CUST0152,PROD051,Premium Coffee Beans 1kg,Food & Beverage,West,2022-11-20,1,34.43,0.0,34.43,10,24.43,Credit Card,Delivered
ORD00387,CUST0319,PROD037,Jump Rope Speed,Sports,West,2022-07-02,5,20.47,5.0,97.23,35,62.23,Bank Transfer,Shipped
ORD00388,CUST0126,PROD026,Plant Pot Set x3,Home & Garden,North,2023-02-27,2,40.09,10.0,72.16,28,44.16,Bank Transfer,Delivered
ORD00389,CUST0345,PROD030,Garden Hose 50ft,Home & Garden,South,2022-12-24,5,67.49,10.0,303.71,140,163.71,Debit Card,Shipped
ORD00390,CUST0132,PROD040,Water Bottle 1L,Sports,West,2022-06-30,3,21.33,0.0,63.99,24,39.99,Cash,Delivered
ORD00391,CUST0120,PROD032,Resistance Bands Set,Sports,Central,2022-08-29,5,31.77,10.0,142.94,50,92.94,PayPal,Cancelled
ORD00392,CUST0180,PROD001,Laptop Pro 15,Electronics,West,2024-11-05,2,1191.41,15.0,2025.4,1500,525.4,Debit Card,Delivered
ORD00393,CUST0198,PROD057,Granola Bars x12,Food & Beverage,West,2023-02-01,1,23.31,15.0,19.81,7,12.81,Bank Transfer,Delivered
ORD00394,CUST0275,PROD045,Leadership Principles,Books,West,2022-11-24,1,29.15,0.0,29.15,8,21.15,PayPal,Delivered
ORD00395,CUST0216,PROD029,Throw Blanket Soft,Home & Garden,East,2023-05-30,3,56.29,20.0,135.08,60,75.08,Bank Transfer,Delivered
ORD00396,CUST0241,PROD066,Car Vacuum Cleaner,Automotive,East,2022-04-18,5,51.43,20.0,205.74,110,95.74,Credit Card,Delivered
ORD00397,CUST0138,PROD024,Electric Kettle 1.7L,Home & Garden,East,2022-08-26,1,52.87,15.0,44.94,18,26.94,Bank Transfer,Delivered
ORD00398,CUST0442,PROD051,Premium Coffee Beans 1kg,Food & Beverage,North,2023-10-30,4,30.07,15.0,102.24,40,62.24,PayPal,Delivered
ORD00399,CUST0200,PROD005,"4K Monitor 27""",Electronics,East,2022-08-14,3,425.5,0.0,1276.5,660,616.5,Bank Transfer,Cancelled
ORD00400,CUST0258,PROD051,Premium Coffee Beans 1kg,Food & Beverage,East,2024-02-09,2,29.27,10.0,52.69,20,32.69,Bank Transfer,Delivered
ORD00401,CUST0215,PROD031,Yoga Mat Premium,Sports,North,2024-06-11,2,42.45,10.0,76.4,36,40.4,Bank Transfer,Delivered
ORD00402,CUST0439,PROD013,Casual Sneakers,Clothing,East,2024-02-04,2,94.2,0.0,188.39,80,108.39,PayPal,Returned
ORD00403,CUST0470,PROD057,Granola Bars x12,Food & Beverage,Central,2023-02-19,3,20.36,15.0,51.92,21,30.92,Cash,Delivered
ORD00404,CUST0449,PROD001,Laptop Pro 15,Electronics,North,2022-10-07,1,1284.4,5.0,1220.18,750,470.18,Bank Transfer,Delivered
ORD00405,CUST0232,PROD007,Mechanical Keyboard,Electronics,Central,2023-12-05,2,138.97,10.0,250.14,104,146.14,Debit Card,Processing
ORD00406,CUST0073,PROD070,Car Wax Premium,Automotive,South,2022-12-15,5,30.63,20.0,122.53,50,72.53,Debit Card,Delivered
ORD00407,CUST0471,PROD016,Leather Belt,Clothing,Central,2024-12-04,4,48.26,0.0,193.04,72,121.04,Cash,Delivered
ORD00408,CUST0131,PROD013,Casual Sneakers,Clothing,Central,2024-08-05,3,85.78,5.0,244.46,120,124.46,Debit Card,Delivered
ORD00409,CUST0257,PROD064,Seat Covers Set,Automotive,South,2024-06-08,5,74.61,10.0,335.76,160,175.76,Debit Card,Cancelled
ORD00410,CUST0439,PROD036,Gym Gloves,Sports,East,2022-01-11,4,27.4,0.0,109.6,36,73.6,Bank Transfer,Shipped
ORD00411,CUST0046,PROD010,External SSD 1TB,Electronics,East,2024-10-29,1,146.79,5.0,139.45,65,74.45,Bank Transfer,Processing
ORD00412,CUST0136,PROD064,Seat Covers Set,Automotive,East,2022-07-20,4,78.93,0.0,315.7,128,187.7,Cash,Processing
ORD00413,CUST0449,PROD042,Python Programming,Books,North,2024-04-12,2,50.96,0.0,101.92,30,71.92,Debit Card,Shipped
ORD00414,CUST0213,PROD049,Entrepreneurship Now,Books,East,2022-07-05,1,35.85,0.0,35.85,9,26.85,Debit Card,Shipped
ORD00415,CUST0128,PROD043,Data Science Handbook,Books,West,2022-02-19,4,64.53,0.0,258.12,72,186.12,Bank Transfer,Delivered
ORD00416,CUST0346,PROD016,Leather Belt,Clothing,South,2024-01-29,4,46.84,0.0,187.34,72,115.34,Credit Card,Delivered
ORD00417,CUST0460,PROD003,Smart Watch Ultra,Electronics,Central,2023-11-13,5,316.38,5.0,1502.82,700,802.82,PayPal,Shipped
ORD00418,CUST0376,PROD027,LED Desk Lamp,Home & Garden,North,2023-03-01,1,46.08,0.0,46.08,18,28.08,Credit Card,Delivered
ORD00419,CUST0240,PROD053,Protein Powder Vanilla,Food & Beverage,Central,2024-01-16,1,50.72,0.0,50.72,20,30.72,Bank Transfer,Shipped
ORD00420,CUST0111,PROD062,Tire Inflator Auto,Automotive,East,2024-01-19,3,42.08,10.0,113.61,54,59.61,Credit Card,Delivered
ORD00421,CUST0497,PROD005,"4K Monitor 27""",Electronics,North,2023-02-24,2,493.31,0.0,986.63,440,546.63,Cash,Delivered
ORD00422,CUST0293,PROD034,Cycling Helmet,Sports,South,2024-09-06,5,84.86,15.0,360.67,160,200.67,Debit Card,Processing
ORD00423,CUST0084,PROD044,Marketing Strategy,Books,South,2023-04-07,3,36.88,0.0,110.64,30,80.64,Cash,Shipped
ORD00424,CUST0312,PROD008,Webcam HD 1080p,Electronics,South,2023-07-22,1,62.97,0.0,62.97,25,37.97,Bank Transfer,Delivered
ORD00425,CUST0105,PROD022,Air Purifier Pro,Home & Garden,Central,2024-12-14,1,247.51,10.0,222.76,110,112.76,Cash,Cancelled
ORD00426,CUST0008,PROD039,Pull-Up Bar,Sports,East,2024-07-14,5,53.55,15.0,227.59,110,117.59,Credit Card,Delivered
ORD00427,CUST0375,PROD006,Gaming Mouse,Electronics,South,2024-07-26,1,72.37,0.0,72.37,28,44.37,PayPal,Returned
ORD00428,CUST0266,PROD049,Entrepreneurship Now,Books,South,2022-06-07,1,33.59,0.0,33.59,9,24.59,Debit Card,Delivered
ORD00429,CUST0009,PROD017,Formal Trousers,Clothing,South,2023-02-23,5,97.05,0.0,485.24,175,310.24,PayPal,Delivered
ORD00430,CUST0397,PROD011,Classic White Shirt,Clothing,South,2022-09-28,4,47.5,5.0,180.49,60,120.49,Credit Card,Delivered
ORD00431,CUST0368,PROD047,Machine Learning A-Z,Books,West,2022-05-09,1,77.35,0.0,77.35,20,57.35,Cash,Shipped
ORD00432,CUST0067,PROD011,Classic White Shirt,Clothing,West,2024-04-23,5,47.46,15.0,201.7,75,126.7,PayPal,Delivered
ORD00433,CUST0230,PROD053,Protein Powder Vanilla,Food & Beverage,West,2024-12-21,5,54.4,0.0,271.99,100,171.99,Cash,Delivered
ORD00434,CUST0179,PROD004,Bluetooth Speaker,Electronics,South,2023-09-20,2,94.15,0.0,188.3,70,118.3,Bank Transfer,Delivered
ORD00435,CUST0286,PROD004,Bluetooth Speaker,Electronics,North,2023-08-14,1,82.74,0.0,82.74,35,47.74,Bank Transfer,Returned
ORD00436,CUST0044,PROD061,Car Dash Cam 4K,Automotive,East,2022-11-26,5,94.75,0.0,473.74,210,263.74,Debit Card,Delivered
ORD00437,CUST0352,PROD030,Garden Hose 50ft,Home & Garden,South,2022-08-28,1,71.42,10.0,64.28,28,36.28,Debit Card,Delivered
ORD00438,CUST0472,PROD039,Pull-Up Bar,Sports,East,2024-01-28,2,51.76,15.0,87.99,44,43.99,Credit Card,Shipped
ORD00439,CUST0012,PROD021,Robot Vacuum Cleaner,Home & Garden,Central,2023-12-06,2,291.4,10.0,524.52,280,244.52,Debit Card,Delivered
ORD00440,CUST0395,PROD060,Collagen Powder 300g,Food & Beverage,East,2022-09-06,1,44.14,5.0,41.93,16,25.93,Debit Card,Cancelled
ORD00441,CUST0152,PROD026,Plant Pot Set x3,Home & Garden,West,2023-10-18,2,35.13,15.0,59.73,28,31.73,Cash,Returned
ORD00442,CUST0292,PROD053,Protein Powder Vanilla,Food & Beverage,South,2023-11-10,3,54.71,0.0,164.14,60,104.14,Cash,Shipped
ORD00443,CUST0061,PROD020,Knit Sweater,Clothing,North,2024-06-24,3,77.84,15.0,198.48,90,108.48,Bank Transfer,Cancelled
ORD00444,CUST0128,PROD046,Finance for Managers,Books,West,2022-10-13,5,44.32,0.0,221.61,65,156.61,Bank Transfer,Shipped
ORD00445,CUST0090,PROD042,Python Programming,Books,North,2023-03-28,4,53.43,0.0,213.73,60,153.73,Credit Card,Shipped
ORD00446,CUST0171,PROD068,Car Air Freshener x5,Automotive,South,2023-02-04,5,15.08,20.0,60.32,25,35.32,PayPal,Delivered
ORD00447,CUST0022,PROD043,Data Science Handbook,Books,East,2022-06-21,5,69.54,15.0,295.56,90,205.56,Credit Card,Returned
ORD00448,CUST0397,PROD005,"4K Monitor 27""",Electronics,South,2024-03-18,2,449.14,10.0,808.46,440,368.46,Cash,Delivered
ORD00449,CUST0475,PROD049,Entrepreneurship Now,Books,East,2022-04-25,3,35.26,15.0,89.92,27,62.92,Bank Transfer,Delivered
ORD00450,CUST0147,PROD052,Organic Green Tea 100g,Food & Beverage,North,2024-02-03,1,17.22,0.0,17.22,5,12.22,PayPal,Returned
ORD00451,CUST0026,PROD021,Robot Vacuum Cleaner,Home & Garden,South,2022-06-29,2,312.63,5.0,593.99,280,313.99,Bank Transfer,Processing
ORD00452,CUST0428,PROD001,Laptop Pro 15,Electronics,Central,2023-08-15,2,1273.36,5.0,2419.39,1500,919.39,Bank Transfer,Delivered
ORD00453,CUST0464,PROD058,Almond Milk 1L,Food & Beverage,West,2022-06-26,2,7.53,5.0,14.31,4,10.31,Cash,Returned
ORD00454,CUST0498,PROD029,Throw Blanket Soft,Home & Garden,South,2022-05-16,5,57.82,0.0,289.09,100,189.09,Credit Card,Delivered
ORD00455,CUST0117,PROD004,Bluetooth Speaker,Electronics,South,2023-07-14,4,83.21,5.0,316.21,140,176.21,Cash,Processing
ORD00456,CUST0244,PROD011,Classic White Shirt,Clothing,Central,2022-10-08,2,45.92,5.0,87.25,30,57.25,PayPal,Delivered
ORD00457,CUST0096,PROD062,Tire Inflator Auto,Automotive,West,2022-03-28,3,48.01,0.0,144.03,54,90.03,Bank Transfer,Delivered
ORD00458,CUST0377,PROD045,Leadership Principles,Books,North,2024-08-07,2,28.97,0.0,57.94,16,41.94,Debit Card,Delivered
ORD00459,CUST0278,PROD033,Dumbbell Set 20kg,Sports,West,2024-08-25,1,91.74,0.0,91.74,42,49.74,Bank Transfer,Delivered
ORD00460,CUST0250,PROD030,Garden Hose 50ft,Home & Garden,North,2023-05-17,1,60.05,0.0,60.05,28,32.05,Bank Transfer,Returned
ORD00461,CUST0091,PROD070,Car Wax Premium,Automotive,Central,2022-05-17,5,29.38,10.0,132.19,50,82.19,Bank Transfer,Delivered
ORD00462,CUST0423,PROD002,Wireless Headphones,Electronics,North,2023-06-13,4,217.88,20.0,697.2,320,377.2,Credit Card,Delivered
ORD00463,CUST0022,PROD045,Leadership Principles,Books,East,2022-02-05,3,29.84,0.0,89.53,24,65.53,Debit Card,Delivered
ORD00464,CUST0362,PROD019,Running Shorts,Clothing,West,2022-10-05,3,39.17,0.0,117.52,45,72.52,PayPal,Delivered
ORD00465,CUST0121,PROD049,Entrepreneurship Now,Books,West,2023-12-31,1,34.49,10.0,31.04,9,22.04,Credit Card,Delivered
ORD00466,CUST0006,PROD028,Storage Ottoman,Home & Garden,West,2023-01-11,1,76.48,0.0,76.48,32,44.48,Cash,Delivered
ORD00467,CUST0365,PROD032,Resistance Bands Set,Sports,North,2023-10-10,3,27.67,15.0,70.57,30,40.57,PayPal,Delivered
ORD00468,CUST0430,PROD029,Throw Blanket Soft,Home & Garden,North,2023-12-22,2,49.64,10.0,89.36,40,49.36,PayPal,Delivered
ORD00469,CUST0261,PROD028,Storage Ottoman,Home & Garden,Central,2024-09-20,4,72.6,0.0,290.42,128,162.42,Credit Card,Delivered
ORD00470,CUST0219,PROD021,Robot Vacuum Cleaner,Home & Garden,West,2024-10-27,2,318.83,20.0,510.12,280,230.12,Cash,Shipped
ORD00471,CUST0224,PROD030,Garden Hose 50ft,Home & Garden,South,2024-12-12,5,67.76,15.0,287.99,140,147.99,Credit Card,Delivered
ORD00472,CUST0471,PROD041,Business Analytics Guide,Books,Central,2022-06-06,1,47.87,0.0,47.87,12,35.87,Bank Transfer,Delivered
ORD00473,CUST0208,PROD065,Jump Starter Pack,Automotive,West,2024-01-13,2,94.64,10.0,170.36,76,94.36,Cash,Processing
ORD00474,CUST0040,PROD034,Cycling Helmet,Sports,East,2023-12-02,2,82.32,0.0,164.63,64,100.63,Credit Card,Delivered
ORD00475,CUST0124,PROD003,Smart Watch Ultra,Electronics,Central,2022-10-19,2,335.56,0.0,671.12,280,391.12,Debit Card,Returned
ORD00476,CUST0031,PROD040,Water Bottle 1L,Sports,North,2024-05-20,1,20.14,20.0,16.11,8,8.11,Bank Transfer,Processing
ORD00477,CUST0493,PROD013,Casual Sneakers,Clothing,North,2022-03-29,2,87.55,20.0,140.08,80,60.08,Cash,Delivered
ORD00478,CUST0479,PROD066,Car Vacuum Cleaner,Automotive,North,2024-08-18,1,59.49,0.0,59.49,22,37.49,Credit Card,Delivered
ORD00479,CUST0307,PROD059,Energy Drink Pack x24,Food & Beverage,West,2022-01-22,1,36.98,10.0,33.28,12,21.28,Debit Card,Delivered
ORD00480,CUST0279,PROD047,Machine Learning A-Z,Books,West,2023-02-14,2,74.46,0.0,148.91,40,108.91,Credit Card,Delivered
ORD00481,CUST0102,PROD038,Foam Roller,Sports,West,2023-07-23,5,33.93,0.0,169.67,60,109.67,Cash,Processing
ORD00482,CUST0168,PROD007,Mechanical Keyboard,Electronics,North,2023-05-11,5,130.81,0.0,654.06,260,394.06,Cash,Processing
ORD00483,CUST0273,PROD068,Car Air Freshener x5,Automotive,South,2024-12-19,2,15.65,0.0,31.29,10,21.29,Debit Card,Cancelled
ORD00484,CUST0171,PROD051,Premium Coffee Beans 1kg,Food & Beverage,South,2022-01-09,1,34.72,10.0,31.24,10,21.24,Bank Transfer,Delivered
ORD00485,CUST0182,PROD062,Tire Inflator Auto,Automotive,East,2023-01-15,4,46.56,0.0,186.25,72,114.25,Debit Card,Processing
ORD00486,CUST0190,PROD009,USB-C Hub 7-in-1,Electronics,Central,2024-02-17,4,55.63,0.0,222.51,80,142.51,Bank Transfer,Delivered
ORD00487,CUST0245,PROD026,Plant Pot Set x3,Home & Garden,East,2023-10-06,1,38.73,10.0,34.86,14,20.86,Debit Card,Delivered
ORD00488,CUST0119,PROD058,Almond Milk 1L,Food & Beverage,East,2024-01-10,3,8.09,0.0,24.27,6,18.27,Credit Card,Delivered
ORD00489,CUST0130,PROD057,Granola Bars x12,Food & Beverage,East,2022-08-25,4,21.05,10.0,75.77,28,47.77,PayPal,Shipped
ORD00490,CUST0463,PROD048,SQL Mastery,Books,Central,2024-06-28,2,42.45,0.0,84.91,22,62.91,Bank Transfer,Delivered
ORD00491,CUST0488,PROD031,Yoga Mat Premium,Sports,East,2022-05-23,4,48.95,0.0,195.81,72,123.81,Debit Card,Delivered
ORD00492,CUST0372,PROD035,Running Shoes Pro,Sports,East,2024-10-03,1,126.33,10.0,113.69,55,58.69,Credit Card,Delivered
ORD00493,CUST0161,PROD060,Collagen Powder 300g,Food & Beverage,East,2024-03-19,4,46.76,0.0,187.02,64,123.02,Debit Card,Delivered
ORD00494,CUST0405,PROD012,Denim Jeans Slim,Clothing,North,2023-02-12,3,74.26,20.0,178.23,84,94.23,Bank Transfer,Delivered
ORD00495,CUST0462,PROD053,Protein Powder Vanilla,Food & Beverage,North,2024-05-19,4,52.56,15.0,178.72,80,98.72,Cash,Delivered
ORD00496,CUST0301,PROD025,Blender Pro 1000W,Home & Garden,North,2024-03-30,3,88.57,10.0,239.14,105,134.14,Bank Transfer,Returned
ORD00497,CUST0372,PROD028,Storage Ottoman,Home & Garden,East,2024-11-13,3,69.71,5.0,198.68,96,102.68,Credit Card,Delivered
ORD00498,CUST0184,PROD064,Seat Covers Set,Automotive,West,2024-09-29,4,74.75,0.0,298.99,128,170.99,Credit Card,Delivered
ORD00499,CUST0122,PROD036,Gym Gloves,Sports,Central,2022-04-19,1,24.99,0.0,24.99,9,15.99,Debit Card,Delivered
ORD00500,CUST0125,PROD058,Almond Milk 1L,Food & Beverage,West,2023-11-01,2,7.68,10.0,13.83,4,9.83,Credit Card,Processing
ORD00501,CUST0292,PROD035,Running Shoes Pro,Sports,South,2024-11-30,4,136.55,0.0,546.21,220,326.21,PayPal,Shipped
ORD00502,CUST0055,PROD039,Pull-Up Bar,Sports,South,2024-10-01,5,52.38,0.0,261.89,110,151.89,Cash,Delivered
ORD00503,CUST0427,PROD067,Steering Wheel Cover,Automotive,South,2022-03-06,4,31.2,0.0,124.82,44,80.82,Bank Transfer,Delivered
ORD00504,CUST0486,PROD012,Denim Jeans Slim,Clothing,Central,2024-02-10,4,78.36,0.0,313.45,112,201.45,Debit Card,Delivered
ORD00505,CUST0298,PROD029,Throw Blanket Soft,Home & Garden,South,2023-09-13,2,54.91,0.0,109.81,40,69.81,PayPal,Shipped
ORD00506,CUST0054,PROD021,Robot Vacuum Cleaner,Home & Garden,West,2024-09-25,1,303.12,5.0,287.96,140,147.96,Cash,Shipped
ORD00507,CUST0247,PROD066,Car Vacuum Cleaner,Automotive,North,2024-08-20,4,55.68,0.0,222.74,88,134.74,Cash,Delivered
ORD00508,CUST0364,PROD012,Denim Jeans Slim,Clothing,North,2023-06-24,4,80.44,5.0,305.67,112,193.67,Cash,Shipped
ORD00509,CUST0234,PROD040,Water Bottle 1L,Sports,North,2023-08-06,3,20.07,10.0,54.19,24,30.19,Credit Card,Delivered
ORD00510,CUST0116,PROD026,Plant Pot Set x3,Home & Garden,West,2024-01-21,3,41.41,10.0,111.82,42,69.82,Credit Card,Processing
ORD00511,CUST0431,PROD057,Granola Bars x12,Food & Beverage,South,2023-11-30,4,20.23,0.0,80.91,28,52.91,PayPal,Delivered
ORD00512,CUST0333,PROD040,Water Bottle 1L,Sports,East,2022-04-26,2,20.89,15.0,35.51,16,19.51,PayPal,Delivered
ORD00513,CUST0310,PROD040,Water Bottle 1L,Sports,Central,2022-05-15,3,20.3,0.0,60.91,24,36.91,Credit Card,Delivered
ORD00514,CUST0243,PROD049,Entrepreneurship Now,Books,West,2022-03-18,4,37.14,5.0,141.12,36,105.12,Cash,Delivered
ORD00515,CUST0333,PROD067,Steering Wheel Cover,Automotive,East,2024-05-12,3,26.22,5.0,74.72,33,41.72,Cash,Delivered
ORD00516,CUST0266,PROD035,Running Shoes Pro,Sports,South,2023-10-11,4,130.82,0.0,523.26,220,303.26,Cash,Delivered
ORD00517,CUST0257,PROD004,Bluetooth Speaker,Electronics,South,2024-09-27,1,92.4,0.0,92.4,35,57.4,PayPal,Delivered
ORD00518,CUST0410,PROD031,Yoga Mat Premium,Sports,South,2023-11-27,2,46.03,0.0,92.07,36,56.07,Bank Transfer,Delivered
ORD00519,CUST0195,PROD015,Sport T-Shirt,Clothing,South,2022-06-04,5,33.0,0.0,164.99,60,104.99,Credit Card,Delivered
ORD00520,CUST0313,PROD015,Sport T-Shirt,Clothing,North,2024-04-03,2,35.87,0.0,71.74,24,47.74,Cash,Delivered
ORD00521,CUST0032,PROD049,Entrepreneurship Now,Books,Central,2023-11-21,3,32.88,20.0,78.92,27,51.92,Cash,Delivered
ORD00522,CUST0198,PROD014,Wool Winter Coat,Clothing,West,2023-03-06,3,200.18,15.0,510.45,225,285.45,PayPal,Delivered
ORD00523,CUST0410,PROD005,"4K Monitor 27""",Electronics,South,2023-09-07,4,464.71,0.0,1858.84,880,978.84,Debit Card,Delivered
ORD00524,CUST0247,PROD054,Mixed Nuts 500g,Food & Beverage,North,2023-05-30,5,24.07,15.0,102.31,40,62.31,Cash,Delivered
ORD00525,CUST0217,PROD014,Wool Winter Coat,Clothing,North,2022-02-08,5,202.71,10.0,912.2,375,537.2,Bank Transfer,Delivered
ORD00526,CUST0057,PROD048,SQL Mastery,Books,South,2024-08-15,3,45.67,10.0,123.31,33,90.31,Cash,Cancelled
ORD00527,CUST0215,PROD024,Electric Kettle 1.7L,Home & Garden,North,2024-06-07,5,51.22,0.0,256.1,90,166.1,Cash,Delivered
ORD00528,CUST0199,PROD009,USB-C Hub 7-in-1,Electronics,East,2024-08-05,2,55.94,15.0,95.09,40,55.09,PayPal,Processing
ORD00529,CUST0074,PROD015,Sport T-Shirt,Clothing,North,2024-04-20,3,37.52,0.0,112.56,36,76.56,Debit Card,Processing
ORD00530,CUST0069,PROD010,External SSD 1TB,Electronics,Central,2023-07-01,3,153.35,0.0,460.06,195,265.06,Cash,Delivered
ORD00531,CUST0297,PROD011,Classic White Shirt,Clothing,East,2023-05-04,1,45.57,0.0,45.57,15,30.57,Debit Card,Processing
ORD00532,CUST0294,PROD030,Garden Hose 50ft,Home & Garden,South,2023-09-28,4,64.81,5.0,246.28,112,134.28,Bank Transfer,Shipped
ORD00533,CUST0102,PROD041,Business Analytics Guide,Books,West,2022-03-17,2,41.93,0.0,83.87,24,59.87,Credit Card,Delivered
ORD00534,CUST0158,PROD014,Wool Winter Coat,Clothing,East,2023-07-23,5,176.75,20.0,707.01,375,332.01,Credit Card,Returned
ORD00535,CUST0384,PROD014,Wool Winter Coat,Clothing,Central,2024-09-22,1,172.19,0.0,172.19,75,97.19,PayPal,Shipped
ORD00536,CUST0487,PROD037,Jump Rope Speed,Sports,West,2022-05-11,4,20.51,15.0,69.73,28,41.73,Credit Card,Delivered
ORD00537,CUST0023,PROD057,Granola Bars x12,Food & Beverage,Central,2022-10-15,2,20.29,15.0,34.5,14,20.5,Cash,Cancelled
ORD00538,CUST0033,PROD043,Data Science Handbook,Books,Central,2024-12-04,5,70.85,10.0,318.81,90,228.81,PayPal,Delivered
ORD00539,CUST0074,PROD049,Entrepreneurship Now,Books,North,2022-07-04,2,36.72,20.0,58.75,18,40.75,PayPal,Delivered
ORD00540,CUST0423,PROD030,Garden Hose 50ft,Home & Garden,North,2024-03-09,2,70.66,0.0,141.32,56,85.32,Debit Card,Delivered
ORD00541,CUST0321,PROD039,Pull-Up Bar,Sports,South,2023-03-15,3,54.33,0.0,163.0,66,97.0,Cash,Delivered
ORD00542,CUST0122,PROD070,Car Wax Premium,Automotive,Central,2024-12-28,3,29.12,0.0,87.35,30,57.35,PayPal,Delivered
ORD00543,CUST0037,PROD012,Denim Jeans Slim,Clothing,South,2024-08-30,2,86.32,20.0,138.11,56,82.11,Debit Card,Delivered
ORD00544,CUST0346,PROD017,Formal Trousers,Clothing,South,2024-01-24,3,80.48,10.0,217.28,105,112.28,Credit Card,Processing
ORD00545,CUST0272,PROD042,Python Programming,Books,Central,2022-04-22,2,52.28,5.0,99.34,30,69.34,PayPal,Shipped
ORD00546,CUST0343,PROD044,Marketing Strategy,Books,West,2024-01-14,1,38.27,0.0,38.27,10,28.27,Bank Transfer,Delivered
ORD00547,CUST0261,PROD037,Jump Rope Speed,Sports,Central,2024-03-15,3,18.24,20.0,43.78,21,22.78,Debit Card,Delivered
ORD00548,CUST0092,PROD061,Car Dash Cam 4K,Automotive,East,2022-11-25,4,101.6,20.0,325.12,168,157.12,Bank Transfer,Processing
ORD00549,CUST0214,PROD063,Car Phone Mount,Automotive,South,2023-07-16,1,26.62,5.0,25.29,9,16.29,Bank Transfer,Shipped
ORD00550,CUST0024,PROD070,Car Wax Premium,Automotive,North,2023-11-13,4,30.11,20.0,96.35,40,56.35,Credit Card,Processing
ORD00551,CUST0131,PROD021,Robot Vacuum Cleaner,Home & Garden,Central,2023-06-19,5,273.07,5.0,1297.08,700,597.08,Cash,Shipped
ORD00552,CUST0394,PROD005,"4K Monitor 27""",Electronics,South,2023-11-01,4,467.57,20.0,1496.22,880,616.22,Credit Card,Shipped
ORD00553,CUST0053,PROD016,Leather Belt,Clothing,North,2023-01-12,4,47.62,0.0,190.48,72,118.48,Credit Card,Delivered
ORD00554,CUST0376,PROD010,External SSD 1TB,Electronics,North,2023-09-18,3,151.26,0.0,453.78,195,258.78,Debit Card,Delivered
ORD00555,CUST0369,PROD009,USB-C Hub 7-in-1,Electronics,East,2022-09-24,5,61.19,20.0,244.77,100,144.77,PayPal,Delivered
ORD00556,CUST0332,PROD018,Polo Shirt Premium,Clothing,West,2022-10-01,3,60.76,10.0,164.04,66,98.04,PayPal,Processing
ORD00557,CUST0131,PROD003,Smart Watch Ultra,Electronics,Central,2023-02-11,1,343.03,0.0,343.03,140,203.03,Bank Transfer,Cancelled
ORD00558,CUST0395,PROD067,Steering Wheel Cover,Automotive,East,2023-04-05,1,31.6,10.0,28.44,11,17.44,Cash,Shipped
ORD00559,CUST0116,PROD007,Mechanical Keyboard,Electronics,West,2022-07-02,4,121.22,15.0,412.13,208,204.13,Debit Card,Delivered
ORD00560,CUST0180,PROD055,Olive Oil Extra Virgin,Food & Beverage,West,2024-05-28,5,26.66,0.0,133.28,45,88.28,PayPal,Delivered
ORD00561,CUST0399,PROD006,Gaming Mouse,Electronics,West,2022-08-29,1,82.45,5.0,78.33,28,50.33,Bank Transfer,Processing
ORD00562,CUST0375,PROD063,Car Phone Mount,Automotive,South,2024-10-09,1,23.62,0.0,23.62,9,14.62,Debit Card,Cancelled
ORD00563,CUST0205,PROD025,Blender Pro 1000W,Home & Garden,Central,2023-06-30,3,93.39,5.0,266.15,105,161.15,Debit Card,Delivered
ORD00564,CUST0147,PROD001,Laptop Pro 15,Electronics,North,2023-02-28,5,1131.74,20.0,4526.94,3750,776.94,PayPal,Shipped
ORD00565,CUST0381,PROD034,Cycling Helmet,Sports,North,2023-01-23,4,73.95,20.0,236.64,128,108.64,Debit Card,Delivered
ORD00566,CUST0448,PROD057,Granola Bars x12,Food & Beverage,East,2023-06-21,2,22.52,0.0,45.04,14,31.04,PayPal,Delivered
ORD00567,CUST0054,PROD030,Garden Hose 50ft,Home & Garden,West,2024-07-27,1,58.63,0.0,58.63,28,30.63,PayPal,Returned
ORD00568,CUST0443,PROD036,Gym Gloves,Sports,Central,2024-03-25,2,26.07,15.0,44.31,18,26.31,Bank Transfer,Shipped
ORD00569,CUST0494,PROD034,Cycling Helmet,Sports,West,2023-06-09,1,72.61,0.0,72.61,32,40.61,Credit Card,Delivered
ORD00570,CUST0192,PROD043,Data Science Handbook,Books,South,2023-04-26,4,70.31,10.0,253.11,72,181.11,Cash,Shipped
ORD00571,CUST0100,PROD020,Knit Sweater,Clothing,Central,2022-04-04,1,71.3,10.0,64.17,30,34.17,Bank Transfer,Delivered
ORD00572,CUST0068,PROD027,LED Desk Lamp,Home & Garden,South,2024-03-19,3,41.69,10.0,112.56,54,58.56,Credit Card,Delivered
ORD00573,CUST0205,PROD061,Car Dash Cam 4K,Automotive,Central,2023-06-18,2,99.07,0.0,198.15,84,114.15,Bank Transfer,Delivered
ORD00574,CUST0127,PROD037,Jump Rope Speed,Sports,North,2023-10-12,5,18.75,0.0,93.73,35,58.73,Credit Card,Delivered
ORD00575,CUST0477,PROD058,Almond Milk 1L,Food & Beverage,North,2022-09-19,4,8.59,20.0,27.5,8,19.5,PayPal,Shipped
ORD00576,CUST0332,PROD007,Mechanical Keyboard,Electronics,West,2024-05-30,3,139.39,0.0,418.18,156,262.18,Cash,Processing
ORD00577,CUST0098,PROD057,Granola Bars x12,Food & Beverage,North,2023-06-25,5,21.18,0.0,105.89,35,70.89,PayPal,Shipped
ORD00578,CUST0315,PROD036,Gym Gloves,Sports,South,2024-10-03,2,25.28,15.0,42.97,18,24.97,Bank Transfer,Delivered
ORD00579,CUST0244,PROD040,Water Bottle 1L,Sports,Central,2022-11-01,1,20.81,0.0,20.81,8,12.81,Bank Transfer,Delivered
ORD00580,CUST0208,PROD021,Robot Vacuum Cleaner,Home & Garden,West,2024-08-14,4,276.04,5.0,1048.95,560,488.95,Credit Card,Delivered
ORD00581,CUST0368,PROD037,Jump Rope Speed,Sports,West,2024-09-20,4,18.97,20.0,60.71,28,32.71,Debit Card,Delivered
ORD00582,CUST0332,PROD007,Mechanical Keyboard,Electronics,West,2022-07-11,2,138.5,0.0,277.0,104,173.0,Debit Card,Shipped
ORD00583,CUST0151,PROD027,LED Desk Lamp,Home & Garden,North,2023-07-13,5,48.52,10.0,218.33,90,128.33,Debit Card,Delivered
ORD00584,CUST0065,PROD011,Classic White Shirt,Clothing,Central,2022-01-09,5,51.62,0.0,258.08,75,183.08,Bank Transfer,Cancelled
ORD00585,CUST0468,PROD051,Premium Coffee Beans 1kg,Food & Beverage,West,2023-05-20,4,33.13,0.0,132.53,40,92.53,Credit Card,Delivered
ORD00586,CUST0474,PROD033,Dumbbell Set 20kg,Sports,Central,2022-09-07,4,86.75,0.0,347.0,168,179.0,PayPal,Delivered
ORD00587,CUST0285,PROD044,Marketing Strategy,Books,West,2022-06-16,4,40.51,15.0,137.75,40,97.75,Bank Transfer,Delivered
ORD00588,CUST0448,PROD042,Python Programming,Books,East,2023-07-06,5,56.74,0.0,283.69,75,208.69,Credit Card,Shipped
ORD00589,CUST0225,PROD068,Car Air Freshener x5,Automotive,East,2024-07-16,3,16.34,15.0,41.67,15,26.67,Cash,Delivered
ORD00590,CUST0260,PROD002,Wireless Headphones,Electronics,West,2022-04-10,3,191.96,0.0,575.89,240,335.89,Credit Card,Delivered
ORD00591,CUST0438,PROD052,Organic Green Tea 100g,Food & Beverage,North,2024-02-21,1,17.64,0.0,17.64,5,12.64,Debit Card,Returned
ORD00592,CUST0414,PROD036,Gym Gloves,Sports,North,2024-03-27,1,22.6,0.0,22.6,9,13.6,Debit Card,Delivered
ORD00593,CUST0188,PROD020,Knit Sweater,Clothing,West,2024-04-04,3,77.21,15.0,196.88,90,106.88,Debit Card,Delivered
ORD00594,CUST0307,PROD017,Formal Trousers,Clothing,West,2024-10-02,4,93.2,0.0,372.8,140,232.8,Cash,Delivered
ORD00595,CUST0188,PROD058,Almond Milk 1L,Food & Beverage,West,2022-07-16,3,8.02,5.0,22.86,6,16.86,Bank Transfer,Cancelled
ORD00596,CUST0085,PROD008,Webcam HD 1080p,Electronics,West,2024-09-02,3,69.87,5.0,199.13,75,124.13,Credit Card,Processing
ORD00597,CUST0005,PROD033,Dumbbell Set 20kg,Sports,North,2024-01-25,5,83.42,15.0,354.52,210,144.52,Bank Transfer,Delivered
ORD00598,CUST0184,PROD007,Mechanical Keyboard,Electronics,West,2024-11-17,3,141.21,15.0,360.09,156,204.09,Debit Card,Shipped
ORD00599,CUST0101,PROD040,Water Bottle 1L,Sports,South,2022-11-14,4,22.12,15.0,75.21,32,43.21,Cash,Delivered
ORD00600,CUST0421,PROD003,Smart Watch Ultra,Electronics,West,2024-08-16,4,319.63,20.0,1022.81,560,462.81,Bank Transfer,Delivered
ORD00601,CUST0353,PROD054,Mixed Nuts 500g,Food & Beverage,West,2022-09-19,3,25.64,10.0,69.23,24,45.23,Bank Transfer,Delivered
ORD00602,CUST0165,PROD013,Casual Sneakers,Clothing,East,2022-04-08,5,86.95,0.0,434.77,200,234.77,Cash,Delivered
ORD00603,CUST0439,PROD064,Seat Covers Set,Automotive,East,2024-05-20,4,72.59,15.0,246.82,128,118.82,Cash,Processing
ORD00604,CUST0082,PROD064,Seat Covers Set,Automotive,Central,2023-12-29,3,80.35,20.0,192.84,96,96.84,Cash,Delivered
ORD00605,CUST0309,PROD013,Casual Sneakers,Clothing,Central,2024-08-05,2,100.44,20.0,160.7,80,80.7,Bank Transfer,Delivered
ORD00606,CUST0302,PROD060,Collagen Powder 300g,Food & Beverage,West,2024-05-02,3,43.33,15.0,110.48,48,62.48,Bank Transfer,Processing
ORD00607,CUST0384,PROD010,External SSD 1TB,Electronics,Central,2024-07-10,5,158.17,0.0,790.87,325,465.87,Debit Card,Delivered
ORD00608,CUST0140,PROD054,Mixed Nuts 500g,Food & Beverage,North,2022-06-10,5,22.84,15.0,97.09,40,57.09,Credit Card,Delivered
ORD00609,CUST0014,PROD033,Dumbbell Set 20kg,Sports,North,2022-02-06,1,87.13,0.0,87.13,42,45.13,Debit Card,Shipped
ORD00610,CUST0208,PROD059,Energy Drink Pack x24,Food & Beverage,West,2024-07-31,4,37.58,15.0,127.78,48,79.78,Cash,Shipped
ORD00611,CUST0092,PROD017,Formal Trousers,Clothing,East,2023-09-13,5,94.57,10.0,425.58,175,250.58,PayPal,Shipped
ORD00612,CUST0227,PROD025,Blender Pro 1000W,Home & Garden,South,2024-03-19,3,81.66,0.0,244.98,105,139.98,Credit Card,Delivered
ORD00613,CUST0495,PROD025,Blender Pro 1000W,Home & Garden,West,2022-02-02,2,95.39,0.0,190.78,70,120.78,Bank Transfer,Shipped
ORD00614,CUST0026,PROD064,Seat Covers Set,Automotive,South,2023-05-11,4,84.41,20.0,270.1,128,142.1,Cash,Delivered
ORD00615,CUST0215,PROD035,Running Shoes Pro,Sports,North,2023-09-09,4,119.92,5.0,455.71,220,235.71,Credit Card,Delivered
ORD00616,CUST0425,PROD045,Leadership Principles,Books,South,2022-11-09,4,34.97,5.0,132.88,32,100.88,Credit Card,Cancelled
ORD00617,CUST0302,PROD065,Jump Starter Pack,Automotive,West,2023-05-12,2,85.35,20.0,136.56,76,60.56,Bank Transfer,Delivered
ORD00618,CUST0400,PROD058,Almond Milk 1L,Food & Beverage,West,2022-01-17,1,8.21,15.0,6.98,2,4.98,Bank Transfer,Returned
ORD00619,CUST0481,PROD049,Entrepreneurship Now,Books,South,2024-10-12,5,36.69,10.0,165.11,45,120.11,PayPal,Delivered
ORD00620,CUST0320,PROD033,Dumbbell Set 20kg,Sports,North,2024-03-29,4,89.24,15.0,303.41,168,135.41,Cash,Cancelled
ORD00621,CUST0138,PROD057,Granola Bars x12,Food & Beverage,East,2024-09-26,2,22.94,10.0,41.3,14,27.3,Credit Card,Delivered
ORD00622,CUST0322,PROD024,Electric Kettle 1.7L,Home & Garden,East,2023-10-09,5,44.72,15.0,190.07,90,100.07,Bank Transfer,Cancelled
ORD00623,CUST0258,PROD018,Polo Shirt Premium,Clothing,East,2022-08-28,4,66.6,15.0,226.42,88,138.42,PayPal,Delivered
ORD00624,CUST0398,PROD012,Denim Jeans Slim,Clothing,North,2024-06-12,1,73.65,15.0,62.6,28,34.6,Debit Card,Delivered
ORD00625,CUST0260,PROD026,Plant Pot Set x3,Home & Garden,West,2024-06-16,2,39.06,10.0,70.31,28,42.31,PayPal,Cancelled
ORD00626,CUST0367,PROD039,Pull-Up Bar,Sports,North,2024-08-17,2,59.21,15.0,100.67,44,56.67,Bank Transfer,Returned
ORD00627,CUST0439,PROD025,Blender Pro 1000W,Home & Garden,East,2024-01-08,4,94.34,20.0,301.87,140,161.87,Debit Card,Shipped
ORD00628,CUST0088,PROD039,Pull-Up Bar,Sports,East,2023-08-02,1,56.84,0.0,56.84,22,34.84,Debit Card,Delivered
ORD00629,CUST0416,PROD024,Electric Kettle 1.7L,Home & Garden,Central,2024-10-04,1,51.88,5.0,49.28,18,31.28,PayPal,Delivered
ORD00630,CUST0494,PROD011,Classic White Shirt,Clothing,West,2022-04-07,1,47.62,0.0,47.62,15,32.62,PayPal,Shipped
ORD00631,CUST0433,PROD065,Jump Starter Pack,Automotive,East,2022-12-24,5,80.67,0.0,403.35,190,213.35,PayPal,Delivered
ORD00632,CUST0327,PROD064,Seat Covers Set,Automotive,South,2023-04-10,1,79.98,5.0,75.98,32,43.98,PayPal,Returned
ORD00633,CUST0411,PROD016,Leather Belt,Clothing,Central,2023-12-29,1,47.43,10.0,42.69,18,24.69,PayPal,Cancelled
ORD00634,CUST0314,PROD008,Webcam HD 1080p,Electronics,East,2024-11-21,5,71.34,15.0,303.19,125,178.19,Credit Card,Cancelled
ORD00635,CUST0388,PROD049,Entrepreneurship Now,Books,North,2024-06-15,4,39.33,20.0,125.86,36,89.86,Credit Card,Returned
ORD00636,CUST0165,PROD053,Protein Powder Vanilla,Food & Beverage,East,2022-07-28,5,49.96,0.0,249.81,100,149.81,Debit Card,Shipped
ORD00637,CUST0012,PROD046,Finance for Managers,Books,Central,2023-02-25,3,44.71,0.0,134.12,39,95.12,Bank Transfer,Processing
ORD00638,CUST0331,PROD020,Knit Sweater,Clothing,East,2024-10-17,1,69.81,0.0,69.81,30,39.81,PayPal,Processing
ORD00639,CUST0353,PROD023,Coffee Maker Deluxe,Home & Garden,West,2022-09-09,2,127.43,5.0,242.12,104,138.12,Credit Card,Delivered
ORD00640,CUST0011,PROD028,Storage Ottoman,Home & Garden,East,2024-08-28,3,71.8,0.0,215.4,96,119.4,Credit Card,Delivered
ORD00641,CUST0106,PROD035,Running Shoes Pro,Sports,Central,2024-04-29,3,132.34,0.0,397.02,165,232.02,Debit Card,Processing
ORD00642,CUST0422,PROD012,Denim Jeans Slim,Clothing,North,2024-12-20,4,83.54,0.0,334.15,112,222.15,Bank Transfer,Delivered
ORD00643,CUST0130,PROD041,Business Analytics Guide,Books,East,2024-04-18,4,49.07,10.0,176.64,48,128.64,PayPal,Cancelled
ORD00644,CUST0349,PROD061,Car Dash Cam 4K,Automotive,North,2024-06-25,2,104.35,15.0,177.39,84,93.39,Cash,Cancelled
ORD00645,CUST0321,PROD005,"4K Monitor 27""",Electronics,South,2022-06-23,3,433.33,20.0,1040.0,660,380.0,Debit Card,Delivered
ORD00646,CUST0249,PROD055,Olive Oil Extra Virgin,Food & Beverage,Central,2024-03-16,1,28.9,15.0,24.56,9,15.56,Debit Card,Cancelled
ORD00647,CUST0074,PROD009,USB-C Hub 7-in-1,Electronics,North,2022-04-29,5,64.58,5.0,306.74,100,206.74,Bank Transfer,Cancelled
ORD00648,CUST0218,PROD006,Gaming Mouse,Electronics,North,2023-09-16,3,85.47,0.0,256.4,84,172.4,PayPal,Cancelled
ORD00649,CUST0285,PROD064,Seat Covers Set,Automotive,West,2022-10-28,4,78.15,0.0,312.6,128,184.6,Cash,Shipped
ORD00650,CUST0178,PROD047,Machine Learning A-Z,Books,East,2024-06-24,3,77.58,20.0,186.2,60,126.2,Bank Transfer,Processing
ORD00651,CUST0115,PROD046,Finance for Managers,Books,West,2023-09-10,1,43.55,0.0,43.55,13,30.55,Bank Transfer,Shipped
ORD00652,CUST0396,PROD007,Mechanical Keyboard,Electronics,Central,2022-09-16,5,141.69,0.0,708.46,260,448.46,Debit Card,Delivered
ORD00653,CUST0119,PROD033,Dumbbell Set 20kg,Sports,East,2023-10-02,5,86.16,15.0,366.2,210,156.2,Debit Card,Delivered
ORD00654,CUST0486,PROD050,Digital Marketing,Books,Central,2023-06-14,2,42.66,0.0,85.32,22,63.32,Bank Transfer,Returned
ORD00655,CUST0086,PROD013,Casual Sneakers,Clothing,East,2022-08-15,1,101.49,0.0,101.49,40,61.49,Cash,Delivered
ORD00656,CUST0441,PROD042,Python Programming,Books,East,2022-04-08,1,54.44,10.0,48.99,15,33.99,Credit Card,Delivered
ORD00657,CUST0263,PROD054,Mixed Nuts 500g,Food & Beverage,West,2023-04-29,5,24.31,15.0,103.34,40,63.34,Cash,Processing
ORD00658,CUST0197,PROD028,Storage Ottoman,Home & Garden,Central,2023-04-24,3,71.99,15.0,183.57,96,87.57,Cash,Shipped
ORD00659,CUST0481,PROD047,Machine Learning A-Z,Books,South,2024-02-13,5,75.42,0.0,377.1,100,277.1,PayPal,Delivered
ORD00660,CUST0205,PROD028,Storage Ottoman,Home & Garden,Central,2023-01-30,3,74.31,0.0,222.94,96,126.94,Bank Transfer,Processing
ORD00661,CUST0076,PROD026,Plant Pot Set x3,Home & Garden,East,2022-06-17,1,35.59,0.0,35.59,14,21.59,Bank Transfer,Delivered
ORD00662,CUST0024,PROD032,Resistance Bands Set,Sports,North,2022-06-09,3,30.03,5.0,85.57,30,55.57,Cash,Delivered
ORD00663,CUST0370,PROD057,Granola Bars x12,Food & Beverage,North,2024-03-19,3,22.37,15.0,57.05,21,36.05,Bank Transfer,Returned
ORD00664,CUST0131,PROD011,Classic White Shirt,Clothing,Central,2024-09-29,4,52.17,0.0,208.69,60,148.69,Cash,Delivered
ORD00665,CUST0279,PROD008,Webcam HD 1080p,Electronics,West,2024-07-26,2,75.46,10.0,135.83,50,85.83,Cash,Delivered
ORD00666,CUST0458,PROD032,Resistance Bands Set,Sports,South,2023-03-12,4,28.85,15.0,98.07,40,58.07,Debit Card,Cancelled
ORD00667,CUST0479,PROD010,External SSD 1TB,Electronics,North,2024-01-27,1,152.03,5.0,144.43,65,79.43,Credit Card,Delivered
ORD00668,CUST0492,PROD017,Formal Trousers,Clothing,North,2023-08-17,1,89.41,0.0,89.41,35,54.41,PayPal,Delivered
ORD00669,CUST0147,PROD057,Granola Bars x12,Food & Beverage,North,2024-02-06,3,21.09,0.0,63.28,21,42.28,Debit Card,Delivered
ORD00670,CUST0284,PROD005,"4K Monitor 27""",Electronics,South,2024-05-13,1,489.31,0.0,489.31,220,269.31,PayPal,Delivered
ORD00671,CUST0393,PROD033,Dumbbell Set 20kg,Sports,East,2024-09-28,1,82.28,0.0,82.28,42,40.28,Credit Card,Cancelled
ORD00672,CUST0426,PROD023,Coffee Maker Deluxe,Home & Garden,Central,2024-05-05,4,130.88,10.0,471.19,208,263.19,Bank Transfer,Cancelled
ORD00673,CUST0106,PROD053,Protein Powder Vanilla,Food & Beverage,Central,2024-02-12,4,58.68,20.0,187.77,80,107.77,Cash,Delivered
ORD00674,CUST0300,PROD013,Casual Sneakers,Clothing,East,2022-10-11,5,97.59,20.0,390.37,200,190.37,Bank Transfer,Shipped
ORD00675,CUST0337,PROD035,Running Shoes Pro,Sports,North,2022-11-02,3,118.4,10.0,319.69,165,154.69,Cash,Delivered
ORD00676,CUST0229,PROD032,Resistance Bands Set,Sports,West,2023-04-22,4,28.07,0.0,112.26,40,72.26,Bank Transfer,Shipped
ORD00677,CUST0118,PROD066,Car Vacuum Cleaner,Automotive,North,2022-07-01,2,57.28,10.0,103.1,44,59.1,PayPal,Delivered
ORD00678,CUST0397,PROD070,Car Wax Premium,Automotive,South,2022-09-11,5,25.68,10.0,115.55,50,65.55,Cash,Delivered
ORD00679,CUST0258,PROD010,External SSD 1TB,Electronics,East,2022-04-19,5,149.65,20.0,598.59,325,273.59,Bank Transfer,Delivered
ORD00680,CUST0161,PROD017,Formal Trousers,Clothing,East,2022-02-08,1,91.82,10.0,82.64,35,47.64,Debit Card,Returned
ORD00681,CUST0382,PROD030,Garden Hose 50ft,Home & Garden,Central,2023-07-18,2,61.69,15.0,104.87,56,48.87,Cash,Delivered
ORD00682,CUST0409,PROD008,Webcam HD 1080p,Electronics,North,2024-12-28,5,66.52,10.0,299.35,125,174.35,Credit Card,Delivered
ORD00683,CUST0343,PROD010,External SSD 1TB,Electronics,West,2022-02-17,3,147.12,5.0,419.3,195,224.3,Credit Card,Cancelled
ORD00684,CUST0135,PROD039,Pull-Up Bar,Sports,South,2023-10-12,4,52.33,0.0,209.32,88,121.32,Credit Card,Delivered
ORD00685,CUST0237,PROD042,Python Programming,Books,South,2023-08-08,2,51.51,20.0,82.41,30,52.41,Credit Card,Delivered
ORD00686,CUST0437,PROD043,Data Science Handbook,Books,North,2024-04-14,2,59.27,0.0,118.53,36,82.53,Debit Card,Delivered
ORD00687,CUST0304,PROD021,Robot Vacuum Cleaner,Home & Garden,Central,2022-04-30,3,292.42,0.0,877.26,420,457.26,Debit Card,Delivered
ORD00688,CUST0402,PROD064,Seat Covers Set,Automotive,West,2023-10-26,3,77.03,20.0,184.88,96,88.88,Credit Card,Delivered
ORD00689,CUST0334,PROD062,Tire Inflator Auto,Automotive,Central,2023-05-06,5,45.77,5.0,217.43,90,127.43,Cash,Processing
ORD00690,CUST0071,PROD061,Car Dash Cam 4K,Automotive,West,2024-02-28,1,94.43,0.0,94.43,42,52.43,Bank Transfer,Delivered
ORD00691,CUST0371,PROD009,USB-C Hub 7-in-1,Electronics,North,2022-05-15,4,53.44,15.0,181.7,80,101.7,Debit Card,Cancelled
ORD00692,CUST0232,PROD010,External SSD 1TB,Electronics,Central,2022-02-08,3,150.61,10.0,406.65,195,211.65,Credit Card,Delivered
ORD00693,CUST0303,PROD036,Gym Gloves,Sports,West,2022-09-15,3,25.34,5.0,72.22,27,45.22,Credit Card,Processing
ORD00694,CUST0255,PROD034,Cycling Helmet,Sports,West,2024-10-21,2,83.47,0.0,166.94,64,102.94,PayPal,Delivered
ORD00695,CUST0479,PROD026,Plant Pot Set x3,Home & Garden,North,2022-12-11,2,39.29,5.0,74.66,28,46.66,Cash,Delivered
ORD00696,CUST0062,PROD032,Resistance Bands Set,Sports,South,2022-01-03,4,31.67,10.0,114.03,40,74.03,PayPal,Shipped
ORD00697,CUST0451,PROD050,Digital Marketing,Books,West,2022-12-09,1,36.48,5.0,34.66,11,23.66,PayPal,Delivered
ORD00698,CUST0175,PROD052,Organic Green Tea 100g,Food & Beverage,South,2024-02-18,3,19.23,0.0,57.7,15,42.7,Cash,Processing
ORD00699,CUST0095,PROD033,Dumbbell Set 20kg,Sports,Central,2023-07-31,1,82.97,10.0,74.68,42,32.68,Cash,Delivered
ORD00700,CUST0408,PROD042,Python Programming,Books,South,2022-07-03,4,57.18,20.0,182.98,60,122.98,Debit Card,Shipped
ORD00701,CUST0291,PROD005,"4K Monitor 27""",Electronics,West,2023-07-27,4,423.98,10.0,1526.32,880,646.32,PayPal,Cancelled
ORD00702,CUST0282,PROD041,Business Analytics Guide,Books,West,2023-12-03,3,49.32,15.0,125.76,36,89.76,Bank Transfer,Delivered
ORD00703,CUST0305,PROD044,Marketing Strategy,Books,North,2023-10-21,3,35.8,10.0,96.66,30,66.66,PayPal,Delivered
ORD00704,CUST0379,PROD056,Dark Chocolate Bar 72%,Food & Beverage,West,2022-10-01,1,12.26,0.0,12.26,4,8.26,Credit Card,Shipped
ORD00705,CUST0182,PROD035,Running Shoes Pro,Sports,East,2024-04-26,5,139.2,15.0,591.59,275,316.59,Bank Transfer,Processing
ORD00706,CUST0070,PROD015,Sport T-Shirt,Clothing,North,2022-06-16,1,35.27,20.0,28.22,12,16.22,Bank Transfer,Shipped
ORD00707,CUST0420,PROD068,Car Air Freshener x5,Automotive,East,2023-12-24,4,15.98,0.0,63.93,20,43.93,Bank Transfer,Delivered
ORD00708,CUST0146,PROD044,Marketing Strategy,Books,West,2022-01-18,1,37.72,0.0,37.72,10,27.72,Bank Transfer,Delivered
ORD00709,CUST0323,PROD065,Jump Starter Pack,Automotive,Central,2022-02-10,3,92.21,15.0,235.15,114,121.15,PayPal,Delivered
ORD00710,CUST0273,PROD038,Foam Roller,Sports,South,2023-09-13,2,33.14,5.0,62.97,24,38.97,PayPal,Delivered
ORD00711,CUST0032,PROD054,Mixed Nuts 500g,Food & Beverage,Central,2024-10-06,5,22.6,0.0,113.02,40,73.02,Bank Transfer,Delivered
ORD00712,CUST0108,PROD054,Mixed Nuts 500g,Food & Beverage,West,2023-07-23,5,24.0,0.0,120.01,40,80.01,Cash,Delivered
ORD00713,CUST0441,PROD058,Almond Milk 1L,Food & Beverage,East,2022-12-26,1,8.14,15.0,6.92,2,4.92,Credit Card,Delivered
ORD00714,CUST0209,PROD047,Machine Learning A-Z,Books,North,2023-04-12,5,75.3,0.0,376.48,100,276.48,Debit Card,Processing
ORD00715,CUST0235,PROD059,Energy Drink Pack x24,Food & Beverage,North,2022-02-17,5,35.8,15.0,152.16,60,92.16,Cash,Cancelled
ORD00716,CUST0431,PROD042,Python Programming,Books,South,2022-01-05,4,56.55,15.0,192.27,60,132.27,Credit Card,Cancelled
ORD00717,CUST0500,PROD047,Machine Learning A-Z,Books,South,2023-10-24,4,76.96,5.0,292.44,80,212.44,PayPal,Delivered
ORD00718,CUST0026,PROD035,Running Shoes Pro,Sports,South,2024-11-27,4,128.89,10.0,463.99,220,243.99,Credit Card,Cancelled
ORD00719,CUST0044,PROD023,Coffee Maker Deluxe,Home & Garden,East,2023-04-05,1,123.27,5.0,117.11,52,65.11,Cash,Delivered
ORD00720,CUST0281,PROD021,Robot Vacuum Cleaner,Home & Garden,North,2022-01-11,4,280.74,0.0,1122.95,560,562.95,Cash,Processing
ORD00721,CUST0055,PROD027,LED Desk Lamp,Home & Garden,South,2023-04-08,4,49.12,0.0,196.48,72,124.48,Debit Card,Delivered
ORD00722,CUST0457,PROD031,Yoga Mat Premium,Sports,Central,2023-09-29,1,46.13,0.0,46.13,18,28.13,Credit Card,Delivered
ORD00723,CUST0280,PROD024,Electric Kettle 1.7L,Home & Garden,North,2022-02-19,5,51.91,0.0,259.56,90,169.56,PayPal,Delivered
ORD00724,CUST0394,PROD030,Garden Hose 50ft,Home & Garden,South,2024-08-27,2,70.96,20.0,113.54,56,57.54,Credit Card,Processing
ORD00725,CUST0056,PROD009,USB-C Hub 7-in-1,Electronics,East,2024-11-30,2,64.23,20.0,102.77,40,62.77,Cash,Shipped
ORD00726,CUST0261,PROD068,Car Air Freshener x5,Automotive,Central,2022-07-15,4,15.24,0.0,60.95,20,40.95,Credit Card,Cancelled
ORD00727,CUST0471,PROD047,Machine Learning A-Z,Books,Central,2024-02-12,3,77.62,15.0,197.92,60,137.92,Credit Card,Processing
ORD00728,CUST0459,PROD060,Collagen Powder 300g,Food & Beverage,North,2022-05-07,4,40.99,10.0,147.58,64,83.58,Bank Transfer,Delivered
ORD00729,CUST0287,PROD049,Entrepreneurship Now,Books,North,2022-04-25,5,32.78,20.0,131.1,45,86.1,Bank Transfer,Delivered
ORD00730,CUST0498,PROD014,Wool Winter Coat,Clothing,South,2024-04-21,2,202.78,20.0,324.45,150,174.45,Cash,Delivered
ORD00731,CUST0077,PROD038,Foam Roller,Sports,North,2024-02-26,4,37.07,10.0,133.44,48,85.44,Cash,Delivered
ORD00732,CUST0313,PROD028,Storage Ottoman,Home & Garden,North,2022-02-23,4,75.26,10.0,270.93,128,142.93,Debit Card,Delivered
ORD00733,CUST0395,PROD041,Business Analytics Guide,Books,East,2022-01-26,5,46.92,10.0,211.14,60,151.14,Debit Card,Cancelled
ORD00734,CUST0137,PROD001,Laptop Pro 15,Electronics,West,2022-09-16,5,1141.51,5.0,5422.17,3750,1672.17,Bank Transfer,Shipped
ORD00735,CUST0331,PROD011,Classic White Shirt,Clothing,East,2024-06-29,2,46.48,20.0,74.37,30,44.37,Credit Card,Delivered
ORD00736,CUST0172,PROD015,Sport T-Shirt,Clothing,West,2023-10-01,5,34.55,15.0,146.84,60,86.84,PayPal,Delivered
ORD00737,CUST0487,PROD013,Casual Sneakers,Clothing,West,2022-10-26,2,94.42,10.0,169.96,80,89.96,PayPal,Delivered
ORD00738,CUST0044,PROD030,Garden Hose 50ft,Home & Garden,East,2022-01-17,5,66.12,15.0,281.03,140,141.03,Debit Card,Delivered
ORD00739,CUST0196,PROD004,Bluetooth Speaker,Electronics,South,2024-11-04,5,95.38,5.0,453.08,175,278.08,PayPal,Delivered
ORD00740,CUST0441,PROD009,USB-C Hub 7-in-1,Electronics,East,2023-02-15,2,62.37,0.0,124.73,40,84.73,Debit Card,Shipped
ORD00741,CUST0488,PROD020,Knit Sweater,Clothing,East,2024-08-15,5,77.89,20.0,311.54,150,161.54,Cash,Delivered
ORD00742,CUST0141,PROD053,Protein Powder Vanilla,Food & Beverage,East,2023-11-19,5,52.8,0.0,263.98,100,163.98,Debit Card,Delivered
ORD00743,CUST0011,PROD050,Digital Marketing,Books,East,2022-03-28,4,37.76,0.0,151.02,44,107.02,Debit Card,Shipped
ORD00744,CUST0131,PROD054,Mixed Nuts 500g,Food & Beverage,Central,2024-08-13,5,22.62,5.0,107.46,40,67.46,PayPal,Processing
ORD00745,CUST0267,PROD054,Mixed Nuts 500g,Food & Beverage,East,2024-02-09,2,23.52,20.0,37.63,16,21.63,Credit Card,Delivered
ORD00746,CUST0378,PROD016,Leather Belt,Clothing,South,2022-06-01,3,40.77,0.0,122.31,54,68.31,Debit Card,Delivered
ORD00747,CUST0325,PROD009,USB-C Hub 7-in-1,Electronics,Central,2023-02-03,5,63.87,0.0,319.35,100,219.35,Credit Card,Returned
ORD00748,CUST0293,PROD044,Marketing Strategy,Books,South,2023-02-12,2,36.36,0.0,72.72,20,52.72,PayPal,Shipped
ORD00749,CUST0392,PROD022,Air Purifier Pro,Home & Garden,South,2023-11-27,5,236.35,0.0,1181.75,550,631.75,Credit Card,Delivered
ORD00750,CUST0055,PROD044,Marketing Strategy,Books,South,2023-06-21,1,34.36,15.0,29.21,10,19.21,Debit Card,Delivered
ORD00751,CUST0050,PROD044,Marketing Strategy,Books,East,2022-08-16,3,41.31,0.0,123.94,30,93.94,Bank Transfer,Delivered
ORD00752,CUST0350,PROD037,Jump Rope Speed,Sports,West,2024-02-02,2,20.68,20.0,33.08,14,19.08,Cash,Cancelled
ORD00753,CUST0030,PROD035,Running Shoes Pro,Sports,North,2022-05-14,1,119.83,0.0,119.83,55,64.83,Debit Card,Delivered
ORD00754,CUST0059,PROD006,Gaming Mouse,Electronics,Central,2024-02-14,3,76.12,5.0,216.95,84,132.95,Debit Card,Cancelled
ORD00755,CUST0285,PROD003,Smart Watch Ultra,Electronics,West,2023-01-23,5,334.63,0.0,1673.17,700,973.17,PayPal,Delivered
ORD00756,CUST0116,PROD009,USB-C Hub 7-in-1,Electronics,West,2023-07-28,2,63.15,10.0,113.67,40,73.67,Bank Transfer,Delivered
ORD00757,CUST0440,PROD024,Electric Kettle 1.7L,Home & Garden,North,2022-06-16,4,51.85,10.0,186.67,72,114.67,Credit Card,Delivered
ORD00758,CUST0457,PROD018,Polo Shirt Premium,Clothing,Central,2024-03-05,5,63.37,10.0,285.14,110,175.14,Bank Transfer,Delivered
ORD00759,CUST0436,PROD011,Classic White Shirt,Clothing,South,2024-02-05,5,50.91,15.0,216.35,75,141.35,Bank Transfer,Delivered
ORD00760,CUST0153,PROD054,Mixed Nuts 500g,Food & Beverage,North,2024-04-01,5,24.72,0.0,123.59,40,83.59,Debit Card,Cancelled
ORD00761,CUST0025,PROD015,Sport T-Shirt,Clothing,South,2024-07-14,2,34.27,0.0,68.54,24,44.54,Bank Transfer,Cancelled
ORD00762,CUST0298,PROD017,Formal Trousers,Clothing,South,2022-11-18,3,84.63,0.0,253.89,105,148.89,Debit Card,Processing
ORD00763,CUST0182,PROD045,Leadership Principles,Books,East,2023-08-28,4,32.12,0.0,128.48,32,96.48,Cash,Delivered
ORD00764,CUST0080,PROD048,SQL Mastery,Books,North,2024-11-15,5,40.63,5.0,192.97,55,137.97,Bank Transfer,Delivered
ORD00765,CUST0418,PROD064,Seat Covers Set,Automotive,South,2024-01-23,4,76.11,5.0,289.21,128,161.21,Credit Card,Delivered
ORD00766,CUST0335,PROD027,LED Desk Lamp,Home & Garden,Central,2023-04-24,3,46.31,0.0,138.92,54,84.92,Credit Card,Delivered
ORD00767,CUST0374,PROD048,SQL Mastery,Books,South,2024-10-24,5,42.39,0.0,211.96,55,156.96,PayPal,Cancelled
ORD00768,CUST0089,PROD023,Coffee Maker Deluxe,Home & Garden,South,2022-07-21,1,117.94,0.0,117.94,52,65.94,Cash,Delivered
ORD00769,CUST0078,PROD063,Car Phone Mount,Automotive,South,2023-02-07,3,23.75,15.0,60.56,27,33.56,PayPal,Delivered
ORD00770,CUST0234,PROD041,Business Analytics Guide,Books,North,2022-10-10,5,48.71,0.0,243.56,60,183.56,PayPal,Delivered
ORD00771,CUST0134,PROD037,Jump Rope Speed,Sports,Central,2023-12-11,4,20.69,20.0,66.22,28,38.22,Cash,Processing
ORD00772,CUST0029,PROD010,External SSD 1TB,Electronics,North,2022-01-25,4,153.59,20.0,491.49,260,231.49,Debit Card,Cancelled
ORD00773,CUST0158,PROD028,Storage Ottoman,Home & Garden,East,2023-04-12,2,78.35,0.0,156.7,64,92.7,Bank Transfer,Delivered
ORD00774,CUST0317,PROD056,Dark Chocolate Bar 72%,Food & Beverage,North,2024-08-17,4,11.62,0.0,46.47,16,30.47,PayPal,Processing
ORD00775,CUST0057,PROD006,Gaming Mouse,Electronics,South,2024-05-28,4,74.41,5.0,282.76,112,170.76,Cash,Delivered
ORD00776,CUST0499,PROD006,Gaming Mouse,Electronics,Central,2022-10-12,5,84.91,0.0,424.53,140,284.53,Credit Card,Delivered
ORD00777,CUST0149,PROD039,Pull-Up Bar,Sports,Central,2023-12-28,3,51.98,5.0,148.14,66,82.14,Bank Transfer,Processing
ORD00778,CUST0312,PROD055,Olive Oil Extra Virgin,Food & Beverage,South,2023-09-06,3,28.49,10.0,76.91,27,49.91,Credit Card,Cancelled
ORD00779,CUST0216,PROD023,Coffee Maker Deluxe,Home & Garden,East,2022-11-11,3,130.76,20.0,313.82,156,157.82,Cash,Cancelled
ORD00780,CUST0470,PROD028,Storage Ottoman,Home & Garden,Central,2024-03-11,4,70.56,5.0,268.14,128,140.14,Credit Card,Delivered
ORD00781,CUST0030,PROD049,Entrepreneurship Now,Books,North,2023-01-21,4,33.18,10.0,119.46,36,83.46,Bank Transfer,Shipped
ORD00782,CUST0407,PROD045,Leadership Principles,Books,South,2023-09-16,1,29.9,15.0,25.41,8,17.41,Cash,Delivered
ORD00783,CUST0205,PROD061,Car Dash Cam 4K,Automotive,Central,2024-09-27,1,92.8,0.0,92.8,42,50.8,Bank Transfer,Delivered
ORD00784,CUST0179,PROD066,Car Vacuum Cleaner,Automotive,South,2023-04-23,3,56.76,0.0,170.27,66,104.27,Bank Transfer,Delivered
ORD00785,CUST0311,PROD054,Mixed Nuts 500g,Food & Beverage,North,2024-11-27,1,22.42,20.0,17.94,8,9.94,Bank Transfer,Delivered
ORD00786,CUST0031,PROD006,Gaming Mouse,Electronics,North,2022-08-15,2,79.58,5.0,151.19,56,95.19,Credit Card,Delivered
ORD00787,CUST0432,PROD065,Jump Starter Pack,Automotive,Central,2023-02-27,2,95.59,0.0,191.19,76,115.19,Bank Transfer,Processing
ORD00788,CUST0133,PROD008,Webcam HD 1080p,Electronics,North,2024-08-30,2,70.43,0.0,140.86,50,90.86,Cash,Delivered
ORD00789,CUST0034,PROD030,Garden Hose 50ft,Home & Garden,South,2024-07-28,3,61.12,0.0,183.37,84,99.37,Bank Transfer,Delivered
ORD00790,CUST0490,PROD018,Polo Shirt Premium,Clothing,South,2024-03-28,5,69.0,10.0,310.49,110,200.49,PayPal,Cancelled
ORD00791,CUST0216,PROD019,Running Shorts,Clothing,East,2024-10-02,4,41.69,0.0,166.75,60,106.75,Credit Card,Delivered
ORD00792,CUST0458,PROD046,Finance for Managers,Books,South,2024-07-23,3,49.92,15.0,127.3,39,88.3,PayPal,Delivered
ORD00793,CUST0396,PROD004,Bluetooth Speaker,Electronics,Central,2022-12-25,4,84.53,10.0,304.32,140,164.32,Bank Transfer,Delivered
ORD00794,CUST0200,PROD002,Wireless Headphones,Electronics,East,2023-01-11,5,182.9,15.0,777.33,400,377.33,Credit Card,Delivered
ORD00795,CUST0285,PROD058,Almond Milk 1L,Food & Beverage,West,2022-11-20,3,8.61,10.0,23.25,6,17.25,PayPal,Shipped
ORD00796,CUST0264,PROD049,Entrepreneurship Now,Books,East,2022-05-17,2,38.94,5.0,73.99,18,55.99,Cash,Delivered
ORD00797,CUST0482,PROD063,Car Phone Mount,Automotive,East,2024-01-26,1,26.28,10.0,23.65,9,14.65,PayPal,Delivered
ORD00798,CUST0036,PROD049,Entrepreneurship Now,Books,West,2022-12-04,3,33.89,0.0,101.68,27,74.68,Bank Transfer,Delivered
ORD00799,CUST0410,PROD033,Dumbbell Set 20kg,Sports,South,2024-08-03,4,86.22,5.0,327.63,168,159.63,Debit Card,Delivered
ORD00800,CUST0176,PROD045,Leadership Principles,Books,West,2022-01-22,3,29.53,0.0,88.6,24,64.6,PayPal,Shipped
ORD00801,CUST0472,PROD031,Yoga Mat Premium,Sports,East,2024-08-08,4,44.65,0.0,178.61,72,106.61,Cash,Shipped
ORD00802,CUST0453,PROD021,Robot Vacuum Cleaner,Home & Garden,North,2024-06-15,2,297.25,0.0,594.51,280,314.51,Debit Card,Delivered
ORD00803,CUST0172,PROD019,Running Shorts,Clothing,West,2022-02-06,5,38.64,0.0,193.22,75,118.22,Credit Card,Delivered
ORD00804,CUST0229,PROD012,Denim Jeans Slim,Clothing,West,2024-03-11,2,72.33,20.0,115.72,56,59.72,Credit Card,Shipped
ORD00805,CUST0083,PROD039,Pull-Up Bar,Sports,North,2022-11-11,4,53.44,0.0,213.76,88,125.76,Credit Card,Cancelled
ORD00806,CUST0402,PROD038,Foam Roller,Sports,West,2024-12-26,2,34.59,0.0,69.19,24,45.19,Cash,Shipped
ORD00807,CUST0464,PROD034,Cycling Helmet,Sports,West,2022-07-30,4,82.01,5.0,311.63,128,183.63,Credit Card,Delivered
ORD00808,CUST0038,PROD040,Water Bottle 1L,Sports,North,2022-04-10,4,23.18,0.0,92.7,32,60.7,PayPal,Cancelled
ORD00809,CUST0348,PROD069,LED Car Lights Kit,Automotive,South,2023-02-14,1,31.61,0.0,31.61,14,17.61,Credit Card,Delivered
ORD00810,CUST0395,PROD070,Car Wax Premium,Automotive,East,2023-01-29,1,26.44,0.0,26.44,10,16.44,Debit Card,Shipped
ORD00811,CUST0312,PROD019,Running Shorts,Clothing,South,2022-04-01,4,42.11,20.0,134.74,60,74.74,PayPal,Delivered
ORD00812,CUST0129,PROD036,Gym Gloves,Sports,Central,2023-01-24,5,23.54,10.0,105.91,45,60.91,Bank Transfer,Cancelled
ORD00813,CUST0241,PROD003,Smart Watch Ultra,Electronics,East,2022-09-05,2,329.02,0.0,658.04,280,378.04,PayPal,Delivered
ORD00814,CUST0488,PROD023,Coffee Maker Deluxe,Home & Garden,East,2024-04-03,3,116.41,0.0,349.23,156,193.23,Bank Transfer,Delivered
ORD00815,CUST0055,PROD002,Wireless Headphones,Electronics,South,2023-07-25,5,193.79,0.0,968.93,400,568.93,Debit Card,Delivered
ORD00816,CUST0130,PROD046,Finance for Managers,Books,East,2024-10-20,1,50.04,20.0,40.03,13,27.03,Cash,Delivered
ORD00817,CUST0152,PROD032,Resistance Bands Set,Sports,West,2022-07-14,5,27.98,15.0,118.92,50,68.92,Bank Transfer,Shipped
ORD00818,CUST0033,PROD009,USB-C Hub 7-in-1,Electronics,Central,2022-09-30,3,55.17,20.0,132.41,60,72.41,PayPal,Returned
ORD00819,CUST0075,PROD049,Entrepreneurship Now,Books,South,2024-09-14,1,34.81,10.0,31.33,9,22.33,Cash,Delivered
ORD00820,CUST0371,PROD037,Jump Rope Speed,Sports,North,2024-11-12,2,19.01,15.0,32.32,14,18.32,Credit Card,Delivered
ORD00821,CUST0416,PROD028,Storage Ottoman,Home & Garden,Central,2022-09-12,3,71.05,5.0,202.48,96,106.48,Debit Card,Shipped
ORD00822,CUST0138,PROD015,Sport T-Shirt,Clothing,East,2022-05-03,2,34.12,0.0,68.24,24,44.24,Debit Card,Delivered
ORD00823,CUST0426,PROD063,Car Phone Mount,Automotive,Central,2023-02-23,1,23.69,15.0,20.14,9,11.14,Cash,Returned
ORD00824,CUST0141,PROD068,Car Air Freshener x5,Automotive,East,2024-06-27,3,13.9,0.0,41.71,15,26.71,Credit Card,Delivered
ORD00825,CUST0467,PROD042,Python Programming,Books,East,2024-04-29,3,57.76,0.0,173.27,45,128.27,PayPal,Delivered
ORD00826,CUST0410,PROD045,Leadership Principles,Books,South,2023-02-26,5,29.15,15.0,123.87,40,83.87,Debit Card,Processing
ORD00827,CUST0171,PROD058,Almond Milk 1L,Food & Beverage,South,2023-04-01,5,8.6,10.0,38.68,10,28.68,PayPal,Delivered
ORD00828,CUST0480,PROD010,External SSD 1TB,Electronics,North,2022-01-13,1,160.02,0.0,160.02,65,95.02,Debit Card,Delivered
ORD00829,CUST0178,PROD059,Energy Drink Pack x24,Food & Beverage,East,2022-10-17,2,32.38,0.0,64.76,24,40.76,Cash,Delivered
ORD00830,CUST0281,PROD060,Collagen Powder 300g,Food & Beverage,North,2023-02-23,2,45.07,5.0,85.63,32,53.63,Bank Transfer,Delivered
ORD00831,CUST0224,PROD052,Organic Green Tea 100g,Food & Beverage,South,2023-02-09,2,17.73,10.0,31.91,10,21.91,Debit Card,Delivered
ORD00832,CUST0377,PROD025,Blender Pro 1000W,Home & Garden,North,2024-07-07,2,84.94,20.0,135.9,70,65.9,Bank Transfer,Delivered
ORD00833,CUST0397,PROD012,Denim Jeans Slim,Clothing,South,2024-01-07,4,77.07,5.0,292.86,112,180.86,Bank Transfer,Delivered
ORD00834,CUST0181,PROD051,Premium Coffee Beans 1kg,Food & Beverage,East,2024-06-06,2,34.05,20.0,54.47,20,34.47,Bank Transfer,Delivered
ORD00835,CUST0014,PROD055,Olive Oil Extra Virgin,Food & Beverage,North,2024-02-21,4,29.98,20.0,95.94,36,59.94,PayPal,Delivered
ORD00836,CUST0319,PROD031,Yoga Mat Premium,Sports,West,2022-11-09,5,47.04,0.0,235.2,90,145.2,Bank Transfer,Delivered
ORD00837,CUST0454,PROD068,Car Air Freshener x5,Automotive,North,2024-07-17,3,14.63,10.0,39.49,15,24.49,Bank Transfer,Delivered
ORD00838,CUST0496,PROD069,LED Car Lights Kit,Automotive,South,2022-10-07,4,32.87,0.0,131.48,56,75.48,Credit Card,Delivered
ORD00839,CUST0060,PROD066,Car Vacuum Cleaner,Automotive,Central,2024-10-22,3,54.91,5.0,156.48,66,90.48,Bank Transfer,Returned
ORD00840,CUST0351,PROD044,Marketing Strategy,Books,South,2024-02-04,4,37.92,15.0,128.93,40,88.93,Cash,Delivered
ORD00841,CUST0314,PROD058,Almond Milk 1L,Food & Beverage,East,2022-03-21,1,7.82,10.0,7.03,2,5.03,Debit Card,Delivered
ORD00842,CUST0158,PROD035,Running Shoes Pro,Sports,East,2024-06-12,3,136.0,20.0,326.4,165,161.4,PayPal,Delivered
ORD00843,CUST0406,PROD020,Knit Sweater,Clothing,North,2024-09-27,3,77.95,15.0,198.76,90,108.76,Bank Transfer,Cancelled
ORD00844,CUST0250,PROD025,Blender Pro 1000W,Home & Garden,North,2023-05-21,2,88.6,20.0,141.77,70,71.77,PayPal,Shipped
ORD00845,CUST0369,PROD006,Gaming Mouse,Electronics,East,2022-02-27,2,75.23,5.0,142.94,56,86.94,Debit Card,Delivered
ORD00846,CUST0372,PROD059,Energy Drink Pack x24,Food & Beverage,East,2022-11-27,1,32.32,0.0,32.32,12,20.32,Bank Transfer,Delivered
ORD00847,CUST0274,PROD068,Car Air Freshener x5,Automotive,Central,2022-06-14,5,16.23,5.0,77.09,25,52.09,Debit Card,Processing
ORD00848,CUST0238,PROD049,Entrepreneurship Now,Books,Central,2023-06-02,3,36.0,10.0,97.21,27,70.21,Bank Transfer,Delivered
ORD00849,CUST0357,PROD062,Tire Inflator Auto,Automotive,East,2024-04-22,1,41.48,10.0,37.34,18,19.34,PayPal,Processing
ORD00850,CUST0023,PROD003,Smart Watch Ultra,Electronics,Central,2023-07-05,2,379.02,5.0,720.13,280,440.13,PayPal,Delivered
ORD00851,CUST0219,PROD042,Python Programming,Books,West,2022-12-11,4,49.52,0.0,198.07,60,138.07,Bank Transfer,Delivered
ORD00852,CUST0279,PROD021,Robot Vacuum Cleaner,Home & Garden,West,2023-08-14,4,279.3,0.0,1117.22,560,557.22,Debit Card,Shipped
ORD00853,CUST0036,PROD058,Almond Milk 1L,Food & Beverage,West,2023-02-10,4,7.49,0.0,29.96,8,21.96,Bank Transfer,Delivered
ORD00854,CUST0105,PROD038,Foam Roller,Sports,Central,2023-03-12,2,32.91,15.0,55.94,24,31.94,Debit Card,Processing
ORD00855,CUST0380,PROD065,Jump Starter Pack,Automotive,East,2023-01-28,3,97.6,20.0,234.23,114,120.23,Bank Transfer,Delivered
ORD00856,CUST0003,PROD011,Classic White Shirt,Clothing,South,2022-08-12,2,44.88,0.0,89.76,30,59.76,Bank Transfer,Delivered
ORD00857,CUST0464,PROD022,Air Purifier Pro,Home & Garden,West,2022-05-12,3,225.58,0.0,676.73,330,346.73,Bank Transfer,Delivered
ORD00858,CUST0225,PROD017,Formal Trousers,Clothing,East,2022-07-26,1,81.19,20.0,64.95,35,29.95,Credit Card,Shipped
ORD00859,CUST0078,PROD019,Running Shorts,Clothing,South,2022-03-27,1,39.57,20.0,31.66,15,16.66,Credit Card,Delivered
ORD00860,CUST0366,PROD030,Garden Hose 50ft,Home & Garden,East,2024-12-01,3,70.62,5.0,201.26,84,117.26,PayPal,Shipped
ORD00861,CUST0435,PROD042,Python Programming,Books,North,2023-11-21,3,57.0,0.0,171.0,45,126.0,PayPal,Processing
ORD00862,CUST0119,PROD021,Robot Vacuum Cleaner,Home & Garden,East,2024-01-10,4,291.73,0.0,1166.92,560,606.92,PayPal,Cancelled
ORD00863,CUST0156,PROD009,USB-C Hub 7-in-1,Electronics,East,2022-07-25,1,58.49,15.0,49.72,20,29.72,Bank Transfer,Shipped
ORD00864,CUST0049,PROD039,Pull-Up Bar,Sports,North,2022-10-12,1,56.12,20.0,44.9,22,22.9,Cash,Delivered
ORD00865,CUST0238,PROD002,Wireless Headphones,Electronics,Central,2023-05-25,3,197.09,15.0,502.57,240,262.57,Bank Transfer,Delivered
ORD00866,CUST0135,PROD037,Jump Rope Speed,Sports,South,2023-01-20,1,20.85,20.0,16.68,7,9.68,PayPal,Delivered
ORD00867,CUST0042,PROD020,Knit Sweater,Clothing,South,2024-01-08,1,82.04,15.0,69.74,30,39.74,PayPal,Shipped
ORD00868,CUST0449,PROD043,Data Science Handbook,Books,North,2023-04-24,5,64.8,15.0,275.4,90,185.4,Cash,Processing
ORD00869,CUST0466,PROD006,Gaming Mouse,Electronics,North,2023-12-15,4,85.94,5.0,326.56,112,214.56,Credit Card,Shipped
ORD00870,CUST0439,PROD054,Mixed Nuts 500g,Food & Beverage,East,2023-08-25,5,22.54,0.0,112.68,40,72.68,Cash,Cancelled
ORD00871,CUST0067,PROD024,Electric Kettle 1.7L,Home & Garden,West,2024-10-30,1,45.35,20.0,36.28,18,18.28,Credit Card,Delivered
ORD00872,CUST0051,PROD047,Machine Learning A-Z,Books,East,2024-08-14,2,77.71,0.0,155.42,40,115.42,Bank Transfer,Shipped
ORD00873,CUST0378,PROD012,Denim Jeans Slim,Clothing,South,2023-05-09,2,74.44,20.0,119.11,56,63.11,Credit Card,Delivered
ORD00874,CUST0365,PROD063,Car Phone Mount,Automotive,North,2022-03-01,2,27.15,0.0,54.29,18,36.29,Bank Transfer,Processing
ORD00875,CUST0471,PROD062,Tire Inflator Auto,Automotive,Central,2023-03-28,3,46.49,15.0,118.56,54,64.56,Credit Card,Shipped
ORD00876,CUST0393,PROD023,Coffee Maker Deluxe,Home & Garden,East,2024-12-30,4,118.43,15.0,402.67,208,194.67,PayPal,Cancelled
ORD00877,CUST0062,PROD004,Bluetooth Speaker,Electronics,South,2022-05-13,3,86.81,15.0,221.37,105,116.37,Bank Transfer,Shipped
ORD00878,CUST0147,PROD020,Knit Sweater,Clothing,North,2024-06-13,2,70.85,0.0,141.71,60,81.71,PayPal,Delivered
ORD00879,CUST0181,PROD014,Wool Winter Coat,Clothing,East,2022-07-02,3,198.09,0.0,594.28,225,369.28,Credit Card,Delivered
ORD00880,CUST0054,PROD057,Granola Bars x12,Food & Beverage,West,2022-09-18,3,24.0,10.0,64.79,21,43.79,Credit Card,Delivered
ORD00881,CUST0337,PROD011,Classic White Shirt,Clothing,North,2023-01-24,4,53.7,0.0,214.81,60,154.81,PayPal,Processing
ORD00882,CUST0359,PROD052,Organic Green Tea 100g,Food & Beverage,South,2022-09-16,5,18.59,10.0,83.65,25,58.65,Debit Card,Delivered
ORD00883,CUST0006,PROD004,Bluetooth Speaker,Electronics,West,2022-01-19,5,95.27,0.0,476.36,175,301.36,Debit Card,Processing
ORD00884,CUST0343,PROD059,Energy Drink Pack x24,Food & Beverage,West,2023-08-31,2,35.0,5.0,66.5,24,42.5,Debit Card,Shipped
ORD00885,CUST0128,PROD021,Robot Vacuum Cleaner,Home & Garden,West,2022-10-26,1,304.91,0.0,304.91,140,164.91,Cash,Returned
ORD00886,CUST0202,PROD062,Tire Inflator Auto,Automotive,South,2022-09-10,3,49.47,15.0,126.15,54,72.15,Cash,Delivered
ORD00887,CUST0211,PROD037,Jump Rope Speed,Sports,West,2023-03-18,4,18.21,5.0,69.19,28,41.19,Credit Card,Returned
ORD00888,CUST0191,PROD044,Marketing Strategy,Books,Central,2023-11-14,2,40.49,0.0,80.98,20,60.98,Debit Card,Shipped
ORD00889,CUST0118,PROD055,Olive Oil Extra Virgin,Food & Beverage,North,2022-04-18,2,30.0,15.0,51.0,18,33.0,Bank Transfer,Delivered
ORD00890,CUST0286,PROD012,Denim Jeans Slim,Clothing,North,2022-11-23,1,79.76,0.0,79.76,28,51.76,Bank Transfer,Shipped
ORD00891,CUST0286,PROD052,Organic Green Tea 100g,Food & Beverage,North,2023-12-15,4,17.61,10.0,63.39,20,43.39,PayPal,Delivered
ORD00892,CUST0480,PROD027,LED Desk Lamp,Home & Garden,North,2023-02-04,5,44.04,0.0,220.22,90,130.22,PayPal,Processing
ORD00893,CUST0374,PROD063,Car Phone Mount,Automotive,South,2022-04-21,3,24.79,0.0,74.36,27,47.36,Cash,Delivered
ORD00894,CUST0348,PROD051,Premium Coffee Beans 1kg,Food & Beverage,South,2024-09-15,3,34.54,0.0,103.63,30,73.63,Debit Card,Processing
ORD00895,CUST0384,PROD038,Foam Roller,Sports,Central,2023-02-05,1,34.04,20.0,27.23,12,15.23,Cash,Delivered
ORD00896,CUST0404,PROD061,Car Dash Cam 4K,Automotive,West,2022-10-30,4,107.92,5.0,410.09,168,242.09,Debit Card,Cancelled
ORD00897,CUST0433,PROD055,Olive Oil Extra Virgin,Food & Beverage,East,2022-07-16,3,30.66,0.0,91.97,27,64.97,Credit Card,Delivered
ORD00898,CUST0069,PROD068,Car Air Freshener x5,Automotive,Central,2024-11-21,3,15.28,0.0,45.84,15,30.84,Bank Transfer,Delivered
ORD00899,CUST0305,PROD059,Energy Drink Pack x24,Food & Beverage,North,2022-09-01,2,34.28,0.0,68.55,24,44.55,Cash,Returned
ORD00900,CUST0396,PROD044,Marketing Strategy,Books,Central,2024-02-08,1,40.11,20.0,32.09,10,22.09,Bank Transfer,Delivered
ORD00901,CUST0062,PROD060,Collagen Powder 300g,Food & Beverage,South,2024-06-30,3,40.6,0.0,121.81,48,73.81,Credit Card,Delivered
ORD00902,CUST0081,PROD005,"4K Monitor 27""",Electronics,Central,2024-11-09,2,407.07,10.0,732.73,440,292.73,Cash,Delivered
ORD00903,CUST0252,PROD044,Marketing Strategy,Books,Central,2022-07-13,5,35.58,5.0,168.99,50,118.99,Bank Transfer,Delivered
ORD00904,CUST0231,PROD001,Laptop Pro 15,Electronics,East,2022-09-14,1,1158.05,15.0,984.35,750,234.35,Cash,Delivered
ORD00905,CUST0341,PROD065,Jump Starter Pack,Automotive,North,2022-02-10,4,90.0,10.0,323.99,152,171.99,Cash,Delivered
ORD00906,CUST0448,PROD019,Running Shorts,Clothing,East,2024-11-28,5,42.33,20.0,169.31,75,94.31,Credit Card,Processing
ORD00907,CUST0417,PROD010,External SSD 1TB,Electronics,North,2023-03-01,1,139.48,10.0,125.54,65,60.54,Debit Card,Delivered
ORD00908,CUST0217,PROD022,Air Purifier Pro,Home & Garden,North,2024-07-04,3,230.23,0.0,690.68,330,360.68,Cash,Delivered
ORD00909,CUST0016,PROD025,Blender Pro 1000W,Home & Garden,West,2022-11-27,1,90.11,20.0,72.09,35,37.09,Credit Card,Delivered
ORD00910,CUST0346,PROD016,Leather Belt,Clothing,South,2022-09-13,5,43.19,10.0,194.34,90,104.34,Debit Card,Delivered
ORD00911,CUST0121,PROD043,Data Science Handbook,Books,West,2022-01-01,2,62.41,10.0,112.33,36,76.33,PayPal,Shipped
ORD00912,CUST0238,PROD022,Air Purifier Pro,Home & Garden,Central,2024-06-30,2,252.84,15.0,429.82,220,209.82,PayPal,Delivered
ORD00913,CUST0282,PROD025,Blender Pro 1000W,Home & Garden,West,2023-12-23,5,89.68,0.0,448.4,175,273.4,Credit Card,Shipped
ORD00914,CUST0114,PROD008,Webcam HD 1080p,Electronics,South,2022-04-02,2,62.61,0.0,125.21,50,75.21,PayPal,Cancelled
ORD00915,CUST0387,PROD009,USB-C Hub 7-in-1,Electronics,Central,2023-03-17,2,60.21,0.0,120.41,40,80.41,Cash,Delivered
ORD00916,CUST0493,PROD012,Denim Jeans Slim,Clothing,North,2022-09-21,5,77.77,10.0,349.96,140,209.96,PayPal,Delivered
ORD00917,CUST0281,PROD070,Car Wax Premium,Automotive,North,2022-12-01,4,27.75,0.0,111.02,40,71.02,Bank Transfer,Cancelled
ORD00918,CUST0045,PROD057,Granola Bars x12,Food & Beverage,South,2022-10-21,5,20.7,15.0,87.96,35,52.96,PayPal,Returned
ORD00919,CUST0373,PROD045,Leadership Principles,Books,North,2023-01-30,3,32.41,15.0,82.64,24,58.64,Cash,Shipped
ORD00920,CUST0109,PROD040,Water Bottle 1L,Sports,North,2024-05-09,2,21.19,20.0,33.91,16,17.91,Bank Transfer,Delivered
ORD00921,CUST0237,PROD027,LED Desk Lamp,Home & Garden,South,2023-05-22,1,42.93,10.0,38.64,18,20.64,Credit Card,Shipped
ORD00922,CUST0359,PROD013,Casual Sneakers,Clothing,South,2024-04-13,1,91.76,0.0,91.76,40,51.76,PayPal,Cancelled
ORD00923,CUST0059,PROD069,LED Car Lights Kit,Automotive,Central,2023-07-14,2,37.58,0.0,75.16,28,47.16,PayPal,Delivered
ORD00924,CUST0327,PROD067,Steering Wheel Cover,Automotive,South,2024-02-12,2,28.3,0.0,56.59,22,34.59,Credit Card,Delivered
ORD00925,CUST0081,PROD068,Car Air Freshener x5,Automotive,Central,2023-09-20,5,15.96,5.0,75.83,25,50.83,Credit Card,Delivered
ORD00926,CUST0011,PROD042,Python Programming,Books,East,2023-08-01,5,52.48,0.0,262.41,75,187.41,Credit Card,Delivered
ORD00927,CUST0214,PROD068,Car Air Freshener x5,Automotive,South,2024-03-08,2,14.54,15.0,24.71,10,14.71,Cash,Delivered
ORD00928,CUST0328,PROD059,Energy Drink Pack x24,Food & Beverage,West,2024-04-04,4,35.65,0.0,142.58,48,94.58,Credit Card,Shipped
ORD00929,CUST0348,PROD034,Cycling Helmet,Sports,South,2022-11-15,2,73.35,10.0,132.04,64,68.04,PayPal,Delivered
ORD00930,CUST0001,PROD060,Collagen Powder 300g,Food & Beverage,North,2024-01-29,2,46.6,5.0,88.55,32,56.55,Bank Transfer,Delivered
ORD00931,CUST0250,PROD040,Water Bottle 1L,Sports,North,2023-12-26,4,22.01,0.0,88.04,32,56.04,Bank Transfer,Delivered
ORD00932,CUST0325,PROD014,Wool Winter Coat,Clothing,Central,2023-04-14,3,194.13,0.0,582.38,225,357.38,PayPal,Delivered
ORD00933,CUST0398,PROD013,Casual Sneakers,Clothing,North,2023-10-03,1,97.56,0.0,97.56,40,57.56,Debit Card,Cancelled
ORD00934,CUST0170,PROD019,Running Shorts,Clothing,West,2022-12-05,5,38.28,15.0,162.7,75,87.7,PayPal,Delivered
ORD00935,CUST0029,PROD020,Knit Sweater,Clothing,North,2024-10-06,1,81.93,5.0,77.84,30,47.84,Cash,Cancelled
ORD00936,CUST0078,PROD022,Air Purifier Pro,Home & Garden,South,2022-10-07,4,248.89,15.0,846.23,440,406.23,Cash,Shipped
ORD00937,CUST0341,PROD036,Gym Gloves,Sports,North,2024-04-10,1,25.58,20.0,20.47,9,11.47,Credit Card,Shipped
ORD00938,CUST0402,PROD042,Python Programming,Books,West,2024-12-30,3,52.19,15.0,133.08,45,88.08,Cash,Shipped
ORD00939,CUST0330,PROD006,Gaming Mouse,Electronics,East,2022-03-28,5,78.19,0.0,390.94,140,250.94,Cash,Cancelled
ORD00940,CUST0143,PROD007,Mechanical Keyboard,Electronics,North,2022-12-25,1,125.57,0.0,125.57,52,73.57,Cash,Delivered
ORD00941,CUST0173,PROD050,Digital Marketing,Books,East,2022-04-15,4,39.96,0.0,159.86,44,115.86,PayPal,Returned
ORD00942,CUST0165,PROD065,Jump Starter Pack,Automotive,East,2023-11-24,2,94.9,20.0,151.85,76,75.85,Credit Card,Delivered
ORD00943,CUST0089,PROD006,Gaming Mouse,Electronics,South,2024-09-16,3,75.28,0.0,225.85,84,141.85,Cash,Delivered
ORD00944,CUST0495,PROD034,Cycling Helmet,Sports,West,2023-09-17,5,84.15,0.0,420.73,160,260.73,Bank Transfer,Cancelled
ORD00945,CUST0100,PROD066,Car Vacuum Cleaner,Automotive,Central,2024-09-26,1,53.41,10.0,48.07,22,26.07,Bank Transfer,Delivered
ORD00946,CUST0319,PROD005,"4K Monitor 27""",Electronics,West,2023-12-26,1,405.46,15.0,344.64,220,124.64,Debit Card,Delivered
ORD00947,CUST0036,PROD055,Olive Oil Extra Virgin,Food & Beverage,West,2022-01-19,1,27.61,0.0,27.61,9,18.61,Credit Card,Delivered
ORD00948,CUST0281,PROD068,Car Air Freshener x5,Automotive,North,2022-11-11,4,13.87,5.0,52.71,20,32.71,Credit Card,Delivered
ORD00949,CUST0494,PROD048,SQL Mastery,Books,West,2023-05-28,2,41.75,0.0,83.51,22,61.51,PayPal,Delivered
ORD00950,CUST0278,PROD052,Organic Green Tea 100g,Food & Beverage,West,2023-01-09,5,19.12,0.0,95.61,25,70.61,Bank Transfer,Shipped
ORD00951,CUST0495,PROD069,LED Car Lights Kit,Automotive,West,2024-06-18,2,32.48,15.0,55.21,28,27.21,Bank Transfer,Delivered
ORD00952,CUST0222,PROD003,Smart Watch Ultra,Electronics,West,2023-02-11,1,327.33,0.0,327.33,140,187.33,Debit Card,Delivered
ORD00953,CUST0367,PROD042,Python Programming,Books,North,2023-11-10,1,51.26,0.0,51.26,15,36.26,Bank Transfer,Returned
ORD00954,CUST0453,PROD064,Seat Covers Set,Automotive,North,2023-06-29,1,77.75,10.0,69.98,32,37.98,Bank Transfer,Processing
ORD00955,CUST0468,PROD044,Marketing Strategy,Books,West,2022-09-18,3,39.91,20.0,95.78,30,65.78,Bank Transfer,Delivered
ORD00956,CUST0141,PROD040,Water Bottle 1L,Sports,East,2024-03-07,2,20.28,0.0,40.57,16,24.57,Credit Card,Delivered
ORD00957,CUST0209,PROD038,Foam Roller,Sports,North,2023-12-06,5,31.6,15.0,134.28,60,74.28,Debit Card,Delivered
ORD00958,CUST0082,PROD003,Smart Watch Ultra,Electronics,Central,2023-12-02,4,382.26,15.0,1299.67,560,739.67,Credit Card,Delivered
ORD00959,CUST0256,PROD038,Foam Roller,Sports,East,2023-08-16,3,34.9,20.0,83.76,36,47.76,Bank Transfer,Delivered
ORD00960,CUST0270,PROD046,Finance for Managers,Books,West,2022-11-09,5,44.99,0.0,224.97,65,159.97,Credit Card,Cancelled
ORD00961,CUST0149,PROD059,Energy Drink Pack x24,Food & Beverage,Central,2023-05-22,4,32.89,15.0,111.82,48,63.82,Credit Card,Shipped
ORD00962,CUST0303,PROD007,Mechanical Keyboard,Electronics,West,2024-10-25,5,120.77,20.0,483.1,260,223.1,Cash,Shipped
ORD00963,CUST0393,PROD020,Knit Sweater,Clothing,East,2022-11-01,2,69.31,5.0,131.68,60,71.68,Credit Card,Delivered
ORD00964,CUST0285,PROD012,Denim Jeans Slim,Clothing,West,2023-01-29,2,77.84,10.0,140.1,56,84.1,Debit Card,Delivered
ORD00965,CUST0389,PROD007,Mechanical Keyboard,Electronics,Central,2022-04-15,4,126.61,0.0,506.43,208,298.43,Debit Card,Delivered
ORD00966,CUST0427,PROD027,LED Desk Lamp,Home & Garden,South,2024-05-22,4,41.05,5.0,156.0,72,84.0,Credit Card,Delivered
ORD00967,CUST0051,PROD022,Air Purifier Pro,Home & Garden,East,2023-07-06,3,238.07,0.0,714.22,330,384.22,Bank Transfer,Delivered
ORD00968,CUST0348,PROD044,Marketing Strategy,Books,South,2022-04-08,2,34.51,0.0,69.02,20,49.02,PayPal,Delivered
ORD00969,CUST0290,PROD065,Jump Starter Pack,Automotive,Central,2024-08-24,3,96.27,0.0,288.81,114,174.81,Bank Transfer,Delivered
ORD00970,CUST0329,PROD007,Mechanical Keyboard,Electronics,Central,2024-10-03,3,124.72,0.0,374.17,156,218.17,Credit Card,Shipped
ORD00971,CUST0138,PROD027,LED Desk Lamp,Home & Garden,East,2022-09-24,3,43.75,20.0,104.99,54,50.99,PayPal,Shipped
ORD00972,CUST0460,PROD040,Water Bottle 1L,Sports,Central,2024-12-19,5,21.44,15.0,91.1,40,51.1,PayPal,Delivered
ORD00973,CUST0295,PROD068,Car Air Freshener x5,Automotive,North,2024-02-26,1,16.16,0.0,16.16,5,11.16,Cash,Delivered
ORD00974,CUST0432,PROD043,Data Science Handbook,Books,Central,2023-01-26,2,67.66,0.0,135.32,36,99.32,Credit Card,Cancelled
ORD00975,CUST0498,PROD012,Denim Jeans Slim,Clothing,South,2023-12-04,3,82.56,20.0,198.15,84,114.15,Debit Card,Delivered
ORD00976,CUST0250,PROD029,Throw Blanket Soft,Home & Garden,North,2022-11-11,1,50.91,5.0,48.36,20,28.36,Cash,Shipped
ORD00977,CUST0289,PROD006,Gaming Mouse,Electronics,Central,2023-12-13,3,78.19,15.0,199.37,84,115.37,Credit Card,Cancelled
ORD00978,CUST0014,PROD044,Marketing Strategy,Books,North,2022-05-19,4,37.38,10.0,134.58,40,94.58,Credit Card,Delivered
ORD00979,CUST0146,PROD021,Robot Vacuum Cleaner,Home & Garden,West,2023-07-16,2,286.42,10.0,515.56,280,235.56,Credit Card,Processing
ORD00980,CUST0480,PROD030,Garden Hose 50ft,Home & Garden,North,2023-01-25,4,64.94,10.0,233.77,112,121.77,Cash,Returned
ORD00981,CUST0097,PROD060,Collagen Powder 300g,Food & Beverage,North,2022-12-05,4,47.26,5.0,179.57,64,115.57,Cash,Processing
ORD00982,CUST0432,PROD007,Mechanical Keyboard,Electronics,Central,2024-03-31,5,123.1,0.0,615.52,260,355.52,Credit Card,Delivered
ORD00983,CUST0483,PROD015,Sport T-Shirt,Clothing,East,2023-03-23,5,36.38,20.0,145.51,60,85.51,Cash,Delivered
ORD00984,CUST0274,PROD004,Bluetooth Speaker,Electronics,Central,2024-12-11,3,85.5,0.0,256.5,105,151.5,PayPal,Shipped
ORD00985,CUST0236,PROD067,Steering Wheel Cover,Automotive,West,2022-09-01,2,27.4,10.0,49.32,22,27.32,Debit Card,Delivered
ORD00986,CUST0059,PROD060,Collagen Powder 300g,Food & Beverage,Central,2022-10-31,3,48.85,0.0,146.54,48,98.54,Credit Card,Shipped
ORD00987,CUST0108,PROD047,Machine Learning A-Z,Books,West,2023-05-25,2,72.5,0.0,145.0,40,105.0,PayPal,Shipped
ORD00988,CUST0414,PROD017,Formal Trousers,Clothing,North,2024-01-26,3,81.58,15.0,208.03,105,103.03,Cash,Delivered
ORD00989,CUST0497,PROD036,Gym Gloves,Sports,North,2022-10-01,4,26.99,0.0,107.97,36,71.97,PayPal,Returned
ORD00990,CUST0147,PROD033,Dumbbell Set 20kg,Sports,North,2022-01-22,3,84.0,0.0,252.01,126,126.01,Debit Card,Delivered
ORD00991,CUST0176,PROD053,Protein Powder Vanilla,Food & Beverage,West,2022-02-02,5,56.73,20.0,226.92,100,126.92,Cash,Delivered
ORD00992,CUST0054,PROD060,Collagen Powder 300g,Food & Beverage,West,2024-02-22,3,48.33,15.0,123.24,48,75.24,Cash,Delivered
ORD00993,CUST0281,PROD032,Resistance Bands Set,Sports,North,2024-06-24,2,27.98,0.0,55.96,20,35.96,Cash,Shipped
ORD00994,CUST0486,PROD055,Olive Oil Extra Virgin,Food & Beverage,Central,2024-03-20,2,27.7,15.0,47.09,18,29.09,Bank Transfer,Delivered
ORD00995,CUST0491,PROD036,Gym Gloves,Sports,South,2024-09-08,1,24.98,5.0,23.73,9,14.73,Debit Card,Processing
ORD00996,CUST0014,PROD070,Car Wax Premium,Automotive,North,2022-12-27,2,28.39,15.0,48.26,20,28.26,Debit Card,Shipped
ORD00997,CUST0076,PROD033,Dumbbell Set 20kg,Sports,East,2022-02-13,3,83.0,0.0,249.0,126,123.0,Bank Transfer,Shipped
ORD00998,CUST0114,PROD021,Robot Vacuum Cleaner,Home & Garden,South,2023-01-20,1,277.68,5.0,263.8,140,123.8,Debit Card,Delivered
ORD00999,CUST0466,PROD028,Storage Ottoman,Home & Garden,North,2024-04-04,1,78.36,0.0,78.36,32,46.36,Credit Card,Shipped
ORD01000,CUST0208,PROD055,Olive Oil Extra Virgin,Food & Beverage,West,2024-02-13,4,25.32,20.0,81.01,36,45.01,Credit Card,Processing
ORD01001,CUST0030,PROD015,Sport T-Shirt,Clothing,North,2022-03-31,2,33.24,0.0,66.48,24,42.48,PayPal,Delivered
ORD01002,CUST0299,PROD049,Entrepreneurship Now,Books,East,2022-01-28,1,39.29,0.0,39.29,9,30.29,Cash,Shipped
ORD01003,CUST0260,PROD017,Formal Trousers,Clothing,West,2023-11-25,1,83.7,5.0,79.52,35,44.52,Cash,Cancelled
ORD01004,CUST0222,PROD012,Denim Jeans Slim,Clothing,West,2022-12-01,3,76.34,0.0,229.03,84,145.03,Debit Card,Delivered
ORD01005,CUST0499,PROD064,Seat Covers Set,Automotive,Central,2023-07-02,5,73.04,20.0,292.18,160,132.18,Credit Card,Delivered
ORD01006,CUST0328,PROD058,Almond Milk 1L,Food & Beverage,West,2023-08-31,1,8.02,20.0,6.41,2,4.41,Bank Transfer,Delivered
ORD01007,CUST0372,PROD037,Jump Rope Speed,Sports,East,2023-04-05,1,17.96,5.0,17.06,7,10.06,Debit Card,Delivered
ORD01008,CUST0214,PROD023,Coffee Maker Deluxe,Home & Garden,South,2023-08-11,2,139.88,15.0,237.8,104,133.8,Bank Transfer,Shipped
ORD01009,CUST0339,PROD010,External SSD 1TB,Electronics,North,2022-08-19,4,139.15,0.0,556.61,260,296.61,Debit Card,Delivered
ORD01010,CUST0151,PROD041,Business Analytics Guide,Books,North,2023-08-01,3,41.19,0.0,123.56,36,87.56,Credit Card,Delivered
ORD01011,CUST0017,PROD050,Digital Marketing,Books,East,2022-06-23,1,40.84,0.0,40.84,11,29.84,Bank Transfer,Delivered
ORD01012,CUST0406,PROD054,Mixed Nuts 500g,Food & Beverage,North,2023-01-07,4,22.32,15.0,75.89,32,43.89,PayPal,Shipped
ORD01013,CUST0001,PROD069,LED Car Lights Kit,Automotive,North,2023-08-11,3,37.63,0.0,112.88,42,70.88,Bank Transfer,Shipped
ORD01014,CUST0118,PROD066,Car Vacuum Cleaner,Automotive,North,2023-06-28,1,58.18,20.0,46.54,22,24.54,Debit Card,Processing
ORD01015,CUST0117,PROD025,Blender Pro 1000W,Home & Garden,South,2022-10-28,3,82.73,5.0,235.78,105,130.78,Bank Transfer,Processing
ORD01016,CUST0495,PROD013,Casual Sneakers,Clothing,West,2022-08-20,5,93.62,15.0,397.89,200,197.89,PayPal,Delivered
ORD01017,CUST0464,PROD056,Dark Chocolate Bar 72%,Food & Beverage,West,2023-10-24,2,11.24,5.0,21.35,8,13.35,PayPal,Delivered
ORD01018,CUST0327,PROD051,Premium Coffee Beans 1kg,Food & Beverage,South,2024-05-18,4,33.24,5.0,126.3,40,86.3,Cash,Processing
ORD01019,CUST0467,PROD022,Air Purifier Pro,Home & Garden,East,2023-11-14,2,264.05,15.0,448.88,220,228.88,Debit Card,Delivered
ORD01020,CUST0258,PROD001,Laptop Pro 15,Electronics,East,2024-10-15,5,1208.1,10.0,5436.47,3750,1686.47,Cash,Processing
ORD01021,CUST0050,PROD013,Casual Sneakers,Clothing,East,2024-02-27,1,96.54,5.0,91.71,40,51.71,Cash,Delivered
ORD01022,CUST0196,PROD055,Olive Oil Extra Virgin,Food & Beverage,South,2023-03-26,1,26.52,0.0,26.52,9,17.52,Debit Card,Returned
ORD01023,CUST0133,PROD038,Foam Roller,Sports,North,2022-02-05,3,35.41,0.0,106.23,36,70.23,Credit Card,Delivered
ORD01024,CUST0212,PROD045,Leadership Principles,Books,West,2023-12-17,3,34.23,20.0,82.16,24,58.16,Debit Card,Delivered
ORD01025,CUST0259,PROD057,Granola Bars x12,Food & Beverage,South,2022-10-23,5,24.08,5.0,114.36,35,79.36,Debit Card,Delivered
ORD01026,CUST0463,PROD033,Dumbbell Set 20kg,Sports,Central,2023-04-05,1,93.4,0.0,93.4,42,51.4,Debit Card,Delivered
ORD01027,CUST0322,PROD062,Tire Inflator Auto,Automotive,East,2022-02-23,4,43.85,15.0,149.07,72,77.07,Credit Card,Shipped
ORD01028,CUST0329,PROD069,LED Car Lights Kit,Automotive,Central,2022-06-01,4,37.36,20.0,119.56,56,63.56,Debit Card,Delivered
ORD01029,CUST0170,PROD040,Water Bottle 1L,Sports,West,2024-01-19,2,20.15,0.0,40.3,16,24.3,Credit Card,Delivered
ORD01030,CUST0301,PROD022,Air Purifier Pro,Home & Garden,North,2024-05-02,2,262.22,5.0,498.21,220,278.21,Debit Card,Shipped
ORD01031,CUST0134,PROD045,Leadership Principles,Books,Central,2023-09-06,4,31.43,0.0,125.73,32,93.73,Bank Transfer,Processing
ORD01032,CUST0278,PROD013,Casual Sneakers,Clothing,West,2022-01-28,3,87.61,0.0,262.84,120,142.84,Credit Card,Shipped
ORD01033,CUST0170,PROD022,Air Purifier Pro,Home & Garden,West,2022-12-22,5,232.09,5.0,1102.41,550,552.41,Bank Transfer,Shipped
ORD01034,CUST0238,PROD044,Marketing Strategy,Books,Central,2024-07-19,5,39.61,0.0,198.03,50,148.03,Cash,Delivered
ORD01035,CUST0160,PROD049,Entrepreneurship Now,Books,North,2023-04-11,4,39.11,0.0,156.43,36,120.43,Credit Card,Delivered
ORD01036,CUST0163,PROD040,Water Bottle 1L,Sports,Central,2022-09-14,2,21.56,0.0,43.12,16,27.12,Debit Card,Delivered
ORD01037,CUST0075,PROD022,Air Purifier Pro,Home & Garden,South,2022-06-08,4,247.88,15.0,842.78,440,402.78,Bank Transfer,Processing
ORD01038,CUST0469,PROD014,Wool Winter Coat,Clothing,West,2022-12-04,1,200.47,15.0,170.4,75,95.4,Bank Transfer,Delivered
ORD01039,CUST0214,PROD040,Water Bottle 1L,Sports,South,2022-08-11,1,20.14,10.0,18.13,8,10.13,PayPal,Delivered
ORD01040,CUST0444,PROD035,Running Shoes Pro,Sports,North,2023-08-01,2,130.07,0.0,260.14,110,150.14,Debit Card,Delivered
ORD01041,CUST0388,PROD010,External SSD 1TB,Electronics,North,2023-09-26,2,150.54,15.0,255.92,130,125.92,Credit Card,Delivered
ORD01042,CUST0022,PROD042,Python Programming,Books,East,2022-06-24,5,55.71,10.0,250.71,75,175.71,Bank Transfer,Delivered
ORD01043,CUST0230,PROD025,Blender Pro 1000W,Home & Garden,West,2023-10-07,1,96.89,0.0,96.89,35,61.89,PayPal,Processing
ORD01044,CUST0392,PROD058,Almond Milk 1L,Food & Beverage,South,2024-03-26,5,7.51,20.0,30.05,10,20.05,Bank Transfer,Shipped
ORD01045,CUST0356,PROD049,Entrepreneurship Now,Books,South,2022-09-23,1,34.79,15.0,29.57,9,20.57,Cash,Delivered
ORD01046,CUST0027,PROD038,Foam Roller,Sports,North,2022-11-04,1,35.61,5.0,33.83,12,21.83,Bank Transfer,Delivered
ORD01047,CUST0400,PROD007,Mechanical Keyboard,Electronics,West,2022-03-18,3,120.26,15.0,306.66,156,150.66,Bank Transfer,Delivered
ORD01048,CUST0208,PROD001,Laptop Pro 15,Electronics,West,2022-07-11,2,1292.26,20.0,2067.61,1500,567.61,Debit Card,Processing
ORD01049,CUST0453,PROD044,Marketing Strategy,Books,North,2022-11-26,5,38.12,15.0,162.03,50,112.03,Cash,Shipped
ORD01050,CUST0168,PROD001,Laptop Pro 15,Electronics,North,2023-12-01,4,1268.48,0.0,5073.94,3000,2073.94,PayPal,Delivered
ORD01051,CUST0080,PROD024,Electric Kettle 1.7L,Home & Garden,North,2024-06-01,1,52.83,20.0,42.26,18,24.26,Bank Transfer,Delivered
ORD01052,CUST0364,PROD062,Tire Inflator Auto,Automotive,North,2022-06-03,2,45.6,5.0,86.64,36,50.64,Credit Card,Processing
ORD01053,CUST0036,PROD012,Denim Jeans Slim,Clothing,West,2022-10-20,3,79.74,20.0,191.39,84,107.39,Credit Card,Delivered
ORD01054,CUST0345,PROD044,Marketing Strategy,Books,South,2024-07-20,3,35.49,0.0,106.47,30,76.47,Debit Card,Delivered
ORD01055,CUST0162,PROD010,External SSD 1TB,Electronics,East,2024-01-15,3,136.76,0.0,410.28,195,215.28,Bank Transfer,Delivered
ORD01056,CUST0218,PROD015,Sport T-Shirt,Clothing,North,2024-08-27,3,36.84,5.0,105.0,36,69.0,Debit Card,Cancelled
ORD01057,CUST0013,PROD017,Formal Trousers,Clothing,West,2024-09-26,1,86.57,0.0,86.57,35,51.57,Bank Transfer,Delivered
ORD01058,CUST0188,PROD016,Leather Belt,Clothing,West,2022-09-22,4,43.8,20.0,140.16,72,68.16,Cash,Returned
ORD01059,CUST0238,PROD033,Dumbbell Set 20kg,Sports,Central,2024-02-05,1,92.24,10.0,83.02,42,41.02,Bank Transfer,Delivered
ORD01060,CUST0401,PROD031,Yoga Mat Premium,Sports,West,2022-03-29,5,49.3,0.0,246.48,90,156.48,Debit Card,Shipped
ORD01061,CUST0281,PROD012,Denim Jeans Slim,Clothing,North,2022-01-17,2,84.58,0.0,169.16,56,113.16,Bank Transfer,Delivered
ORD01062,CUST0224,PROD033,Dumbbell Set 20kg,Sports,South,2024-03-28,1,84.07,20.0,67.26,42,25.26,Bank Transfer,Shipped
ORD01063,CUST0478,PROD039,Pull-Up Bar,Sports,South,2023-12-16,4,54.65,10.0,196.75,88,108.75,Bank Transfer,Delivered
ORD01064,CUST0349,PROD047,Machine Learning A-Z,Books,North,2023-01-05,1,78.01,5.0,74.11,20,54.11,Bank Transfer,Delivered
ORD01065,CUST0490,PROD044,Marketing Strategy,Books,South,2023-11-05,1,36.61,10.0,32.95,10,22.95,Bank Transfer,Delivered
ORD01066,CUST0139,PROD061,Car Dash Cam 4K,Automotive,South,2024-09-02,1,94.61,0.0,94.61,42,52.61,Cash,Delivered
ORD01067,CUST0195,PROD044,Marketing Strategy,Books,South,2024-08-20,2,39.07,0.0,78.13,20,58.13,Cash,Delivered
ORD01068,CUST0242,PROD063,Car Phone Mount,Automotive,East,2024-02-18,1,27.18,0.0,27.18,9,18.18,Bank Transfer,Returned
ORD01069,CUST0493,PROD036,Gym Gloves,Sports,North,2023-03-14,1,23.56,0.0,23.56,9,14.56,Bank Transfer,Delivered
ORD01070,CUST0249,PROD016,Leather Belt,Clothing,Central,2022-12-27,1,41.78,0.0,41.78,18,23.78,Bank Transfer,Delivered
ORD01071,CUST0139,PROD033,Dumbbell Set 20kg,Sports,South,2024-07-13,4,89.44,15.0,304.1,168,136.1,PayPal,Delivered
ORD01072,CUST0091,PROD049,Entrepreneurship Now,Books,Central,2022-04-21,1,38.84,5.0,36.9,9,27.9,PayPal,Returned
ORD01073,CUST0319,PROD038,Foam Roller,Sports,West,2023-09-01,2,32.89,5.0,62.49,24,38.49,Bank Transfer,Delivered
ORD01074,CUST0467,PROD028,Storage Ottoman,Home & Garden,East,2022-11-26,4,72.82,15.0,247.59,128,119.59,Cash,Delivered
ORD01075,CUST0040,PROD065,Jump Starter Pack,Automotive,East,2022-01-21,5,94.04,10.0,423.17,190,233.17,Debit Card,Delivered
ORD01076,CUST0224,PROD031,Yoga Mat Premium,Sports,South,2022-10-24,3,46.48,20.0,111.54,54,57.54,PayPal,Delivered
ORD01077,CUST0180,PROD016,Leather Belt,Clothing,West,2024-07-28,2,45.0,0.0,89.99,36,53.99,Credit Card,Processing
ORD01078,CUST0391,PROD016,Leather Belt,Clothing,Central,2024-04-12,3,45.19,0.0,135.56,54,81.56,Bank Transfer,Cancelled
ORD01079,CUST0047,PROD039,Pull-Up Bar,Sports,East,2022-09-15,4,56.53,10.0,203.5,88,115.5,Credit Card,Delivered
ORD01080,CUST0334,PROD053,Protein Powder Vanilla,Food & Beverage,Central,2023-01-20,4,57.16,20.0,182.91,80,102.91,Debit Card,Shipped
ORD01081,CUST0033,PROD050,Digital Marketing,Books,Central,2023-03-19,3,37.68,0.0,113.03,33,80.03,Cash,Returned
ORD01082,CUST0394,PROD008,Webcam HD 1080p,Electronics,South,2024-01-29,3,62.32,0.0,186.97,75,111.97,Cash,Processing
ORD01083,CUST0039,PROD006,Gaming Mouse,Electronics,South,2022-09-13,4,81.35,5.0,309.14,112,197.14,Bank Transfer,Delivered
ORD01084,CUST0373,PROD037,Jump Rope Speed,Sports,North,2023-12-23,5,18.72,20.0,74.87,35,39.87,PayPal,Delivered
ORD01085,CUST0377,PROD024,Electric Kettle 1.7L,Home & Garden,North,2022-12-27,4,48.3,0.0,193.19,72,121.19,Cash,Delivered
ORD01086,CUST0099,PROD001,Laptop Pro 15,Electronics,West,2024-06-11,4,1148.41,15.0,3904.58,3000,904.58,Bank Transfer,Shipped
ORD01087,CUST0349,PROD010,External SSD 1TB,Electronics,North,2022-07-23,1,158.12,0.0,158.12,65,93.12,Credit Card,Shipped
ORD01088,CUST0346,PROD062,Tire Inflator Auto,Automotive,South,2024-04-22,1,44.97,20.0,35.97,18,17.97,Cash,Cancelled
ORD01089,CUST0327,PROD029,Throw Blanket Soft,Home & Garden,South,2022-07-24,4,55.04,20.0,176.12,80,96.12,Credit Card,Shipped
ORD01090,CUST0465,PROD046,Finance for Managers,Books,Central,2024-05-11,2,45.34,5.0,86.15,26,60.15,Cash,Delivered
ORD01091,CUST0072,PROD054,Mixed Nuts 500g,Food & Beverage,South,2023-02-05,4,26.16,0.0,104.65,32,72.65,Bank Transfer,Delivered
ORD01092,CUST0116,PROD043,Data Science Handbook,Books,West,2024-03-21,1,70.72,20.0,56.57,18,38.57,Debit Card,Delivered
ORD01093,CUST0259,PROD052,Organic Green Tea 100g,Food & Beverage,South,2023-07-03,3,17.31,20.0,41.54,15,26.54,Bank Transfer,Shipped
ORD01094,CUST0127,PROD005,"4K Monitor 27""",Electronics,North,2022-01-09,4,407.94,0.0,1631.76,880,751.76,Debit Card,Processing
ORD01095,CUST0192,PROD004,Bluetooth Speaker,Electronics,South,2024-11-28,5,85.75,0.0,428.75,175,253.75,Cash,Returned
ORD01096,CUST0426,PROD066,Car Vacuum Cleaner,Automotive,Central,2023-05-11,5,60.21,0.0,301.04,110,191.04,Cash,Shipped
ORD01097,CUST0356,PROD024,Electric Kettle 1.7L,Home & Garden,South,2022-04-16,5,48.31,15.0,205.3,90,115.3,Bank Transfer,Returned
ORD01098,CUST0403,PROD041,Business Analytics Guide,Books,South,2022-12-22,4,48.64,10.0,175.1,48,127.1,Debit Card,Delivered
ORD01099,CUST0305,PROD031,Yoga Mat Premium,Sports,North,2022-07-23,2,45.04,15.0,76.57,36,40.57,Cash,Processing
ORD01100,CUST0284,PROD033,Dumbbell Set 20kg,Sports,South,2023-06-17,5,82.93,0.0,414.66,210,204.66,Debit Card,Delivered
ORD01101,CUST0110,PROD042,Python Programming,Books,West,2022-02-22,4,49.63,20.0,158.81,60,98.81,Cash,Delivered
ORD01102,CUST0368,PROD048,SQL Mastery,Books,West,2022-06-11,5,41.01,15.0,174.3,55,119.3,Debit Card,Returned
ORD01103,CUST0045,PROD041,Business Analytics Guide,Books,South,2024-01-04,2,42.66,0.0,85.31,24,61.31,PayPal,Delivered
ORD01104,CUST0132,PROD069,LED Car Lights Kit,Automotive,West,2023-05-18,4,36.89,15.0,125.44,56,69.44,Credit Card,Delivered
ORD01105,CUST0490,PROD005,"4K Monitor 27""",Electronics,South,2022-10-22,1,462.45,10.0,416.21,220,196.21,Credit Card,Delivered
ORD01106,CUST0018,PROD033,Dumbbell Set 20kg,Sports,Central,2022-09-09,1,82.62,0.0,82.62,42,40.62,Debit Card,Delivered
ORD01107,CUST0174,PROD035,Running Shoes Pro,Sports,Central,2024-10-09,3,139.65,0.0,418.94,165,253.94,Bank Transfer,Delivered
ORD01108,CUST0412,PROD004,Bluetooth Speaker,Electronics,East,2022-02-14,4,81.41,15.0,276.79,140,136.79,Credit Card,Delivered
ORD01109,CUST0138,PROD068,Car Air Freshener x5,Automotive,East,2024-05-09,4,16.17,15.0,54.98,20,34.98,Bank Transfer,Processing
ORD01110,CUST0246,PROD054,Mixed Nuts 500g,Food & Beverage,East,2023-01-04,3,21.65,0.0,64.95,24,40.95,Cash,Shipped
ORD01111,CUST0043,PROD017,Formal Trousers,Clothing,North,2022-03-06,1,97.47,0.0,97.47,35,62.47,Bank Transfer,Returned
ORD01112,CUST0384,PROD017,Formal Trousers,Clothing,Central,2022-01-11,2,89.39,0.0,178.77,70,108.77,Credit Card,Delivered
ORD01113,CUST0120,PROD028,Storage Ottoman,Home & Garden,Central,2022-03-02,5,67.85,10.0,305.31,160,145.31,Debit Card,Delivered
ORD01114,CUST0287,PROD045,Leadership Principles,Books,North,2024-01-18,1,34.55,0.0,34.55,8,26.55,PayPal,Delivered
ORD01115,CUST0295,PROD030,Garden Hose 50ft,Home & Garden,North,2022-06-20,2,61.98,5.0,117.76,56,61.76,Debit Card,Returned
ORD01116,CUST0403,PROD050,Digital Marketing,Books,South,2023-12-15,5,41.22,5.0,195.77,55,140.77,Bank Transfer,Delivered
ORD01117,CUST0079,PROD041,Business Analytics Guide,Books,East,2024-03-30,2,42.75,0.0,85.5,24,61.5,PayPal,Returned
ORD01118,CUST0491,PROD022,Air Purifier Pro,Home & Garden,South,2022-07-30,5,263.6,10.0,1186.2,550,636.2,PayPal,Delivered
ORD01119,CUST0249,PROD060,Collagen Powder 300g,Food & Beverage,Central,2023-02-26,4,44.4,5.0,168.72,64,104.72,Bank Transfer,Delivered
ORD01120,CUST0180,PROD019,Running Shorts,Clothing,West,2023-07-11,3,43.03,10.0,116.19,45,71.19,Bank Transfer,Delivered
ORD01121,CUST0325,PROD063,Car Phone Mount,Automotive,Central,2023-12-24,3,26.99,20.0,64.77,27,37.77,Credit Card,Delivered
ORD01122,CUST0218,PROD054,Mixed Nuts 500g,Food & Beverage,North,2022-03-11,5,22.81,5.0,108.37,40,68.37,PayPal,Shipped
ORD01123,CUST0318,PROD064,Seat Covers Set,Automotive,East,2024-12-22,3,77.39,0.0,232.18,96,136.18,Debit Card,Processing
ORD01124,CUST0067,PROD024,Electric Kettle 1.7L,Home & Garden,West,2024-05-29,2,47.61,0.0,95.21,36,59.21,Debit Card,Shipped
ORD01125,CUST0221,PROD005,"4K Monitor 27""",Electronics,Central,2024-02-01,2,475.16,0.0,950.31,440,510.31,Credit Card,Delivered
ORD01126,CUST0362,PROD039,Pull-Up Bar,Sports,West,2022-01-23,3,51.85,10.0,140.0,66,74.0,PayPal,Cancelled
ORD01127,CUST0292,PROD036,Gym Gloves,Sports,South,2022-05-16,4,23.92,0.0,95.67,36,59.67,Cash,Delivered
ORD01128,CUST0317,PROD009,USB-C Hub 7-in-1,Electronics,North,2023-07-24,5,64.27,20.0,257.06,100,157.06,Credit Card,Delivered
ORD01129,CUST0427,PROD059,Energy Drink Pack x24,Food & Beverage,South,2024-05-13,4,33.72,0.0,134.9,48,86.9,Debit Card,Delivered
ORD01130,CUST0436,PROD005,"4K Monitor 27""",Electronics,South,2024-10-08,4,409.21,0.0,1636.85,880,756.85,Bank Transfer,Delivered
ORD01131,CUST0178,PROD053,Protein Powder Vanilla,Food & Beverage,East,2024-07-16,2,56.12,10.0,101.01,40,61.01,Bank Transfer,Delivered
ORD01132,CUST0439,PROD036,Gym Gloves,Sports,East,2022-02-13,3,22.59,20.0,54.21,27,27.21,Cash,Returned
ORD01133,CUST0439,PROD049,Entrepreneurship Now,Books,East,2024-08-03,3,33.34,5.0,95.03,27,68.03,Credit Card,Cancelled
ORD01134,CUST0128,PROD043,Data Science Handbook,Books,West,2024-12-16,1,62.89,0.0,62.89,18,44.89,Credit Card,Delivered
ORD01135,CUST0447,PROD025,Blender Pro 1000W,Home & Garden,Central,2024-04-30,3,84.99,20.0,203.97,105,98.97,PayPal,Delivered
ORD01136,CUST0470,PROD050,Digital Marketing,Books,Central,2023-10-04,4,40.9,5.0,155.41,44,111.41,PayPal,Shipped
ORD01137,CUST0074,PROD037,Jump Rope Speed,Sports,North,2024-07-19,4,20.32,0.0,81.3,28,53.3,PayPal,Cancelled
ORD01138,CUST0335,PROD001,Laptop Pro 15,Electronics,Central,2022-07-30,1,1133.76,20.0,907.01,750,157.01,Credit Card,Delivered
ORD01139,CUST0067,PROD067,Steering Wheel Cover,Automotive,West,2023-10-24,4,27.41,0.0,109.65,44,65.65,Debit Card,Shipped
ORD01140,CUST0358,PROD039,Pull-Up Bar,Sports,Central,2024-01-26,5,60.39,15.0,256.64,110,146.64,Credit Card,Delivered
ORD01141,CUST0303,PROD058,Almond Milk 1L,Food & Beverage,West,2022-03-30,1,7.28,0.0,7.28,2,5.28,Credit Card,Delivered
ORD01142,CUST0234,PROD036,Gym Gloves,Sports,North,2024-02-17,3,25.99,0.0,77.98,27,50.98,Cash,Delivered
ORD01143,CUST0165,PROD060,Collagen Powder 300g,Food & Beverage,East,2022-09-16,3,48.26,20.0,115.82,48,67.82,Cash,Cancelled
ORD01144,CUST0324,PROD032,Resistance Bands Set,Sports,West,2024-04-26,4,29.98,10.0,107.91,40,67.91,Cash,Delivered
ORD01145,CUST0118,PROD053,Protein Powder Vanilla,Food & Beverage,North,2024-09-05,4,60.24,0.0,240.96,80,160.96,Bank Transfer,Delivered
ORD01146,CUST0384,PROD049,Entrepreneurship Now,Books,Central,2023-06-25,3,37.52,0.0,112.57,27,85.57,Cash,Processing
ORD01147,CUST0092,PROD016,Leather Belt,Clothing,East,2023-05-12,2,46.75,0.0,93.51,36,57.51,Bank Transfer,Delivered
ORD01148,CUST0004,PROD064,Seat Covers Set,Automotive,South,2022-01-27,2,78.5,5.0,149.14,64,85.14,Debit Card,Delivered
ORD01149,CUST0030,PROD006,Gaming Mouse,Electronics,North,2023-11-29,2,83.96,20.0,134.34,56,78.34,Cash,Delivered
ORD01150,CUST0432,PROD045,Leadership Principles,Books,Central,2023-10-04,3,33.33,15.0,85.0,24,61.0,Debit Card,Processing
ORD01151,CUST0102,PROD033,Dumbbell Set 20kg,Sports,West,2022-08-05,2,83.99,0.0,167.99,84,83.99,Bank Transfer,Returned
ORD01152,CUST0474,PROD004,Bluetooth Speaker,Electronics,Central,2024-11-17,2,93.98,0.0,187.97,70,117.97,Credit Card,Delivered
ORD01153,CUST0304,PROD008,Webcam HD 1080p,Electronics,Central,2022-12-03,3,75.23,10.0,203.12,75,128.12,Credit Card,Delivered
ORD01154,CUST0274,PROD033,Dumbbell Set 20kg,Sports,Central,2022-08-08,1,84.38,5.0,80.16,42,38.16,Debit Card,Delivered
ORD01155,CUST0083,PROD047,Machine Learning A-Z,Books,North,2024-09-02,5,71.32,0.0,356.59,100,256.59,Credit Card,Cancelled
ORD01156,CUST0184,PROD004,Bluetooth Speaker,Electronics,West,2022-06-22,3,87.78,0.0,263.34,105,158.34,Bank Transfer,Delivered
ORD01157,CUST0175,PROD002,Wireless Headphones,Electronics,South,2024-11-06,3,181.22,0.0,543.65,240,303.65,PayPal,Delivered
ORD01158,CUST0241,PROD018,Polo Shirt Premium,Clothing,East,2024-02-23,4,61.02,0.0,244.08,88,156.08,Bank Transfer,Delivered
ORD01159,CUST0081,PROD041,Business Analytics Guide,Books,Central,2023-07-20,5,45.97,10.0,206.85,60,146.85,Bank Transfer,Delivered
ORD01160,CUST0133,PROD014,Wool Winter Coat,Clothing,North,2022-04-13,2,206.35,0.0,412.7,150,262.7,Credit Card,Delivered
ORD01161,CUST0101,PROD059,Energy Drink Pack x24,Food & Beverage,South,2022-03-15,5,33.36,0.0,166.82,60,106.82,Cash,Delivered
ORD01162,CUST0159,PROD036,Gym Gloves,Sports,East,2023-04-09,5,26.0,5.0,123.49,45,78.49,Bank Transfer,Delivered
ORD01163,CUST0378,PROD054,Mixed Nuts 500g,Food & Beverage,South,2023-03-27,3,23.98,0.0,71.93,24,47.93,Debit Card,Delivered
ORD01164,CUST0094,PROD015,Sport T-Shirt,Clothing,East,2023-08-13,5,33.52,0.0,167.58,60,107.58,Credit Card,Delivered
ORD01165,CUST0347,PROD016,Leather Belt,Clothing,East,2024-09-03,3,48.17,15.0,122.84,54,68.84,Debit Card,Delivered
ORD01166,CUST0252,PROD004,Bluetooth Speaker,Electronics,Central,2022-05-23,2,83.43,5.0,158.53,70,88.53,Debit Card,Returned
ORD01167,CUST0145,PROD064,Seat Covers Set,Automotive,West,2024-08-29,4,76.38,0.0,305.51,128,177.51,PayPal,Cancelled
ORD01168,CUST0400,PROD067,Steering Wheel Cover,Automotive,West,2022-12-16,1,29.55,5.0,28.07,11,17.07,Cash,Delivered
ORD01169,CUST0188,PROD064,Seat Covers Set,Automotive,West,2023-05-22,4,72.83,20.0,233.05,128,105.05,Credit Card,Delivered
ORD01170,CUST0390,PROD042,Python Programming,Books,South,2023-08-19,2,55.28,0.0,110.56,30,80.56,Debit Card,Processing
ORD01171,CUST0166,PROD035,Running Shoes Pro,Sports,North,2022-07-24,3,136.84,0.0,410.52,165,245.52,Bank Transfer,Delivered
ORD01172,CUST0477,PROD062,Tire Inflator Auto,Automotive,North,2023-12-20,5,42.82,5.0,203.38,90,113.38,PayPal,Delivered
ORD01173,CUST0012,PROD042,Python Programming,Books,Central,2022-01-28,3,52.81,0.0,158.44,45,113.44,Cash,Processing
ORD01174,CUST0331,PROD038,Foam Roller,Sports,East,2024-09-18,1,33.39,10.0,30.05,12,18.05,Credit Card,Delivered
ORD01175,CUST0111,PROD018,Polo Shirt Premium,Clothing,East,2024-04-20,2,67.07,0.0,134.14,44,90.14,PayPal,Delivered
ORD01176,CUST0302,PROD033,Dumbbell Set 20kg,Sports,West,2023-05-16,5,93.29,5.0,443.13,210,233.13,PayPal,Delivered
ORD01177,CUST0423,PROD004,Bluetooth Speaker,Electronics,North,2022-07-02,2,96.49,5.0,183.33,70,113.33,Credit Card,Returned
ORD01178,CUST0165,PROD015,Sport T-Shirt,Clothing,East,2024-07-09,5,32.72,15.0,139.08,60,79.08,PayPal,Cancelled
ORD01179,CUST0207,PROD023,Coffee Maker Deluxe,Home & Garden,Central,2024-03-11,5,126.87,0.0,634.33,260,374.33,PayPal,Delivered
ORD01180,CUST0005,PROD033,Dumbbell Set 20kg,Sports,North,2024-12-01,3,94.95,0.0,284.84,126,158.84,Bank Transfer,Processing
ORD01181,CUST0161,PROD052,Organic Green Tea 100g,Food & Beverage,East,2023-12-12,3,16.6,0.0,49.79,15,34.79,Bank Transfer,Cancelled
ORD01182,CUST0282,PROD038,Foam Roller,Sports,West,2022-10-29,4,36.27,10.0,130.56,48,82.56,PayPal,Shipped
ORD01183,CUST0400,PROD066,Car Vacuum Cleaner,Automotive,West,2022-11-30,3,54.86,0.0,164.57,66,98.57,PayPal,Delivered
ORD01184,CUST0385,PROD014,Wool Winter Coat,Clothing,North,2022-03-25,2,180.8,10.0,325.44,150,175.44,Credit Card,Delivered
ORD01185,CUST0020,PROD034,Cycling Helmet,Sports,Central,2023-09-19,1,77.9,15.0,66.21,32,34.21,Credit Card,Delivered
ORD01186,CUST0473,PROD060,Collagen Powder 300g,Food & Beverage,East,2022-10-10,3,48.41,20.0,116.18,48,68.18,Cash,Shipped
ORD01187,CUST0278,PROD048,SQL Mastery,Books,West,2022-11-14,1,43.79,0.0,43.79,11,32.79,Debit Card,Delivered
ORD01188,CUST0226,PROD058,Almond Milk 1L,Food & Beverage,South,2022-06-15,3,7.55,5.0,21.52,6,15.52,PayPal,Delivered
ORD01189,CUST0002,PROD018,Polo Shirt Premium,Clothing,Central,2024-03-02,4,63.69,0.0,254.75,88,166.75,PayPal,Cancelled
ORD01190,CUST0081,PROD003,Smart Watch Ultra,Electronics,Central,2023-09-29,2,353.46,15.0,600.88,280,320.88,PayPal,Processing
ORD01191,CUST0448,PROD037,Jump Rope Speed,Sports,East,2022-10-13,2,18.05,5.0,34.3,14,20.3,Cash,Delivered
ORD01192,CUST0384,PROD043,Data Science Handbook,Books,Central,2023-09-17,1,62.37,15.0,53.01,18,35.01,Bank Transfer,Delivered
ORD01193,CUST0311,PROD001,Laptop Pro 15,Electronics,North,2024-02-09,4,1103.05,10.0,3970.98,3000,970.98,Bank Transfer,Shipped
ORD01194,CUST0180,PROD028,Storage Ottoman,Home & Garden,West,2024-10-28,3,74.53,5.0,212.4,96,116.4,Bank Transfer,Delivered
ORD01195,CUST0048,PROD067,Steering Wheel Cover,Automotive,West,2024-04-20,4,26.26,10.0,94.54,44,50.54,Credit Card,Returned
ORD01196,CUST0241,PROD069,LED Car Lights Kit,Automotive,East,2024-05-12,1,36.79,10.0,33.11,14,19.11,PayPal,Processing
ORD01197,CUST0371,PROD065,Jump Starter Pack,Automotive,North,2024-11-14,3,82.37,10.0,222.39,114,108.39,Cash,Cancelled
ORD01198,CUST0259,PROD048,SQL Mastery,Books,South,2022-04-20,4,38.86,15.0,132.12,44,88.12,Credit Card,Delivered
ORD01199,CUST0136,PROD049,Entrepreneurship Now,Books,East,2024-11-26,4,38.44,0.0,153.77,36,117.77,Credit Card,Delivered
ORD01200,CUST0182,PROD040,Water Bottle 1L,Sports,East,2022-08-08,3,22.42,20.0,53.8,24,29.8,PayPal,Delivered
ORD01201,CUST0193,PROD027,LED Desk Lamp,Home & Garden,Central,2023-11-10,1,41.59,10.0,37.43,18,19.43,Cash,Shipped
ORD01202,CUST0096,PROD008,Webcam HD 1080p,Electronics,West,2022-04-19,2,69.22,10.0,124.6,50,74.6,Bank Transfer,Delivered
ORD01203,CUST0194,PROD007,Mechanical Keyboard,Electronics,Central,2022-11-13,3,132.31,15.0,337.39,156,181.39,Credit Card,Processing
ORD01204,CUST0447,PROD033,Dumbbell Set 20kg,Sports,Central,2023-02-16,1,81.3,0.0,81.3,42,39.3,Cash,Cancelled
ORD01205,CUST0114,PROD048,SQL Mastery,Books,South,2024-11-30,1,39.88,0.0,39.88,11,28.88,Bank Transfer,Delivered
ORD01206,CUST0136,PROD055,Olive Oil Extra Virgin,Food & Beverage,East,2024-11-01,4,27.39,0.0,109.55,36,73.55,PayPal,Delivered
ORD01207,CUST0445,PROD030,Garden Hose 50ft,Home & Garden,Central,2023-01-12,2,69.44,10.0,125.0,56,69.0,PayPal,Processing
ORD01208,CUST0092,PROD020,Knit Sweater,Clothing,East,2024-06-18,5,69.35,0.0,346.74,150,196.74,Credit Card,Delivered
ORD01209,CUST0082,PROD059,Energy Drink Pack x24,Food & Beverage,Central,2023-05-08,2,35.08,15.0,59.64,24,35.64,Cash,Delivered
ORD01210,CUST0321,PROD004,Bluetooth Speaker,Electronics,South,2024-09-10,3,85.25,0.0,255.76,105,150.76,Cash,Delivered
ORD01211,CUST0116,PROD022,Air Purifier Pro,Home & Garden,West,2023-07-18,4,243.31,20.0,778.6,440,338.6,Credit Card,Delivered
ORD01212,CUST0203,PROD045,Leadership Principles,Books,Central,2024-05-20,2,28.98,5.0,55.06,16,39.06,Credit Card,Delivered
ORD01213,CUST0471,PROD053,Protein Powder Vanilla,Food & Beverage,Central,2022-01-23,5,52.83,15.0,224.53,100,124.53,Cash,Delivered
ORD01214,CUST0438,PROD003,Smart Watch Ultra,Electronics,North,2023-12-28,2,346.76,15.0,589.49,280,309.49,Bank Transfer,Delivered
ORD01215,CUST0285,PROD026,Plant Pot Set x3,Home & Garden,West,2022-11-21,3,39.0,20.0,93.61,42,51.61,Cash,Delivered
ORD01216,CUST0078,PROD034,Cycling Helmet,Sports,South,2024-12-11,4,79.21,0.0,316.82,128,188.82,Debit Card,Delivered
ORD01217,CUST0141,PROD017,Formal Trousers,Clothing,East,2023-11-26,4,92.83,20.0,297.06,140,157.06,Debit Card,Delivered
ORD01218,CUST0342,PROD054,Mixed Nuts 500g,Food & Beverage,South,2023-09-13,4,21.93,20.0,70.17,32,38.17,Bank Transfer,Delivered
ORD01219,CUST0097,PROD048,SQL Mastery,Books,North,2024-08-24,5,43.34,10.0,195.01,55,140.01,Cash,Processing
ORD01220,CUST0211,PROD028,Storage Ottoman,Home & Garden,West,2024-12-12,3,69.44,0.0,208.32,96,112.32,Cash,Returned
ORD01221,CUST0269,PROD040,Water Bottle 1L,Sports,South,2023-12-14,5,22.52,5.0,106.96,40,66.96,Credit Card,Delivered
ORD01222,CUST0048,PROD046,Finance for Managers,Books,West,2022-11-22,2,44.13,0.0,88.25,26,62.25,Bank Transfer,Cancelled
ORD01223,CUST0190,PROD016,Leather Belt,Clothing,Central,2024-09-02,3,47.34,20.0,113.61,54,59.61,Debit Card,Delivered
ORD01224,CUST0218,PROD023,Coffee Maker Deluxe,Home & Garden,North,2022-12-23,4,135.6,5.0,515.28,208,307.28,Credit Card,Delivered
ORD01225,CUST0143,PROD052,Organic Green Tea 100g,Food & Beverage,North,2023-05-28,1,16.33,15.0,13.88,5,8.88,Credit Card,Delivered
ORD01226,CUST0458,PROD067,Steering Wheel Cover,Automotive,South,2024-02-06,5,29.76,0.0,148.81,55,93.81,Debit Card,Delivered
ORD01227,CUST0453,PROD019,Running Shorts,Clothing,North,2024-07-09,4,38.92,15.0,132.32,60,72.32,Cash,Delivered
ORD01228,CUST0093,PROD036,Gym Gloves,Sports,South,2023-02-05,3,24.96,15.0,63.64,27,36.64,PayPal,Delivered
ORD01229,CUST0246,PROD022,Air Purifier Pro,Home & Garden,East,2022-11-28,4,264.63,20.0,846.81,440,406.81,Debit Card,Delivered
ORD01230,CUST0156,PROD026,Plant Pot Set x3,Home & Garden,East,2022-02-19,1,36.69,20.0,29.35,14,15.35,Debit Card,Cancelled
ORD01231,CUST0044,PROD059,Energy Drink Pack x24,Food & Beverage,East,2024-01-07,4,35.48,20.0,113.53,48,65.53,Credit Card,Delivered
ORD01232,CUST0418,PROD063,Car Phone Mount,Automotive,South,2024-12-17,4,23.45,0.0,93.8,36,57.8,Cash,Processing
ORD01233,CUST0094,PROD054,Mixed Nuts 500g,Food & Beverage,East,2024-10-22,3,23.31,10.0,62.94,24,38.94,Debit Card,Processing
ORD01234,CUST0447,PROD034,Cycling Helmet,Sports,Central,2024-06-17,4,80.98,20.0,259.14,128,131.14,Credit Card,Delivered
ORD01235,CUST0171,PROD067,Steering Wheel Cover,Automotive,South,2022-09-18,5,27.83,0.0,139.15,55,84.15,Bank Transfer,Delivered
ORD01236,CUST0339,PROD010,External SSD 1TB,Electronics,North,2023-11-09,1,140.78,0.0,140.78,65,75.78,PayPal,Delivered
ORD01237,CUST0147,PROD040,Water Bottle 1L,Sports,North,2024-01-03,1,23.64,0.0,23.64,8,15.64,PayPal,Delivered
ORD01238,CUST0205,PROD037,Jump Rope Speed,Sports,Central,2023-05-10,5,20.64,10.0,92.88,35,57.88,PayPal,Delivered
ORD01239,CUST0088,PROD002,Wireless Headphones,Electronics,East,2022-04-27,5,206.86,0.0,1034.31,400,634.31,Cash,Delivered
ORD01240,CUST0395,PROD008,Webcam HD 1080p,Electronics,East,2023-06-23,1,62.55,5.0,59.42,25,34.42,PayPal,Delivered
ORD01241,CUST0230,PROD057,Granola Bars x12,Food & Beverage,West,2022-05-02,2,20.7,20.0,33.12,14,19.12,PayPal,Cancelled
ORD01242,CUST0206,PROD007,Mechanical Keyboard,Electronics,East,2022-05-08,2,128.83,20.0,206.13,104,102.13,Cash,Cancelled
ORD01243,CUST0473,PROD039,Pull-Up Bar,Sports,East,2022-03-14,3,60.29,5.0,171.83,66,105.83,Cash,Shipped
ORD01244,CUST0475,PROD069,LED Car Lights Kit,Automotive,East,2022-06-15,5,34.85,0.0,174.26,70,104.26,PayPal,Shipped
ORD01245,CUST0424,PROD061,Car Dash Cam 4K,Automotive,North,2022-08-02,1,98.93,0.0,98.93,42,56.93,PayPal,Delivered
ORD01246,CUST0299,PROD008,Webcam HD 1080p,Electronics,East,2023-09-14,2,62.4,0.0,124.79,50,74.79,Credit Card,Processing
ORD01247,CUST0276,PROD061,Car Dash Cam 4K,Automotive,North,2023-02-06,5,101.14,5.0,480.42,210,270.42,Credit Card,Delivered
ORD01248,CUST0330,PROD023,Coffee Maker Deluxe,Home & Garden,East,2022-04-17,4,135.85,15.0,461.91,208,253.91,Debit Card,Delivered
ORD01249,CUST0470,PROD035,Running Shoes Pro,Sports,Central,2024-05-24,5,119.65,5.0,568.36,275,293.36,Credit Card,Cancelled
ORD01250,CUST0089,PROD007,Mechanical Keyboard,Electronics,South,2024-01-24,3,121.1,5.0,345.12,156,189.12,Credit Card,Delivered
ORD01251,CUST0097,PROD054,Mixed Nuts 500g,Food & Beverage,North,2022-07-08,5,21.65,5.0,102.83,40,62.83,Cash,Delivered
ORD01252,CUST0185,PROD024,Electric Kettle 1.7L,Home & Garden,North,2022-01-31,2,52.06,0.0,104.13,36,68.13,Credit Card,Delivered
ORD01253,CUST0467,PROD034,Cycling Helmet,Sports,East,2023-01-05,3,71.79,0.0,215.37,96,119.37,Cash,Shipped
ORD01254,CUST0139,PROD060,Collagen Powder 300g,Food & Beverage,South,2023-05-16,3,41.67,5.0,118.75,48,70.75,Bank Transfer,Shipped
ORD01255,CUST0169,PROD054,Mixed Nuts 500g,Food & Beverage,South,2022-06-07,1,22.8,10.0,20.52,8,12.52,Debit Card,Delivered
ORD01256,CUST0197,PROD057,Granola Bars x12,Food & Beverage,Central,2024-01-02,2,21.75,0.0,43.5,14,29.5,PayPal,Processing
ORD01257,CUST0470,PROD016,Leather Belt,Clothing,Central,2023-08-23,2,45.24,0.0,90.48,36,54.48,PayPal,Shipped
ORD01258,CUST0256,PROD066,Car Vacuum Cleaner,Automotive,East,2024-10-28,1,50.09,5.0,47.59,22,25.59,Cash,Delivered
ORD01259,CUST0493,PROD058,Almond Milk 1L,Food & Beverage,North,2022-06-10,2,8.66,20.0,13.85,4,9.85,Cash,Delivered
ORD01260,CUST0148,PROD044,Marketing Strategy,Books,Central,2023-03-08,1,37.03,20.0,29.62,10,19.62,Debit Card,Delivered
ORD01261,CUST0292,PROD031,Yoga Mat Premium,Sports,South,2023-04-27,4,46.35,5.0,176.13,72,104.13,Credit Card,Delivered
ORD01262,CUST0413,PROD053,Protein Powder Vanilla,Food & Beverage,Central,2022-03-11,3,52.56,5.0,149.79,60,89.79,PayPal,Processing
ORD01263,CUST0239,PROD058,Almond Milk 1L,Food & Beverage,North,2022-06-23,1,7.65,10.0,6.88,2,4.88,Bank Transfer,Delivered
ORD01264,CUST0135,PROD017,Formal Trousers,Clothing,South,2024-02-23,4,88.0,0.0,352.01,140,212.01,Debit Card,Delivered
ORD01265,CUST0171,PROD042,Python Programming,Books,South,2024-06-01,5,50.07,0.0,250.37,75,175.37,Credit Card,Delivered
ORD01266,CUST0482,PROD020,Knit Sweater,Clothing,East,2023-12-14,1,81.15,20.0,64.92,30,34.92,PayPal,Cancelled
ORD01267,CUST0328,PROD017,Formal Trousers,Clothing,West,2023-06-22,5,83.95,0.0,419.77,175,244.77,PayPal,Shipped
ORD01268,CUST0200,PROD050,Digital Marketing,Books,East,2024-06-07,4,42.26,15.0,143.69,44,99.69,Credit Card,Processing
ORD01269,CUST0149,PROD068,Car Air Freshener x5,Automotive,Central,2024-03-05,3,16.08,10.0,43.4,15,28.4,Bank Transfer,Delivered
ORD01270,CUST0202,PROD042,Python Programming,Books,South,2024-11-28,3,51.29,5.0,146.17,45,101.17,Bank Transfer,Shipped
ORD01271,CUST0410,PROD002,Wireless Headphones,Electronics,South,2023-05-03,2,215.23,0.0,430.45,160,270.45,PayPal,Delivered
ORD01272,CUST0135,PROD052,Organic Green Tea 100g,Food & Beverage,South,2023-05-27,5,17.26,10.0,77.69,25,52.69,Bank Transfer,Delivered
ORD01273,CUST0009,PROD029,Throw Blanket Soft,Home & Garden,South,2023-07-16,3,52.46,0.0,157.37,60,97.37,Cash,Delivered
ORD01274,CUST0378,PROD026,Plant Pot Set x3,Home & Garden,South,2023-09-21,5,40.25,20.0,161.02,70,91.02,PayPal,Processing
ORD01275,CUST0168,PROD014,Wool Winter Coat,Clothing,North,2024-06-27,4,170.75,0.0,683.01,300,383.01,Bank Transfer,Delivered
ORD01276,CUST0015,PROD025,Blender Pro 1000W,Home & Garden,North,2024-01-05,4,91.45,10.0,329.23,140,189.23,Debit Card,Delivered
ORD01277,CUST0034,PROD006,Gaming Mouse,Electronics,South,2022-06-12,3,85.27,10.0,230.24,84,146.24,PayPal,Returned
ORD01278,CUST0012,PROD016,Leather Belt,Clothing,Central,2024-06-21,2,42.82,20.0,68.52,36,32.52,PayPal,Delivered
ORD01279,CUST0092,PROD009,USB-C Hub 7-in-1,Electronics,East,2024-10-10,2,55.78,0.0,111.57,40,71.57,Debit Card,Cancelled
ORD01280,CUST0479,PROD011,Classic White Shirt,Clothing,North,2022-04-12,2,45.22,0.0,90.44,30,60.44,Debit Card,Shipped
ORD01281,CUST0111,PROD054,Mixed Nuts 500g,Food & Beverage,East,2024-06-20,5,23.12,10.0,104.05,40,64.05,Debit Card,Delivered
ORD01282,CUST0116,PROD066,Car Vacuum Cleaner,Automotive,West,2023-06-15,3,49.68,20.0,119.23,66,53.23,PayPal,Delivered
ORD01283,CUST0086,PROD063,Car Phone Mount,Automotive,East,2022-04-02,5,23.67,0.0,118.37,45,73.37,Credit Card,Delivered
ORD01284,CUST0459,PROD014,Wool Winter Coat,Clothing,North,2022-08-20,5,173.03,0.0,865.14,375,490.14,PayPal,Delivered
ORD01285,CUST0156,PROD070,Car Wax Premium,Automotive,East,2024-05-01,1,28.79,0.0,28.79,10,18.79,Debit Card,Delivered
ORD01286,CUST0236,PROD062,Tire Inflator Auto,Automotive,West,2024-01-08,3,49.28,15.0,125.65,54,71.65,PayPal,Delivered
ORD01287,CUST0216,PROD010,External SSD 1TB,Electronics,East,2023-08-26,5,135.03,0.0,675.14,325,350.14,Credit Card,Delivered
ORD01288,CUST0101,PROD006,Gaming Mouse,Electronics,South,2022-11-04,5,71.5,10.0,321.77,140,181.77,Debit Card,Processing
ORD01289,CUST0110,PROD025,Blender Pro 1000W,Home & Garden,West,2024-11-12,5,94.05,15.0,399.69,175,224.69,PayPal,Cancelled
ORD01290,CUST0450,PROD042,Python Programming,Books,Central,2024-02-15,5,49.86,15.0,211.9,75,136.9,Debit Card,Delivered
ORD01291,CUST0042,PROD006,Gaming Mouse,Electronics,South,2022-06-10,1,86.25,0.0,86.25,28,58.25,Cash,Delivered
ORD01292,CUST0223,PROD004,Bluetooth Speaker,Electronics,South,2024-05-06,5,93.15,20.0,372.59,175,197.59,Cash,Processing
ORD01293,CUST0404,PROD022,Air Purifier Pro,Home & Garden,West,2024-08-25,5,250.01,0.0,1250.06,550,700.06,PayPal,Delivered
ORD01294,CUST0162,PROD018,Polo Shirt Premium,Clothing,East,2023-08-24,2,62.77,20.0,100.44,44,56.44,PayPal,Delivered
ORD01295,CUST0060,PROD041,Business Analytics Guide,Books,Central,2023-10-07,1,46.74,5.0,44.4,12,32.4,Bank Transfer,Delivered
ORD01296,CUST0216,PROD066,Car Vacuum Cleaner,Automotive,East,2023-12-22,5,55.06,0.0,275.31,110,165.31,Bank Transfer,Shipped
ORD01297,CUST0191,PROD027,LED Desk Lamp,Home & Garden,Central,2024-07-08,4,42.57,20.0,136.22,72,64.22,Debit Card,Cancelled
ORD01298,CUST0010,PROD005,"4K Monitor 27""",Electronics,South,2023-05-17,4,465.67,15.0,1583.28,880,703.28,Debit Card,Shipped
ORD01299,CUST0006,PROD012,Denim Jeans Slim,Clothing,West,2023-08-11,3,76.06,0.0,228.18,84,144.18,Bank Transfer,Delivered
ORD01300,CUST0043,PROD009,USB-C Hub 7-in-1,Electronics,North,2022-10-31,5,58.93,20.0,235.73,100,135.73,Debit Card,Cancelled
ORD01301,CUST0308,PROD036,Gym Gloves,Sports,West,2024-07-18,1,23.33,5.0,22.17,9,13.17,PayPal,Processing
ORD01302,CUST0115,PROD052,Organic Green Tea 100g,Food & Beverage,West,2024-08-20,1,16.66,0.0,16.66,5,11.66,Bank Transfer,Delivered
ORD01303,CUST0495,PROD014,Wool Winter Coat,Clothing,West,2022-12-08,1,175.1,20.0,140.08,75,65.08,Cash,Cancelled
ORD01304,CUST0051,PROD045,Leadership Principles,Books,East,2024-05-14,3,29.62,15.0,75.52,24,51.52,Cash,Delivered
ORD01305,CUST0113,PROD070,Car Wax Premium,Automotive,Central,2023-08-24,1,27.09,20.0,21.67,10,11.67,PayPal,Delivered
ORD01306,CUST0069,PROD065,Jump Starter Pack,Automotive,Central,2022-08-09,1,81.41,0.0,81.41,38,43.41,Bank Transfer,Cancelled
ORD01307,CUST0160,PROD062,Tire Inflator Auto,Automotive,North,2024-07-10,4,43.1,5.0,163.79,72,91.79,Debit Card,Shipped
ORD01308,CUST0347,PROD028,Storage Ottoman,Home & Garden,East,2024-11-09,1,69.78,0.0,69.78,32,37.78,Cash,Delivered
ORD01309,CUST0106,PROD043,Data Science Handbook,Books,Central,2024-07-17,4,62.67,0.0,250.66,72,178.66,Cash,Shipped
ORD01310,CUST0178,PROD009,USB-C Hub 7-in-1,Electronics,East,2023-07-27,1,55.84,5.0,53.05,20,33.05,PayPal,Delivered
ORD01311,CUST0309,PROD062,Tire Inflator Auto,Automotive,Central,2024-11-26,5,45.72,20.0,182.87,90,92.87,Bank Transfer,Delivered
ORD01312,CUST0020,PROD001,Laptop Pro 15,Electronics,Central,2024-02-26,3,1261.75,0.0,3785.26,2250,1535.26,Credit Card,Processing
ORD01313,CUST0049,PROD070,Car Wax Premium,Automotive,North,2023-03-08,4,28.11,10.0,101.19,40,61.19,Cash,Delivered
ORD01314,CUST0074,PROD035,Running Shoes Pro,Sports,North,2023-12-13,3,120.37,0.0,361.12,165,196.12,PayPal,Delivered
ORD01315,CUST0103,PROD019,Running Shorts,Clothing,West,2023-04-04,2,40.22,0.0,80.45,30,50.45,Cash,Processing
ORD01316,CUST0425,PROD068,Car Air Freshener x5,Automotive,South,2023-04-20,3,13.92,0.0,41.77,15,26.77,Cash,Processing
ORD01317,CUST0460,PROD044,Marketing Strategy,Books,Central,2022-12-12,1,38.75,0.0,38.75,10,28.75,Cash,Delivered
ORD01318,CUST0108,PROD011,Classic White Shirt,Clothing,West,2023-02-04,1,48.89,20.0,39.11,15,24.11,Credit Card,Delivered
ORD01319,CUST0090,PROD048,SQL Mastery,Books,North,2023-08-01,5,41.38,5.0,196.57,55,141.57,Cash,Delivered
ORD01320,CUST0350,PROD010,External SSD 1TB,Electronics,West,2024-07-18,3,161.46,15.0,411.71,195,216.71,Credit Card,Delivered
ORD01321,CUST0095,PROD040,Water Bottle 1L,Sports,Central,2024-06-04,4,20.96,20.0,67.06,32,35.06,Debit Card,Returned
ORD01322,CUST0393,PROD048,SQL Mastery,Books,East,2022-08-27,3,44.55,15.0,113.6,33,80.6,Debit Card,Shipped
ORD01323,CUST0181,PROD029,Throw Blanket Soft,Home & Garden,East,2023-11-01,2,55.08,0.0,110.16,40,70.16,Bank Transfer,Shipped
ORD01324,CUST0342,PROD046,Finance for Managers,Books,South,2024-11-16,1,49.99,0.0,49.99,13,36.99,Credit Card,Delivered
ORD01325,CUST0153,PROD035,Running Shoes Pro,Sports,North,2024-12-03,3,121.01,10.0,326.73,165,161.73,Credit Card,Cancelled
ORD01326,CUST0338,PROD067,Steering Wheel Cover,Automotive,West,2022-01-17,2,26.89,5.0,51.1,22,29.1,Debit Card,Shipped
ORD01327,CUST0198,PROD053,Protein Powder Vanilla,Food & Beverage,West,2023-06-28,4,51.17,20.0,163.73,80,83.73,Debit Card,Shipped
ORD01328,CUST0330,PROD021,Robot Vacuum Cleaner,Home & Garden,East,2023-08-02,2,280.97,0.0,561.95,280,281.95,Cash,Cancelled
ORD01329,CUST0282,PROD001,Laptop Pro 15,Electronics,West,2023-03-15,1,1184.24,5.0,1125.02,750,375.02,Cash,Shipped
ORD01330,CUST0453,PROD014,Wool Winter Coat,Clothing,North,2022-12-31,1,185.91,0.0,185.91,75,110.91,Cash,Delivered
ORD01331,CUST0270,PROD021,Robot Vacuum Cleaner,Home & Garden,West,2023-04-26,3,298.06,15.0,760.05,420,340.05,Debit Card,Cancelled
ORD01332,CUST0286,PROD008,Webcam HD 1080p,Electronics,North,2023-04-20,3,71.32,5.0,203.26,75,128.26,Bank Transfer,Delivered
ORD01333,CUST0315,PROD052,Organic Green Tea 100g,Food & Beverage,South,2024-09-12,3,16.55,0.0,49.64,15,34.64,PayPal,Delivered
ORD01334,CUST0215,PROD018,Polo Shirt Premium,Clothing,North,2024-07-04,3,61.72,5.0,175.89,66,109.89,Credit Card,Delivered
ORD01335,CUST0331,PROD037,Jump Rope Speed,Sports,East,2023-10-16,1,18.42,5.0,17.5,7,10.5,Debit Card,Processing
ORD01336,CUST0015,PROD005,"4K Monitor 27""",Electronics,North,2024-09-17,4,459.1,15.0,1560.92,880,680.92,Debit Card,Delivered
ORD01337,CUST0073,PROD009,USB-C Hub 7-in-1,Electronics,South,2023-07-03,5,55.64,20.0,222.55,100,122.55,Bank Transfer,Delivered
ORD01338,CUST0010,PROD070,Car Wax Premium,Automotive,South,2023-10-24,3,28.98,5.0,82.59,30,52.59,Bank Transfer,Processing
ORD01339,CUST0110,PROD070,Car Wax Premium,Automotive,West,2024-05-20,4,26.66,0.0,106.64,40,66.64,PayPal,Delivered
ORD01340,CUST0236,PROD021,Robot Vacuum Cleaner,Home & Garden,West,2023-03-25,3,307.15,0.0,921.45,420,501.45,PayPal,Delivered
ORD01341,CUST0263,PROD036,Gym Gloves,Sports,West,2023-03-30,5,26.88,10.0,120.95,45,75.95,Debit Card,Processing
ORD01342,CUST0484,PROD026,Plant Pot Set x3,Home & Garden,North,2022-08-14,5,39.86,0.0,199.32,70,129.32,Cash,Delivered
ORD01343,CUST0440,PROD056,Dark Chocolate Bar 72%,Food & Beverage,North,2022-02-13,4,11.02,15.0,37.46,16,21.46,PayPal,Cancelled
ORD01344,CUST0446,PROD063,Car Phone Mount,Automotive,South,2022-05-10,1,25.09,0.0,25.09,9,16.09,Cash,Delivered
ORD01345,CUST0293,PROD045,Leadership Principles,Books,South,2022-11-18,5,31.33,15.0,133.16,40,93.16,Debit Card,Delivered
ORD01346,CUST0316,PROD012,Denim Jeans Slim,Clothing,Central,2022-11-27,3,76.34,0.0,229.01,84,145.01,Cash,Shipped
ORD01347,CUST0093,PROD008,Webcam HD 1080p,Electronics,South,2022-01-28,1,73.77,20.0,59.01,25,34.01,Cash,Delivered
ORD01348,CUST0364,PROD028,Storage Ottoman,Home & Garden,North,2024-03-25,4,68.13,0.0,272.54,128,144.54,PayPal,Delivered
ORD01349,CUST0450,PROD070,Car Wax Premium,Automotive,Central,2023-05-22,1,26.73,0.0,26.73,10,16.73,Bank Transfer,Shipped
ORD01350,CUST0338,PROD059,Energy Drink Pack x24,Food & Beverage,West,2022-09-26,3,37.53,0.0,112.6,36,76.6,Credit Card,Delivered
ORD01351,CUST0429,PROD065,Jump Starter Pack,Automotive,East,2024-04-30,1,80.36,20.0,64.29,38,26.29,Cash,Shipped
ORD01352,CUST0343,PROD029,Throw Blanket Soft,Home & Garden,West,2022-11-07,1,57.59,20.0,46.08,20,26.08,Bank Transfer,Delivered
ORD01353,CUST0450,PROD066,Car Vacuum Cleaner,Automotive,Central,2023-10-02,3,54.18,15.0,138.15,66,72.15,Credit Card,Delivered
ORD01354,CUST0107,PROD014,Wool Winter Coat,Clothing,North,2024-07-28,2,173.87,15.0,295.58,150,145.58,Cash,Delivered
ORD01355,CUST0108,PROD015,Sport T-Shirt,Clothing,West,2023-08-20,4,32.15,5.0,122.18,48,74.18,Cash,Delivered
ORD01356,CUST0043,PROD025,Blender Pro 1000W,Home & Garden,North,2023-08-06,5,89.12,5.0,423.31,175,248.31,Credit Card,Returned
ORD01357,CUST0290,PROD040,Water Bottle 1L,Sports,Central,2024-03-17,3,23.16,15.0,59.05,24,35.05,Credit Card,Delivered
ORD01358,CUST0498,PROD018,Polo Shirt Premium,Clothing,South,2022-02-20,4,68.53,5.0,260.4,88,172.4,PayPal,Delivered
ORD01359,CUST0330,PROD030,Garden Hose 50ft,Home & Garden,East,2022-08-12,3,62.82,20.0,150.77,84,66.77,Credit Card,Delivered
ORD01360,CUST0190,PROD060,Collagen Powder 300g,Food & Beverage,Central,2022-12-13,2,48.28,5.0,91.74,32,59.74,Cash,Delivered
ORD01361,CUST0051,PROD066,Car Vacuum Cleaner,Automotive,East,2022-10-17,4,56.28,5.0,213.87,88,125.87,Cash,Shipped
ORD01362,CUST0326,PROD045,Leadership Principles,Books,North,2023-04-22,1,33.71,0.0,33.71,8,25.71,Bank Transfer,Delivered
ORD01363,CUST0397,PROD021,Robot Vacuum Cleaner,Home & Garden,South,2023-11-23,2,271.28,15.0,461.18,280,181.18,Cash,Delivered
ORD01364,CUST0129,PROD016,Leather Belt,Clothing,Central,2022-01-12,3,46.71,20.0,112.11,54,58.11,Cash,Processing
ORD01365,CUST0264,PROD014,Wool Winter Coat,Clothing,East,2024-10-20,3,206.37,0.0,619.1,225,394.1,PayPal,Delivered
ORD01366,CUST0156,PROD006,Gaming Mouse,Electronics,East,2024-09-16,5,79.87,15.0,339.43,140,199.43,Credit Card,Cancelled
ORD01367,CUST0440,PROD049,Entrepreneurship Now,Books,North,2024-05-21,1,35.1,20.0,28.08,9,19.08,Credit Card,Delivered
ORD01368,CUST0021,PROD013,Casual Sneakers,Clothing,West,2022-09-06,2,89.25,20.0,142.8,80,62.8,Credit Card,Delivered
ORD01369,CUST0052,PROD059,Energy Drink Pack x24,Food & Beverage,Central,2024-05-18,4,32.7,20.0,104.62,48,56.62,Cash,Delivered
ORD01370,CUST0414,PROD032,Resistance Bands Set,Sports,North,2024-05-06,4,26.15,0.0,104.61,40,64.61,Bank Transfer,Returned
ORD01371,CUST0395,PROD056,Dark Chocolate Bar 72%,Food & Beverage,East,2023-07-10,5,11.57,0.0,57.87,20,37.87,Cash,Shipped
ORD01372,CUST0492,PROD048,SQL Mastery,Books,North,2022-10-17,3,42.2,0.0,126.59,33,93.59,Cash,Returned
ORD01373,CUST0189,PROD023,Coffee Maker Deluxe,Home & Garden,East,2024-01-31,5,131.7,5.0,625.56,260,365.56,Bank Transfer,Delivered
ORD01374,CUST0275,PROD011,Classic White Shirt,Clothing,West,2023-11-08,2,45.71,15.0,77.71,30,47.71,Bank Transfer,Delivered
ORD01375,CUST0115,PROD056,Dark Chocolate Bar 72%,Food & Beverage,West,2024-05-02,2,11.16,0.0,22.32,8,14.32,Credit Card,Delivered
ORD01376,CUST0409,PROD009,USB-C Hub 7-in-1,Electronics,North,2023-01-20,2,61.29,10.0,110.32,40,70.32,Bank Transfer,Delivered
ORD01377,CUST0048,PROD056,Dark Chocolate Bar 72%,Food & Beverage,West,2022-05-06,5,11.92,0.0,59.62,20,39.62,Credit Card,Delivered
ORD01378,CUST0178,PROD031,Yoga Mat Premium,Sports,East,2023-04-08,3,46.16,0.0,138.48,54,84.48,PayPal,Delivered
ORD01379,CUST0117,PROD015,Sport T-Shirt,Clothing,South,2024-05-22,5,36.61,0.0,183.03,60,123.03,Cash,Processing
ORD01380,CUST0196,PROD028,Storage Ottoman,Home & Garden,South,2023-06-06,5,75.62,15.0,321.36,160,161.36,Debit Card,Delivered
ORD01381,CUST0019,PROD063,Car Phone Mount,Automotive,South,2022-11-09,1,26.15,0.0,26.15,9,17.15,Debit Card,Delivered
ORD01382,CUST0329,PROD063,Car Phone Mount,Automotive,Central,2022-07-29,2,26.48,10.0,47.67,18,29.67,Bank Transfer,Delivered
ORD01383,CUST0278,PROD008,Webcam HD 1080p,Electronics,West,2023-07-22,5,71.33,5.0,338.79,125,213.79,Debit Card,Delivered
ORD01384,CUST0279,PROD001,Laptop Pro 15,Electronics,West,2023-04-20,2,1101.92,20.0,1763.07,1500,263.07,Cash,Delivered
ORD01385,CUST0115,PROD056,Dark Chocolate Bar 72%,Food & Beverage,West,2022-12-04,4,12.9,0.0,51.6,16,35.6,Credit Card,Cancelled
ORD01386,CUST0078,PROD049,Entrepreneurship Now,Books,South,2022-04-17,2,36.08,5.0,68.56,18,50.56,Bank Transfer,Shipped
ORD01387,CUST0444,PROD039,Pull-Up Bar,Sports,North,2023-11-01,3,55.0,0.0,165.01,66,99.01,Debit Card,Delivered
ORD01388,CUST0408,PROD064,Seat Covers Set,Automotive,South,2024-02-12,4,82.26,0.0,329.03,128,201.03,PayPal,Processing
ORD01389,CUST0116,PROD030,Garden Hose 50ft,Home & Garden,West,2023-10-12,5,59.52,10.0,267.82,140,127.82,Debit Card,Returned
ORD01390,CUST0186,PROD037,Jump Rope Speed,Sports,West,2023-07-23,2,20.29,10.0,36.52,14,22.52,Bank Transfer,Delivered
ORD01391,CUST0437,PROD063,Car Phone Mount,Automotive,North,2023-05-29,1,25.29,5.0,24.03,9,15.03,PayPal,Delivered
ORD01392,CUST0030,PROD027,LED Desk Lamp,Home & Garden,North,2024-01-19,4,47.44,0.0,189.75,72,117.75,Bank Transfer,Delivered
ORD01393,CUST0442,PROD022,Air Purifier Pro,Home & Garden,North,2023-01-27,4,242.74,15.0,825.3,440,385.3,Credit Card,Delivered
ORD01394,CUST0443,PROD007,Mechanical Keyboard,Electronics,Central,2024-01-10,5,121.13,10.0,545.08,260,285.08,PayPal,Delivered
ORD01395,CUST0413,PROD053,Protein Powder Vanilla,Food & Beverage,Central,2024-01-26,3,55.03,0.0,165.09,60,105.09,Cash,Delivered
ORD01396,CUST0238,PROD017,Formal Trousers,Clothing,Central,2023-07-18,4,87.19,15.0,296.44,140,156.44,PayPal,Delivered
ORD01397,CUST0101,PROD010,External SSD 1TB,Electronics,South,2022-04-28,5,158.64,20.0,634.54,325,309.54,Bank Transfer,Returned
ORD01398,CUST0118,PROD036,Gym Gloves,Sports,North,2024-07-19,4,23.37,15.0,79.45,36,43.45,Cash,Processing
ORD01399,CUST0339,PROD015,Sport T-Shirt,Clothing,North,2022-03-20,3,31.7,15.0,80.84,36,44.84,Debit Card,Shipped
ORD01400,CUST0155,PROD062,Tire Inflator Auto,Automotive,North,2022-12-29,2,41.25,20.0,65.99,36,29.99,Credit Card,Delivered
ORD01401,CUST0439,PROD003,Smart Watch Ultra,Electronics,East,2022-05-08,3,320.9,10.0,866.44,420,446.44,PayPal,Returned
ORD01402,CUST0340,PROD017,Formal Trousers,Clothing,South,2023-02-02,5,93.23,0.0,466.13,175,291.13,PayPal,Cancelled
ORD01403,CUST0353,PROD013,Casual Sneakers,Clothing,West,2022-12-13,5,99.22,0.0,496.1,200,296.1,Cash,Delivered
ORD01404,CUST0474,PROD004,Bluetooth Speaker,Electronics,Central,2024-04-05,4,95.01,15.0,323.04,140,183.04,Credit Card,Delivered
ORD01405,CUST0126,PROD053,Protein Powder Vanilla,Food & Beverage,North,2024-10-24,2,57.52,0.0,115.04,40,75.04,Debit Card,Delivered
ORD01406,CUST0392,PROD025,Blender Pro 1000W,Home & Garden,South,2023-07-19,5,83.64,10.0,376.36,175,201.36,Bank Transfer,Delivered
ORD01407,CUST0053,PROD007,Mechanical Keyboard,Electronics,North,2022-01-07,3,123.16,0.0,369.49,156,213.49,Credit Card,Delivered
ORD01408,CUST0225,PROD069,LED Car Lights Kit,Automotive,East,2022-06-26,5,38.01,0.0,190.06,70,120.06,Credit Card,Cancelled
ORD01409,CUST0036,PROD012,Denim Jeans Slim,Clothing,West,2023-01-09,1,74.03,10.0,66.63,28,38.63,Credit Card,Processing
ORD01410,CUST0295,PROD030,Garden Hose 50ft,Home & Garden,North,2022-01-22,2,66.79,5.0,126.91,56,70.91,Credit Card,Cancelled
ORD01411,CUST0261,PROD023,Coffee Maker Deluxe,Home & Garden,Central,2023-05-21,3,137.7,15.0,351.14,156,195.14,Debit Card,Shipped
ORD01412,CUST0399,PROD059,Energy Drink Pack x24,Food & Beverage,West,2022-09-29,3,31.87,15.0,81.28,36,45.28,PayPal,Delivered
ORD01413,CUST0386,PROD028,Storage Ottoman,Home & Garden,South,2022-10-15,5,72.23,0.0,361.17,160,201.17,Debit Card,Delivered
ORD01414,CUST0200,PROD050,Digital Marketing,Books,East,2023-02-13,2,43.83,0.0,87.67,22,65.67,Bank Transfer,Delivered
ORD01415,CUST0248,PROD009,USB-C Hub 7-in-1,Electronics,Central,2024-09-30,3,59.93,0.0,179.79,60,119.79,Cash,Delivered
ORD01416,CUST0403,PROD023,Coffee Maker Deluxe,Home & Garden,South,2022-12-16,1,140.6,10.0,126.54,52,74.54,Bank Transfer,Delivered
ORD01417,CUST0034,PROD050,Digital Marketing,Books,South,2023-03-08,4,38.78,20.0,124.08,44,80.08,PayPal,Delivered
ORD01418,CUST0245,PROD049,Entrepreneurship Now,Books,East,2024-10-28,5,38.37,20.0,153.5,45,108.5,PayPal,Delivered
ORD01419,CUST0036,PROD045,Leadership Principles,Books,West,2023-03-08,3,30.2,0.0,90.59,24,66.59,Credit Card,Cancelled
ORD01420,CUST0175,PROD005,"4K Monitor 27""",Electronics,South,2024-11-24,2,447.77,5.0,850.76,440,410.76,Cash,Delivered
ORD01421,CUST0123,PROD036,Gym Gloves,Sports,South,2024-02-13,5,27.01,0.0,135.03,45,90.03,Credit Card,Shipped
ORD01422,CUST0382,PROD029,Throw Blanket Soft,Home & Garden,Central,2022-01-17,2,54.14,0.0,108.27,40,68.27,PayPal,Shipped
ORD01423,CUST0013,PROD060,Collagen Powder 300g,Food & Beverage,West,2022-07-25,2,48.72,0.0,97.44,32,65.44,Debit Card,Delivered
ORD01424,CUST0101,PROD038,Foam Roller,Sports,South,2023-01-17,1,34.57,10.0,31.12,12,19.12,Bank Transfer,Delivered
ORD01425,CUST0083,PROD061,Car Dash Cam 4K,Automotive,North,2024-06-09,4,98.48,0.0,393.91,168,225.91,PayPal,Shipped
ORD01426,CUST0405,PROD018,Polo Shirt Premium,Clothing,North,2023-11-23,4,67.32,0.0,269.28,88,181.28,Credit Card,Returned
ORD01427,CUST0184,PROD001,Laptop Pro 15,Electronics,West,2023-04-25,5,1105.89,5.0,5252.96,3750,1502.96,PayPal,Returned
ORD01428,CUST0419,PROD025,Blender Pro 1000W,Home & Garden,East,2024-03-31,5,80.61,10.0,362.74,175,187.74,Debit Card,Cancelled
ORD01429,CUST0040,PROD045,Leadership Principles,Books,East,2024-12-09,2,34.89,10.0,62.8,16,46.8,Debit Card,Delivered
ORD01430,CUST0383,PROD009,USB-C Hub 7-in-1,Electronics,Central,2023-11-14,1,64.55,0.0,64.55,20,44.55,Debit Card,Processing
ORD01431,CUST0288,PROD033,Dumbbell Set 20kg,Sports,South,2024-07-28,4,83.04,0.0,332.17,168,164.17,Debit Card,Delivered
ORD01432,CUST0105,PROD003,Smart Watch Ultra,Electronics,Central,2022-12-19,3,335.57,0.0,1006.7,420,586.7,Debit Card,Cancelled
ORD01433,CUST0191,PROD004,Bluetooth Speaker,Electronics,Central,2024-06-13,1,92.99,0.0,92.99,35,57.99,Cash,Processing
ORD01434,CUST0029,PROD042,Python Programming,Books,North,2024-02-06,1,54.75,0.0,54.75,15,39.75,Credit Card,Delivered
ORD01435,CUST0149,PROD050,Digital Marketing,Books,Central,2024-03-18,2,43.3,15.0,73.61,22,51.61,Bank Transfer,Processing
ORD01436,CUST0107,PROD070,Car Wax Premium,Automotive,North,2023-05-13,1,27.37,0.0,27.37,10,17.37,Debit Card,Delivered
ORD01437,CUST0445,PROD068,Car Air Freshener x5,Automotive,Central,2023-11-01,3,15.96,15.0,40.7,15,25.7,Bank Transfer,Delivered
ORD01438,CUST0289,PROD066,Car Vacuum Cleaner,Automotive,Central,2024-12-29,1,53.32,15.0,45.32,22,23.32,Cash,Delivered
ORD01439,CUST0287,PROD014,Wool Winter Coat,Clothing,North,2022-12-31,2,184.05,0.0,368.11,150,218.11,Cash,Processing
ORD01440,CUST0359,PROD015,Sport T-Shirt,Clothing,South,2024-03-26,1,36.02,0.0,36.02,12,24.02,Bank Transfer,Delivered
ORD01441,CUST0261,PROD020,Knit Sweater,Clothing,Central,2023-03-09,3,74.03,0.0,222.09,90,132.09,Bank Transfer,Shipped
ORD01442,CUST0432,PROD033,Dumbbell Set 20kg,Sports,Central,2024-05-21,2,85.17,5.0,161.83,84,77.83,Bank Transfer,Delivered
ORD01443,CUST0272,PROD063,Car Phone Mount,Automotive,Central,2024-05-13,2,23.32,15.0,39.64,18,21.64,Cash,Processing
ORD01444,CUST0031,PROD039,Pull-Up Bar,Sports,North,2024-08-10,1,53.31,15.0,45.31,22,23.31,Credit Card,Shipped
ORD01445,CUST0005,PROD005,"4K Monitor 27""",Electronics,North,2024-04-08,1,419.48,0.0,419.48,220,199.48,Cash,Delivered
ORD01446,CUST0426,PROD030,Garden Hose 50ft,Home & Garden,Central,2024-07-20,1,64.82,15.0,55.1,28,27.1,Bank Transfer,Delivered
ORD01447,CUST0238,PROD056,Dark Chocolate Bar 72%,Food & Beverage,Central,2022-04-22,3,11.82,15.0,30.14,12,18.14,Credit Card,Shipped
ORD01448,CUST0182,PROD044,Marketing Strategy,Books,East,2024-07-11,5,37.03,5.0,175.91,50,125.91,PayPal,Processing
ORD01449,CUST0077,PROD013,Casual Sneakers,Clothing,North,2024-01-18,1,100.42,5.0,95.4,40,55.4,Cash,Processing
ORD01450,CUST0068,PROD057,Granola Bars x12,Food & Beverage,South,2022-06-13,2,19.83,15.0,33.71,14,19.71,Cash,Delivered
ORD01451,CUST0303,PROD048,SQL Mastery,Books,West,2024-11-20,5,43.91,5.0,208.58,55,153.58,Bank Transfer,Delivered
ORD01452,CUST0500,PROD034,Cycling Helmet,Sports,South,2023-07-31,1,73.02,5.0,69.37,32,37.37,Bank Transfer,Delivered
ORD01453,CUST0254,PROD024,Electric Kettle 1.7L,Home & Garden,Central,2024-01-27,3,48.27,15.0,123.09,54,69.09,PayPal,Processing
ORD01454,CUST0357,PROD051,Premium Coffee Beans 1kg,Food & Beverage,East,2022-02-18,5,30.51,0.0,152.55,50,102.55,PayPal,Delivered
ORD01455,CUST0051,PROD047,Machine Learning A-Z,Books,East,2024-07-03,3,69.09,0.0,207.26,60,147.26,Cash,Delivered
ORD01456,CUST0432,PROD060,Collagen Powder 300g,Food & Beverage,Central,2022-03-16,5,47.15,0.0,235.74,80,155.74,Debit Card,Delivered
ORD01457,CUST0268,PROD035,Running Shoes Pro,Sports,West,2022-07-13,2,134.85,15.0,229.25,110,119.25,Bank Transfer,Delivered
ORD01458,CUST0161,PROD061,Car Dash Cam 4K,Automotive,East,2023-07-17,3,108.34,15.0,276.27,126,150.27,Cash,Delivered
ORD01459,CUST0333,PROD022,Air Purifier Pro,Home & Garden,East,2024-12-08,5,246.93,0.0,1234.65,550,684.65,PayPal,Delivered
ORD01460,CUST0399,PROD069,LED Car Lights Kit,Automotive,West,2022-10-28,5,38.34,15.0,162.94,70,92.94,Credit Card,Delivered
ORD01461,CUST0021,PROD049,Entrepreneurship Now,Books,West,2022-06-11,3,39.08,15.0,99.65,27,72.65,PayPal,Delivered
ORD01462,CUST0409,PROD021,Robot Vacuum Cleaner,Home & Garden,North,2022-02-15,2,325.93,0.0,651.86,280,371.86,Credit Card,Processing
ORD01463,CUST0205,PROD068,Car Air Freshener x5,Automotive,Central,2024-06-06,1,15.88,10.0,14.29,5,9.29,PayPal,Returned
ORD01464,CUST0485,PROD023,Coffee Maker Deluxe,Home & Garden,East,2024-11-18,5,138.14,0.0,690.7,260,430.7,Credit Card,Delivered
ORD01465,CUST0363,PROD021,Robot Vacuum Cleaner,Home & Garden,North,2024-08-26,2,314.59,5.0,597.72,280,317.72,PayPal,Shipped
ORD01466,CUST0327,PROD003,Smart Watch Ultra,Electronics,South,2023-01-16,3,349.11,0.0,1047.33,420,627.33,Cash,Delivered
ORD01467,CUST0185,PROD037,Jump Rope Speed,Sports,North,2023-01-07,3,18.14,5.0,51.69,21,30.69,Debit Card,Delivered
ORD01468,CUST0469,PROD005,"4K Monitor 27""",Electronics,West,2024-04-28,2,429.73,5.0,816.49,440,376.49,Cash,Processing
ORD01469,CUST0096,PROD003,Smart Watch Ultra,Electronics,West,2023-10-14,1,329.55,0.0,329.55,140,189.55,PayPal,Delivered
ORD01470,CUST0430,PROD061,Car Dash Cam 4K,Automotive,North,2023-08-13,5,105.47,10.0,474.63,210,264.63,Bank Transfer,Shipped
ORD01471,CUST0438,PROD038,Foam Roller,Sports,North,2023-11-05,5,34.22,10.0,154.0,60,94.0,Credit Card,Delivered
ORD01472,CUST0331,PROD069,LED Car Lights Kit,Automotive,East,2023-10-17,3,37.26,0.0,111.78,42,69.78,Bank Transfer,Cancelled
ORD01473,CUST0488,PROD063,Car Phone Mount,Automotive,East,2024-10-18,2,25.16,0.0,50.32,18,32.32,Bank Transfer,Delivered
ORD01474,CUST0001,PROD055,Olive Oil Extra Virgin,Food & Beverage,North,2022-03-08,5,30.62,15.0,130.13,45,85.13,Bank Transfer,Delivered
ORD01475,CUST0165,PROD055,Olive Oil Extra Virgin,Food & Beverage,East,2023-12-09,1,26.36,10.0,23.73,9,14.73,PayPal,Delivered
ORD01476,CUST0202,PROD031,Yoga Mat Premium,Sports,South,2023-10-08,4,46.57,0.0,186.28,72,114.28,Debit Card,Shipped
ORD01477,CUST0411,PROD023,Coffee Maker Deluxe,Home & Garden,Central,2022-12-08,5,125.17,5.0,594.57,260,334.57,Bank Transfer,Returned
ORD01478,CUST0200,PROD010,External SSD 1TB,Electronics,East,2022-02-17,3,150.68,5.0,429.44,195,234.44,Debit Card,Delivered
ORD01479,CUST0162,PROD023,Coffee Maker Deluxe,Home & Garden,East,2022-09-27,4,131.76,20.0,421.64,208,213.64,Credit Card,Delivered
ORD01480,CUST0144,PROD008,Webcam HD 1080p,Electronics,West,2023-03-24,2,75.79,10.0,136.42,50,86.42,PayPal,Delivered
ORD01481,CUST0333,PROD025,Blender Pro 1000W,Home & Garden,East,2022-11-22,4,89.89,0.0,359.57,140,219.57,Debit Card,Delivered
ORD01482,CUST0253,PROD036,Gym Gloves,Sports,South,2023-07-26,3,26.35,15.0,67.2,27,40.2,Credit Card,Shipped
ORD01483,CUST0474,PROD048,SQL Mastery,Books,Central,2023-10-13,5,42.3,5.0,200.92,55,145.92,Debit Card,Cancelled
ORD01484,CUST0160,PROD051,Premium Coffee Beans 1kg,Food & Beverage,North,2024-10-10,4,30.63,5.0,116.4,40,76.4,Debit Card,Cancelled
ORD01485,CUST0397,PROD039,Pull-Up Bar,Sports,South,2022-12-30,4,52.67,10.0,189.62,88,101.62,PayPal,Processing
ORD01486,CUST0486,PROD066,Car Vacuum Cleaner,Automotive,Central,2022-12-19,1,53.72,15.0,45.66,22,23.66,Bank Transfer,Returned
ORD01487,CUST0190,PROD025,Blender Pro 1000W,Home & Garden,Central,2024-04-20,2,91.43,10.0,164.57,70,94.57,Debit Card,Delivered
ORD01488,CUST0418,PROD025,Blender Pro 1000W,Home & Garden,South,2024-10-27,1,90.77,15.0,77.16,35,42.16,Bank Transfer,Cancelled
ORD01489,CUST0433,PROD049,Entrepreneurship Now,Books,East,2023-10-28,5,34.2,10.0,153.9,45,108.9,Bank Transfer,Shipped
ORD01490,CUST0335,PROD021,Robot Vacuum Cleaner,Home & Garden,Central,2024-01-29,1,313.53,20.0,250.82,140,110.82,Bank Transfer,Delivered
ORD01491,CUST0025,PROD040,Water Bottle 1L,Sports,South,2023-01-31,2,21.81,15.0,37.08,16,21.08,Debit Card,Delivered
ORD01492,CUST0037,PROD035,Running Shoes Pro,Sports,South,2023-02-14,3,119.52,0.0,358.57,165,193.57,Credit Card,Delivered
ORD01493,CUST0285,PROD024,Electric Kettle 1.7L,Home & Garden,West,2024-08-02,4,46.5,10.0,167.41,72,95.41,Bank Transfer,Returned
ORD01494,CUST0042,PROD041,Business Analytics Guide,Books,South,2022-12-29,4,45.0,0.0,180.01,48,132.01,Cash,Processing
ORD01495,CUST0029,PROD027,LED Desk Lamp,Home & Garden,North,2022-11-23,2,44.66,0.0,89.32,36,53.32,Credit Card,Shipped
ORD01496,CUST0456,PROD055,Olive Oil Extra Virgin,Food & Beverage,Central,2024-04-12,5,30.77,20.0,123.1,45,78.1,Bank Transfer,Delivered
ORD01497,CUST0056,PROD027,LED Desk Lamp,Home & Garden,East,2024-05-04,3,48.45,10.0,130.82,54,76.82,Credit Card,Shipped
ORD01498,CUST0277,PROD044,Marketing Strategy,Books,Central,2024-12-29,1,37.53,20.0,30.03,10,20.03,Credit Card,Delivered
ORD01499,CUST0310,PROD070,Car Wax Premium,Automotive,Central,2024-03-26,1,27.23,15.0,23.15,10,13.15,Cash,Shipped
ORD01500,CUST0246,PROD030,Garden Hose 50ft,Home & Garden,East,2024-06-20,4,68.74,0.0,274.95,112,162.95,Debit Card,Processing
ORD01501,CUST0325,PROD019,Running Shorts,Clothing,Central,2022-08-17,2,40.88,15.0,69.49,30,39.49,PayPal,Delivered
ORD01502,CUST0015,PROD065,Jump Starter Pack,Automotive,North,2023-05-13,4,83.84,0.0,335.36,152,183.36,PayPal,Shipped
ORD01503,CUST0088,PROD039,Pull-Up Bar,Sports,East,2022-06-01,4,59.39,5.0,225.69,88,137.69,Debit Card,Processing
ORD01504,CUST0268,PROD043,Data Science Handbook,Books,West,2023-12-03,3,67.46,0.0,202.38,54,148.38,Bank Transfer,Shipped
ORD01505,CUST0496,PROD068,Car Air Freshener x5,Automotive,South,2023-07-18,5,13.61,0.0,68.04,25,43.04,Debit Card,Delivered
ORD01506,CUST0330,PROD070,Car Wax Premium,Automotive,East,2022-02-23,2,30.13,10.0,54.23,20,34.23,PayPal,Shipped
ORD01507,CUST0376,PROD060,Collagen Powder 300g,Food & Beverage,North,2023-09-21,2,45.61,0.0,91.22,32,59.22,Bank Transfer,Shipped
ORD01508,CUST0364,PROD023,Coffee Maker Deluxe,Home & Garden,North,2023-08-27,2,135.29,15.0,229.99,104,125.99,Debit Card,Delivered
ORD01509,CUST0196,PROD046,Finance for Managers,Books,South,2023-08-22,4,45.67,0.0,182.68,52,130.68,Credit Card,Cancelled
ORD01510,CUST0069,PROD010,External SSD 1TB,Electronics,Central,2023-09-13,2,151.51,0.0,303.02,130,173.02,PayPal,Shipped
ORD01511,CUST0356,PROD051,Premium Coffee Beans 1kg,Food & Beverage,South,2024-11-24,4,31.85,0.0,127.41,40,87.41,PayPal,Shipped
ORD01512,CUST0141,PROD015,Sport T-Shirt,Clothing,East,2024-10-23,3,35.16,5.0,100.22,36,64.22,Bank Transfer,Shipped
ORD01513,CUST0143,PROD055,Olive Oil Extra Virgin,Food & Beverage,North,2024-12-11,4,26.18,5.0,99.49,36,63.49,Credit Card,Shipped
ORD01514,CUST0058,PROD015,Sport T-Shirt,Clothing,North,2022-05-13,3,33.07,0.0,99.22,36,63.22,Debit Card,Delivered
ORD01515,CUST0164,PROD041,Business Analytics Guide,Books,Central,2022-09-02,2,43.71,5.0,83.05,24,59.05,Cash,Cancelled
ORD01516,CUST0097,PROD019,Running Shorts,Clothing,North,2022-01-25,5,45.34,15.0,192.71,75,117.71,Debit Card,Delivered
ORD01517,CUST0137,PROD009,USB-C Hub 7-in-1,Electronics,West,2022-03-09,4,60.49,0.0,241.97,80,161.97,Cash,Delivered
ORD01518,CUST0165,PROD051,Premium Coffee Beans 1kg,Food & Beverage,East,2024-12-31,5,34.38,20.0,137.54,50,87.54,Credit Card,Delivered
ORD01519,CUST0478,PROD060,Collagen Powder 300g,Food & Beverage,South,2024-12-06,2,42.7,20.0,68.32,32,36.32,Debit Card,Shipped
ORD01520,CUST0255,PROD063,Car Phone Mount,Automotive,West,2023-05-17,2,25.95,5.0,49.3,18,31.3,Debit Card,Delivered
ORD01521,CUST0057,PROD019,Running Shorts,Clothing,South,2023-06-29,5,40.13,15.0,170.56,75,95.56,Debit Card,Shipped
ORD01522,CUST0005,PROD023,Coffee Maker Deluxe,Home & Garden,North,2022-05-11,2,129.58,0.0,259.16,104,155.16,Debit Card,Delivered
ORD01523,CUST0140,PROD028,Storage Ottoman,Home & Garden,North,2024-09-04,4,68.97,20.0,220.72,128,92.72,Credit Card,Delivered
ORD01524,CUST0119,PROD015,Sport T-Shirt,Clothing,East,2022-05-30,2,34.85,5.0,66.21,24,42.21,Credit Card,Delivered
ORD01525,CUST0259,PROD014,Wool Winter Coat,Clothing,South,2022-07-24,5,192.38,10.0,865.7,375,490.7,Bank Transfer,Delivered
ORD01526,CUST0068,PROD006,Gaming Mouse,Electronics,South,2022-01-20,5,77.89,0.0,389.45,140,249.45,Bank Transfer,Processing
ORD01527,CUST0346,PROD006,Gaming Mouse,Electronics,South,2023-02-03,5,83.83,10.0,377.24,140,237.24,Bank Transfer,Returned
ORD01528,CUST0232,PROD021,Robot Vacuum Cleaner,Home & Garden,Central,2023-05-31,4,305.06,5.0,1159.23,560,599.23,Debit Card,Delivered
ORD01529,CUST0396,PROD017,Formal Trousers,Clothing,Central,2024-09-16,5,85.15,15.0,361.89,175,186.89,PayPal,Delivered
ORD01530,CUST0012,PROD022,Air Purifier Pro,Home & Garden,Central,2024-12-25,2,241.09,15.0,409.85,220,189.85,Cash,Delivered
ORD01531,CUST0058,PROD032,Resistance Bands Set,Sports,North,2024-06-20,1,31.77,0.0,31.77,10,21.77,Bank Transfer,Delivered
ORD01532,CUST0021,PROD067,Steering Wheel Cover,Automotive,West,2024-11-09,4,28.98,0.0,115.9,44,71.9,Credit Card,Processing
ORD01533,CUST0149,PROD054,Mixed Nuts 500g,Food & Beverage,Central,2023-09-16,1,26.04,5.0,24.74,8,16.74,PayPal,Shipped
ORD01534,CUST0149,PROD033,Dumbbell Set 20kg,Sports,Central,2023-01-10,2,93.96,20.0,150.34,84,66.34,Debit Card,Delivered
ORD01535,CUST0127,PROD019,Running Shorts,Clothing,North,2024-10-24,3,40.49,10.0,109.32,45,64.32,Bank Transfer,Delivered
ORD01536,CUST0197,PROD040,Water Bottle 1L,Sports,Central,2023-09-07,5,20.73,15.0,88.08,40,48.08,Debit Card,Delivered
ORD01537,CUST0220,PROD061,Car Dash Cam 4K,Automotive,Central,2023-01-29,4,104.66,20.0,334.91,168,166.91,Debit Card,Shipped
ORD01538,CUST0402,PROD010,External SSD 1TB,Electronics,West,2022-11-18,3,162.61,5.0,463.44,195,268.44,Cash,Processing
ORD01539,CUST0188,PROD005,"4K Monitor 27""",Electronics,West,2023-07-06,2,488.96,5.0,929.02,440,489.02,PayPal,Delivered
ORD01540,CUST0466,PROD041,Business Analytics Guide,Books,North,2023-09-20,3,47.04,20.0,112.9,36,76.9,PayPal,Delivered
ORD01541,CUST0195,PROD009,USB-C Hub 7-in-1,Electronics,South,2024-05-21,5,57.74,5.0,274.28,100,174.28,Credit Card,Processing
ORD01542,CUST0045,PROD011,Classic White Shirt,Clothing,South,2024-04-07,1,53.59,0.0,53.59,15,38.59,Debit Card,Returned
ORD01543,CUST0482,PROD004,Bluetooth Speaker,Electronics,East,2023-07-16,1,94.67,0.0,94.67,35,59.67,Debit Card,Shipped
ORD01544,CUST0310,PROD011,Classic White Shirt,Clothing,Central,2023-06-09,3,52.26,0.0,156.78,45,111.78,PayPal,Delivered
ORD01545,CUST0428,PROD047,Machine Learning A-Z,Books,Central,2024-02-23,3,72.84,15.0,185.73,60,125.73,Debit Card,Processing
ORD01546,CUST0300,PROD004,Bluetooth Speaker,Electronics,East,2024-10-27,4,95.34,0.0,381.38,140,241.38,Credit Card,Delivered
ORD01547,CUST0473,PROD048,SQL Mastery,Books,East,2023-10-29,4,45.71,10.0,164.55,44,120.55,Bank Transfer,Returned
ORD01548,CUST0188,PROD056,Dark Chocolate Bar 72%,Food & Beverage,West,2022-04-05,4,12.45,15.0,42.33,16,26.33,Bank Transfer,Delivered
ORD01549,CUST0249,PROD036,Gym Gloves,Sports,Central,2024-02-08,1,23.01,15.0,19.56,9,10.56,PayPal,Delivered
ORD01550,CUST0416,PROD069,LED Car Lights Kit,Automotive,Central,2024-01-27,4,37.97,0.0,151.86,56,95.86,Bank Transfer,Delivered
ORD01551,CUST0135,PROD070,Car Wax Premium,Automotive,South,2022-06-01,3,30.67,15.0,78.21,30,48.21,Bank Transfer,Processing
ORD01552,CUST0042,PROD056,Dark Chocolate Bar 72%,Food & Beverage,South,2022-11-05,5,11.52,0.0,57.59,20,37.59,Cash,Delivered
ORD01553,CUST0281,PROD028,Storage Ottoman,Home & Garden,North,2023-05-18,3,76.09,20.0,182.62,96,86.62,PayPal,Delivered
ORD01554,CUST0164,PROD032,Resistance Bands Set,Sports,Central,2023-08-20,1,26.91,20.0,21.53,10,11.53,Credit Card,Cancelled
ORD01555,CUST0281,PROD020,Knit Sweater,Clothing,North,2023-10-05,3,81.08,5.0,231.07,90,141.07,Debit Card,Delivered
ORD01556,CUST0295,PROD027,LED Desk Lamp,Home & Garden,North,2024-08-17,2,44.65,0.0,89.29,36,53.29,Debit Card,Shipped
ORD01557,CUST0386,PROD059,Energy Drink Pack x24,Food & Beverage,South,2023-06-15,3,35.73,0.0,107.18,36,71.18,Debit Card,Delivered
ORD01558,CUST0309,PROD044,Marketing Strategy,Books,Central,2024-04-21,4,37.21,5.0,141.41,40,101.41,Credit Card,Processing
ORD01559,CUST0326,PROD035,Running Shoes Pro,Sports,North,2022-05-04,5,125.74,10.0,565.81,275,290.81,Bank Transfer,Returned
ORD01560,CUST0484,PROD021,Robot Vacuum Cleaner,Home & Garden,North,2024-10-29,3,316.35,5.0,901.6,420,481.6,PayPal,Delivered
ORD01561,CUST0112,PROD070,Car Wax Premium,Automotive,West,2022-05-18,1,28.37,10.0,25.53,10,15.53,Credit Card,Delivered
ORD01562,CUST0092,PROD028,Storage Ottoman,Home & Garden,East,2024-11-17,1,76.11,5.0,72.3,32,40.3,Cash,Shipped
ORD01563,CUST0068,PROD043,Data Science Handbook,Books,South,2023-01-26,1,68.47,5.0,65.05,18,47.05,PayPal,Delivered
ORD01564,CUST0216,PROD023,Coffee Maker Deluxe,Home & Garden,East,2022-11-08,3,117.98,15.0,300.86,156,144.86,Cash,Delivered
ORD01565,CUST0161,PROD029,Throw Blanket Soft,Home & Garden,East,2024-12-16,4,59.28,5.0,225.28,80,145.28,Cash,Delivered
ORD01566,CUST0472,PROD063,Car Phone Mount,Automotive,East,2024-03-09,1,22.54,0.0,22.54,9,13.54,Bank Transfer,Delivered
ORD01567,CUST0379,PROD029,Throw Blanket Soft,Home & Garden,West,2023-04-02,5,56.92,0.0,284.6,100,184.6,Cash,Delivered
ORD01568,CUST0113,PROD032,Resistance Bands Set,Sports,Central,2023-02-15,5,31.47,15.0,133.74,50,83.74,Cash,Delivered
ORD01569,CUST0294,PROD053,Protein Powder Vanilla,Food & Beverage,South,2022-10-31,2,52.89,0.0,105.79,40,65.79,Credit Card,Delivered
ORD01570,CUST0122,PROD049,Entrepreneurship Now,Books,Central,2022-03-22,2,36.29,0.0,72.58,18,54.58,PayPal,Cancelled
ORD01571,CUST0066,PROD062,Tire Inflator Auto,Automotive,West,2023-04-17,2,42.32,0.0,84.63,36,48.63,Bank Transfer,Returned
ORD01572,CUST0204,PROD011,Classic White Shirt,Clothing,South,2023-04-23,2,51.67,0.0,103.34,30,73.34,Debit Card,Cancelled
ORD01573,CUST0494,PROD008,Webcam HD 1080p,Electronics,West,2024-06-19,1,73.61,5.0,69.93,25,44.93,Credit Card,Delivered
ORD01574,CUST0127,PROD040,Water Bottle 1L,Sports,North,2023-03-04,4,20.02,5.0,76.06,32,44.06,Bank Transfer,Delivered
ORD01575,CUST0293,PROD019,Running Shorts,Clothing,South,2024-02-19,5,44.64,0.0,223.21,75,148.21,Debit Card,Delivered
ORD01576,CUST0004,PROD027,LED Desk Lamp,Home & Garden,South,2024-11-23,1,41.97,0.0,41.97,18,23.97,Credit Card,Cancelled
ORD01577,CUST0481,PROD039,Pull-Up Bar,Sports,South,2024-01-04,3,54.07,0.0,162.2,66,96.2,Credit Card,Processing
ORD01578,CUST0356,PROD024,Electric Kettle 1.7L,Home & Garden,South,2024-01-07,4,46.6,0.0,186.41,72,114.41,Bank Transfer,Delivered
ORD01579,CUST0126,PROD002,Wireless Headphones,Electronics,North,2024-02-18,4,195.03,20.0,624.1,320,304.1,Credit Card,Delivered
ORD01580,CUST0127,PROD033,Dumbbell Set 20kg,Sports,North,2023-09-27,1,87.83,20.0,70.26,42,28.26,PayPal,Delivered
ORD01581,CUST0180,PROD056,Dark Chocolate Bar 72%,Food & Beverage,West,2022-06-22,4,12.9,0.0,51.61,16,35.61,PayPal,Shipped
ORD01582,CUST0345,PROD070,Car Wax Premium,Automotive,South,2023-10-25,1,25.99,0.0,25.99,10,15.99,Debit Card,Delivered
ORD01583,CUST0053,PROD051,Premium Coffee Beans 1kg,Food & Beverage,North,2022-09-20,5,29.8,15.0,126.64,50,76.64,Bank Transfer,Processing
ORD01584,CUST0311,PROD057,Granola Bars x12,Food & Beverage,North,2022-05-06,5,23.33,20.0,93.32,35,58.32,PayPal,Delivered
ORD01585,CUST0351,PROD028,Storage Ottoman,Home & Garden,South,2024-04-29,2,73.79,0.0,147.58,64,83.58,Cash,Returned
ORD01586,CUST0146,PROD021,Robot Vacuum Cleaner,Home & Garden,West,2023-01-07,3,321.67,0.0,965.01,420,545.01,Debit Card,Delivered
ORD01587,CUST0205,PROD056,Dark Chocolate Bar 72%,Food & Beverage,Central,2023-02-22,3,11.77,0.0,35.31,12,23.31,PayPal,Shipped
ORD01588,CUST0130,PROD018,Polo Shirt Premium,Clothing,East,2022-02-28,1,62.81,5.0,59.67,22,37.67,Credit Card,Shipped
ORD01589,CUST0307,PROD018,Polo Shirt Premium,Clothing,West,2022-10-23,4,59.1,5.0,224.6,88,136.6,Cash,Shipped
ORD01590,CUST0411,PROD053,Protein Powder Vanilla,Food & Beverage,Central,2022-12-14,2,50.6,0.0,101.2,40,61.2,Debit Card,Delivered
ORD01591,CUST0281,PROD058,Almond Milk 1L,Food & Beverage,North,2022-05-16,1,8.75,5.0,8.31,2,6.31,Bank Transfer,Cancelled
ORD01592,CUST0275,PROD045,Leadership Principles,Books,West,2024-06-20,2,34.28,20.0,54.85,16,38.85,Credit Card,Delivered
ORD01593,CUST0465,PROD043,Data Science Handbook,Books,Central,2024-08-19,3,60.17,15.0,153.42,54,99.42,Cash,Delivered
ORD01594,CUST0253,PROD015,Sport T-Shirt,Clothing,South,2022-07-17,4,34.95,20.0,111.84,48,63.84,Cash,Delivered
ORD01595,CUST0103,PROD010,External SSD 1TB,Electronics,West,2023-03-26,5,137.97,0.0,689.84,325,364.84,Debit Card,Shipped
ORD01596,CUST0471,PROD014,Wool Winter Coat,Clothing,Central,2022-07-14,4,180.77,10.0,650.78,300,350.78,Credit Card,Delivered
ORD01597,CUST0121,PROD040,Water Bottle 1L,Sports,West,2023-05-29,2,23.01,0.0,46.02,16,30.02,PayPal,Shipped
ORD01598,CUST0341,PROD048,SQL Mastery,Books,North,2024-08-04,5,42.17,10.0,189.75,55,134.75,PayPal,Processing
ORD01599,CUST0069,PROD034,Cycling Helmet,Sports,Central,2022-09-27,3,77.77,15.0,198.31,96,102.31,Debit Card,Delivered
ORD01600,CUST0189,PROD011,Classic White Shirt,Clothing,East,2022-03-12,4,50.29,20.0,160.94,60,100.94,Debit Card,Returned
ORD01601,CUST0494,PROD049,Entrepreneurship Now,Books,West,2022-01-30,2,36.97,20.0,59.15,18,41.15,Debit Card,Delivered
ORD01602,CUST0333,PROD035,Running Shoes Pro,Sports,East,2023-10-23,1,130.86,5.0,124.32,55,69.32,PayPal,Delivered
ORD01603,CUST0160,PROD012,Denim Jeans Slim,Clothing,North,2024-04-10,4,86.78,5.0,329.78,112,217.78,Cash,Delivered
ORD01604,CUST0217,PROD041,Business Analytics Guide,Books,North,2024-06-19,1,47.2,15.0,40.12,12,28.12,Cash,Cancelled
ORD01605,CUST0076,PROD032,Resistance Bands Set,Sports,East,2023-11-22,2,27.58,20.0,44.13,20,24.13,Bank Transfer,Processing
ORD01606,CUST0126,PROD003,Smart Watch Ultra,Electronics,North,2024-07-23,1,360.73,0.0,360.73,140,220.73,Cash,Delivered
ORD01607,CUST0145,PROD057,Granola Bars x12,Food & Beverage,West,2024-01-19,4,22.63,10.0,81.45,28,53.45,Debit Card,Delivered
ORD01608,CUST0061,PROD023,Coffee Maker Deluxe,Home & Garden,North,2024-07-25,1,119.2,15.0,101.32,52,49.32,PayPal,Delivered
ORD01609,CUST0191,PROD068,Car Air Freshener x5,Automotive,Central,2023-12-13,3,14.86,10.0,40.12,15,25.12,Credit Card,Returned
ORD01610,CUST0248,PROD010,External SSD 1TB,Electronics,Central,2024-10-30,2,145.95,10.0,262.71,130,132.71,Debit Card,Delivered
ORD01611,CUST0050,PROD017,Formal Trousers,Clothing,East,2023-03-31,1,83.64,15.0,71.09,35,36.09,PayPal,Delivered
ORD01612,CUST0437,PROD042,Python Programming,Books,North,2022-11-07,5,58.96,10.0,265.32,75,190.32,Credit Card,Processing
ORD01613,CUST0483,PROD029,Throw Blanket Soft,Home & Garden,East,2024-01-13,5,52.03,10.0,234.16,100,134.16,Debit Card,Delivered
ORD01614,CUST0409,PROD050,Digital Marketing,Books,North,2022-07-25,2,41.08,20.0,65.73,22,43.73,Cash,Delivered
ORD01615,CUST0401,PROD045,Leadership Principles,Books,West,2022-11-08,5,34.83,10.0,156.74,40,116.74,Bank Transfer,Cancelled
ORD01616,CUST0131,PROD068,Car Air Freshener x5,Automotive,Central,2023-07-25,1,16.38,5.0,15.56,5,10.56,PayPal,Delivered
ORD01617,CUST0178,PROD039,Pull-Up Bar,Sports,East,2024-12-04,4,59.33,5.0,225.46,88,137.46,PayPal,Delivered
ORD01618,CUST0328,PROD018,Polo Shirt Premium,Clothing,West,2023-09-07,1,59.47,15.0,50.55,22,28.55,Cash,Shipped
ORD01619,CUST0197,PROD062,Tire Inflator Auto,Automotive,Central,2023-03-04,5,45.85,0.0,229.23,90,139.23,Credit Card,Processing
ORD01620,CUST0147,PROD068,Car Air Freshener x5,Automotive,North,2022-10-15,2,14.94,0.0,29.89,10,19.89,Debit Card,Delivered
ORD01621,CUST0294,PROD022,Air Purifier Pro,Home & Garden,South,2022-11-23,4,243.57,0.0,974.29,440,534.29,Debit Card,Processing
ORD01622,CUST0055,PROD054,Mixed Nuts 500g,Food & Beverage,South,2022-05-25,2,26.22,0.0,52.45,16,36.45,Debit Card,Cancelled
ORD01623,CUST0402,PROD043,Data Science Handbook,Books,West,2022-09-10,5,70.78,0.0,353.88,90,263.88,Debit Card,Delivered
ORD01624,CUST0265,PROD041,Business Analytics Guide,Books,North,2023-07-19,3,40.6,0.0,121.79,36,85.79,Cash,Delivered
ORD01625,CUST0080,PROD016,Leather Belt,Clothing,North,2022-07-30,5,44.74,15.0,190.14,90,100.14,Bank Transfer,Delivered
ORD01626,CUST0165,PROD040,Water Bottle 1L,Sports,East,2022-09-13,5,23.07,5.0,109.58,40,69.58,Debit Card,Delivered
ORD01627,CUST0324,PROD033,Dumbbell Set 20kg,Sports,West,2023-12-01,3,97.0,0.0,291.0,126,165.0,Bank Transfer,Processing
ORD01628,CUST0298,PROD053,Protein Powder Vanilla,Food & Beverage,South,2023-06-08,1,56.4,5.0,53.58,20,33.58,Cash,Delivered
ORD01629,CUST0410,PROD008,Webcam HD 1080p,Electronics,South,2024-09-24,3,65.2,0.0,195.6,75,120.6,Credit Card,Returned
ORD01630,CUST0129,PROD050,Digital Marketing,Books,Central,2024-01-13,2,42.95,15.0,73.02,22,51.02,Bank Transfer,Processing
ORD01631,CUST0490,PROD040,Water Bottle 1L,Sports,South,2024-06-04,4,20.05,0.0,80.2,32,48.2,PayPal,Processing
ORD01632,CUST0393,PROD034,Cycling Helmet,Sports,East,2023-07-19,3,81.22,0.0,243.65,96,147.65,Bank Transfer,Shipped
ORD01633,CUST0341,PROD059,Energy Drink Pack x24,Food & Beverage,North,2023-05-30,3,32.08,0.0,96.24,36,60.24,Bank Transfer,Delivered
ORD01634,CUST0239,PROD041,Business Analytics Guide,Books,North,2024-10-10,2,45.82,15.0,77.89,24,53.89,PayPal,Delivered
ORD01635,CUST0221,PROD021,Robot Vacuum Cleaner,Home & Garden,Central,2024-09-26,5,305.38,10.0,1374.2,700,674.2,Bank Transfer,Shipped
ORD01636,CUST0112,PROD045,Leadership Principles,Books,West,2024-02-23,1,32.65,10.0,29.39,8,21.39,Credit Card,Delivered
ORD01637,CUST0184,PROD011,Classic White Shirt,Clothing,West,2022-08-29,2,47.63,15.0,80.98,30,50.98,Cash,Delivered
ORD01638,CUST0287,PROD053,Protein Powder Vanilla,Food & Beverage,North,2024-03-17,1,53.32,20.0,42.66,20,22.66,Bank Transfer,Cancelled
ORD01639,CUST0353,PROD040,Water Bottle 1L,Sports,West,2024-12-06,1,23.94,20.0,19.15,8,11.15,Bank Transfer,Shipped
ORD01640,CUST0241,PROD052,Organic Green Tea 100g,Food & Beverage,East,2022-02-22,2,18.24,0.0,36.48,10,26.48,PayPal,Delivered
ORD01641,CUST0074,PROD043,Data Science Handbook,Books,North,2024-04-24,1,67.98,20.0,54.38,18,36.38,PayPal,Delivered
ORD01642,CUST0091,PROD047,Machine Learning A-Z,Books,Central,2023-12-06,3,78.82,0.0,236.46,60,176.46,PayPal,Delivered
ORD01643,CUST0377,PROD053,Protein Powder Vanilla,Food & Beverage,North,2022-04-08,3,54.54,15.0,139.08,60,79.08,PayPal,Processing
ORD01644,CUST0225,PROD004,Bluetooth Speaker,Electronics,East,2022-11-25,2,90.04,20.0,144.07,70,74.07,Cash,Shipped
ORD01645,CUST0496,PROD053,Protein Powder Vanilla,Food & Beverage,South,2024-04-01,3,58.09,0.0,174.27,60,114.27,Bank Transfer,Cancelled
ORD01646,CUST0183,PROD045,Leadership Principles,Books,North,2023-11-15,3,32.74,15.0,83.5,24,59.5,Debit Card,Delivered
ORD01647,CUST0214,PROD065,Jump Starter Pack,Automotive,South,2023-09-19,1,96.37,0.0,96.37,38,58.37,Bank Transfer,Delivered
ORD01648,CUST0039,PROD033,Dumbbell Set 20kg,Sports,South,2024-10-15,2,93.57,0.0,187.13,84,103.13,PayPal,Cancelled
ORD01649,CUST0026,PROD063,Car Phone Mount,Automotive,South,2024-09-21,3,24.19,5.0,68.93,27,41.93,PayPal,Processing
ORD01650,CUST0470,PROD008,Webcam HD 1080p,Electronics,Central,2022-12-12,3,62.32,0.0,186.96,75,111.96,Cash,Delivered
ORD01651,CUST0496,PROD065,Jump Starter Pack,Automotive,South,2024-11-02,5,85.37,10.0,384.18,190,194.18,Cash,Delivered
ORD01652,CUST0037,PROD066,Car Vacuum Cleaner,Automotive,South,2022-06-05,2,50.53,15.0,85.9,44,41.9,Cash,Cancelled
ORD01653,CUST0486,PROD058,Almond Milk 1L,Food & Beverage,Central,2024-04-08,3,7.43,0.0,22.3,6,16.3,Cash,Delivered
ORD01654,CUST0409,PROD026,Plant Pot Set x3,Home & Garden,North,2022-09-30,4,35.91,15.0,122.09,56,66.09,PayPal,Shipped
ORD01655,CUST0382,PROD051,Premium Coffee Beans 1kg,Food & Beverage,Central,2022-06-18,3,35.2,5.0,100.31,30,70.31,Credit Card,Delivered
ORD01656,CUST0010,PROD011,Classic White Shirt,Clothing,South,2022-11-14,3,44.36,0.0,133.07,45,88.07,Debit Card,Delivered
ORD01657,CUST0418,PROD022,Air Purifier Pro,Home & Garden,South,2023-04-08,4,256.37,0.0,1025.46,440,585.46,Debit Card,Delivered
ORD01658,CUST0267,PROD037,Jump Rope Speed,Sports,East,2023-05-15,1,20.36,5.0,19.34,7,12.34,Bank Transfer,Delivered
ORD01659,CUST0211,PROD045,Leadership Principles,Books,West,2023-01-29,4,29.99,10.0,107.97,32,75.97,Cash,Delivered
ORD01660,CUST0288,PROD054,Mixed Nuts 500g,Food & Beverage,South,2024-03-03,3,24.99,0.0,74.98,24,50.98,PayPal,Delivered
ORD01661,CUST0445,PROD053,Protein Powder Vanilla,Food & Beverage,Central,2024-01-17,2,53.02,0.0,106.04,40,66.04,Credit Card,Returned
ORD01662,CUST0418,PROD053,Protein Powder Vanilla,Food & Beverage,South,2022-10-03,3,58.96,15.0,150.35,60,90.35,Debit Card,Processing
ORD01663,CUST0315,PROD039,Pull-Up Bar,Sports,South,2022-09-21,1,60.29,20.0,48.23,22,26.23,Cash,Shipped
ORD01664,CUST0237,PROD042,Python Programming,Books,South,2023-10-05,1,58.38,10.0,52.54,15,37.54,Debit Card,Shipped
ORD01665,CUST0215,PROD067,Steering Wheel Cover,Automotive,North,2023-04-04,4,27.66,20.0,88.52,44,44.52,Credit Card,Delivered
ORD01666,CUST0498,PROD018,Polo Shirt Premium,Clothing,South,2024-06-15,4,66.18,0.0,264.74,88,176.74,Debit Card,Delivered
ORD01667,CUST0497,PROD037,Jump Rope Speed,Sports,North,2024-07-07,5,19.57,0.0,97.86,35,62.86,Bank Transfer,Cancelled
ORD01668,CUST0250,PROD033,Dumbbell Set 20kg,Sports,North,2022-10-30,1,92.24,0.0,92.24,42,50.24,PayPal,Delivered
ORD01669,CUST0312,PROD021,Robot Vacuum Cleaner,Home & Garden,South,2022-02-26,5,298.45,15.0,1268.41,700,568.41,Debit Card,Returned
ORD01670,CUST0313,PROD050,Digital Marketing,Books,North,2023-03-17,4,38.48,15.0,130.83,44,86.83,PayPal,Delivered
ORD01671,CUST0303,PROD053,Protein Powder Vanilla,Food & Beverage,West,2024-11-06,4,51.09,10.0,183.91,80,103.91,Cash,Delivered
ORD01672,CUST0188,PROD010,External SSD 1TB,Electronics,West,2022-01-14,5,135.68,20.0,542.71,325,217.71,PayPal,Delivered
ORD01673,CUST0087,PROD043,Data Science Handbook,Books,North,2022-05-26,5,59.33,5.0,281.8,90,191.8,Debit Card,Shipped
ORD01674,CUST0005,PROD045,Leadership Principles,Books,North,2023-05-25,5,33.75,0.0,168.76,40,128.76,Debit Card,Delivered
ORD01675,CUST0354,PROD008,Webcam HD 1080p,Electronics,Central,2024-10-10,1,66.68,0.0,66.68,25,41.68,Bank Transfer,Delivered
ORD01676,CUST0344,PROD018,Polo Shirt Premium,Clothing,North,2024-03-04,4,63.46,5.0,241.14,88,153.14,Debit Card,Processing
ORD01677,CUST0054,PROD045,Leadership Principles,Books,West,2023-01-10,1,30.79,0.0,30.79,8,22.79,Bank Transfer,Cancelled
ORD01678,CUST0126,PROD011,Classic White Shirt,Clothing,North,2024-10-20,1,45.91,5.0,43.61,15,28.61,Debit Card,Delivered
ORD01679,CUST0067,PROD026,Plant Pot Set x3,Home & Garden,West,2022-06-17,3,38.62,0.0,115.87,42,73.87,Cash,Delivered
ORD01680,CUST0478,PROD031,Yoga Mat Premium,Sports,South,2022-05-05,5,41.03,0.0,205.16,90,115.16,Credit Card,Delivered
ORD01681,CUST0240,PROD013,Casual Sneakers,Clothing,Central,2024-12-19,1,85.59,5.0,81.31,40,41.31,PayPal,Delivered
ORD01682,CUST0315,PROD056,Dark Chocolate Bar 72%,Food & Beverage,South,2024-02-07,1,13.09,0.0,13.09,4,9.09,Cash,Delivered
ORD01683,CUST0050,PROD024,Electric Kettle 1.7L,Home & Garden,East,2023-03-24,3,45.05,15.0,114.88,54,60.88,Debit Card,Delivered
ORD01684,CUST0300,PROD039,Pull-Up Bar,Sports,East,2022-12-29,4,57.27,20.0,183.26,88,95.26,Debit Card,Delivered
ORD01685,CUST0111,PROD012,Denim Jeans Slim,Clothing,East,2024-06-30,1,80.93,10.0,72.84,28,44.84,Credit Card,Processing
ORD01686,CUST0058,PROD014,Wool Winter Coat,Clothing,North,2023-10-01,3,174.17,15.0,444.14,225,219.14,Debit Card,Delivered
ORD01687,CUST0240,PROD021,Robot Vacuum Cleaner,Home & Garden,Central,2022-12-09,1,298.86,10.0,268.97,140,128.97,Debit Card,Returned
ORD01688,CUST0491,PROD052,Organic Green Tea 100g,Food & Beverage,South,2023-11-22,4,19.54,10.0,70.35,20,50.35,Bank Transfer,Processing
ORD01689,CUST0398,PROD052,Organic Green Tea 100g,Food & Beverage,North,2022-08-27,5,16.44,0.0,82.18,25,57.18,PayPal,Delivered
ORD01690,CUST0001,PROD011,Classic White Shirt,Clothing,North,2024-10-02,2,51.88,0.0,103.76,30,73.76,PayPal,Delivered
ORD01691,CUST0085,PROD012,Denim Jeans Slim,Clothing,West,2024-09-10,5,72.66,10.0,326.97,140,186.97,Credit Card,Shipped
ORD01692,CUST0201,PROD050,Digital Marketing,Books,East,2023-10-19,5,40.5,15.0,172.14,55,117.14,Cash,Delivered
ORD01693,CUST0223,PROD036,Gym Gloves,Sports,South,2023-02-16,3,24.1,5.0,68.69,27,41.69,Debit Card,Delivered
ORD01694,CUST0415,PROD036,Gym Gloves,Sports,North,2024-05-23,4,24.68,0.0,98.7,36,62.7,Bank Transfer,Delivered
ORD01695,CUST0150,PROD041,Business Analytics Guide,Books,East,2022-08-02,3,45.55,10.0,122.99,36,86.99,Bank Transfer,Delivered
ORD01696,CUST0048,PROD055,Olive Oil Extra Virgin,Food & Beverage,West,2023-08-12,1,28.15,0.0,28.15,9,19.15,Debit Card,Cancelled
ORD01697,CUST0237,PROD060,Collagen Powder 300g,Food & Beverage,South,2023-09-21,5,47.23,10.0,212.54,80,132.54,Cash,Delivered
ORD01698,CUST0444,PROD008,Webcam HD 1080p,Electronics,North,2023-10-05,1,69.47,0.0,69.47,25,44.47,PayPal,Delivered
ORD01699,CUST0300,PROD007,Mechanical Keyboard,Electronics,East,2023-12-22,5,117.45,20.0,469.81,260,209.81,Bank Transfer,Shipped
ORD01700,CUST0476,PROD006,Gaming Mouse,Electronics,South,2024-12-09,2,79.14,15.0,134.53,56,78.53,Credit Card,Cancelled
ORD01701,CUST0064,PROD034,Cycling Helmet,Sports,West,2022-07-22,4,86.11,0.0,344.44,128,216.44,PayPal,Delivered
ORD01702,CUST0100,PROD055,Olive Oil Extra Virgin,Food & Beverage,Central,2023-02-21,4,26.36,15.0,89.62,36,53.62,Cash,Delivered
ORD01703,CUST0379,PROD026,Plant Pot Set x3,Home & Garden,West,2024-02-21,2,42.12,0.0,84.25,28,56.25,PayPal,Delivered
ORD01704,CUST0388,PROD009,USB-C Hub 7-in-1,Electronics,North,2023-05-08,3,64.72,5.0,184.44,60,124.44,Debit Card,Delivered
ORD01705,CUST0489,PROD002,Wireless Headphones,Electronics,West,2024-04-03,1,185.31,10.0,166.78,80,86.78,Debit Card,Shipped
ORD01706,CUST0061,PROD065,Jump Starter Pack,Automotive,North,2023-06-13,4,92.21,15.0,313.52,152,161.52,PayPal,Delivered
ORD01707,CUST0268,PROD037,Jump Rope Speed,Sports,West,2023-07-13,4,19.72,5.0,74.95,28,46.95,Bank Transfer,Delivered
ORD01708,CUST0301,PROD013,Casual Sneakers,Clothing,North,2023-01-24,4,90.32,0.0,361.26,160,201.26,Bank Transfer,Delivered
ORD01709,CUST0499,PROD025,Blender Pro 1000W,Home & Garden,Central,2024-07-08,2,91.9,0.0,183.8,70,113.8,Credit Card,Shipped
ORD01710,CUST0206,PROD055,Olive Oil Extra Virgin,Food & Beverage,East,2022-08-25,2,30.25,5.0,57.48,18,39.48,Credit Card,Delivered
ORD01711,CUST0417,PROD003,Smart Watch Ultra,Electronics,North,2023-11-02,2,379.96,0.0,759.91,280,479.91,Bank Transfer,Delivered
ORD01712,CUST0090,PROD069,LED Car Lights Kit,Automotive,North,2023-08-10,3,37.49,0.0,112.47,42,70.47,Credit Card,Processing
ORD01713,CUST0164,PROD013,Casual Sneakers,Clothing,Central,2024-03-19,2,103.55,10.0,186.4,80,106.4,Bank Transfer,Delivered
ORD01714,CUST0489,PROD061,Car Dash Cam 4K,Automotive,West,2024-11-27,1,98.39,0.0,98.39,42,56.39,Credit Card,Delivered
ORD01715,CUST0384,PROD031,Yoga Mat Premium,Sports,Central,2024-03-05,2,41.25,15.0,70.13,36,34.13,Credit Card,Delivered
ORD01716,CUST0138,PROD006,Gaming Mouse,Electronics,East,2024-01-30,4,82.77,5.0,314.51,112,202.51,Cash,Processing
ORD01717,CUST0188,PROD038,Foam Roller,Sports,West,2024-10-28,2,36.88,15.0,62.7,24,38.7,PayPal,Delivered
ORD01718,CUST0045,PROD069,LED Car Lights Kit,Automotive,South,2022-01-30,2,33.89,0.0,67.78,28,39.78,Debit Card,Delivered
ORD01719,CUST0188,PROD023,Coffee Maker Deluxe,Home & Garden,West,2023-02-15,1,126.2,0.0,126.2,52,74.2,PayPal,Delivered
ORD01720,CUST0403,PROD055,Olive Oil Extra Virgin,Food & Beverage,South,2023-04-07,2,28.71,0.0,57.42,18,39.42,Bank Transfer,Delivered
ORD01721,CUST0248,PROD062,Tire Inflator Auto,Automotive,Central,2024-06-21,1,48.09,10.0,43.28,18,25.28,Cash,Delivered
ORD01722,CUST0349,PROD064,Seat Covers Set,Automotive,North,2022-11-26,2,79.74,0.0,159.49,64,95.49,Credit Card,Delivered
ORD01723,CUST0075,PROD032,Resistance Bands Set,Sports,South,2022-05-14,4,29.1,0.0,116.42,40,76.42,Cash,Shipped
ORD01724,CUST0366,PROD038,Foam Roller,Sports,East,2023-10-21,3,31.77,0.0,95.31,36,59.31,Debit Card,Delivered
ORD01725,CUST0395,PROD032,Resistance Bands Set,Sports,East,2022-01-08,5,26.44,5.0,125.58,50,75.58,Cash,Delivered
ORD01726,CUST0364,PROD018,Polo Shirt Premium,Clothing,North,2023-04-05,1,65.83,0.0,65.83,22,43.83,Credit Card,Shipped
ORD01727,CUST0260,PROD068,Car Air Freshener x5,Automotive,West,2024-09-02,5,15.43,0.0,77.17,25,52.17,Cash,Delivered
ORD01728,CUST0166,PROD053,Protein Powder Vanilla,Food & Beverage,North,2023-05-02,4,56.24,0.0,224.95,80,144.95,Bank Transfer,Delivered
ORD01729,CUST0111,PROD009,USB-C Hub 7-in-1,Electronics,East,2022-11-10,4,59.43,0.0,237.72,80,157.72,Debit Card,Delivered
ORD01730,CUST0180,PROD001,Laptop Pro 15,Electronics,West,2022-12-24,4,1319.79,0.0,5279.17,3000,2279.17,PayPal,Shipped
ORD01731,CUST0313,PROD010,External SSD 1TB,Electronics,North,2024-06-03,3,138.39,5.0,394.41,195,199.41,Bank Transfer,Shipped
ORD01732,CUST0408,PROD058,Almond Milk 1L,Food & Beverage,South,2023-04-10,4,7.4,15.0,25.16,8,17.16,PayPal,Delivered
ORD01733,CUST0413,PROD027,LED Desk Lamp,Home & Garden,Central,2024-04-11,4,48.45,5.0,184.12,72,112.12,Bank Transfer,Delivered
ORD01734,CUST0383,PROD034,Cycling Helmet,Sports,Central,2024-03-06,4,76.84,0.0,307.38,128,179.38,Bank Transfer,Delivered
ORD01735,CUST0107,PROD030,Garden Hose 50ft,Home & Garden,North,2024-12-21,2,61.7,15.0,104.89,56,48.89,Debit Card,Delivered
ORD01736,CUST0280,PROD019,Running Shorts,Clothing,North,2024-01-15,4,42.4,20.0,135.7,60,75.7,Bank Transfer,Delivered
ORD01737,CUST0062,PROD038,Foam Roller,Sports,South,2023-09-21,2,34.25,5.0,65.07,24,41.07,Credit Card,Delivered
ORD01738,CUST0216,PROD059,Energy Drink Pack x24,Food & Beverage,East,2024-07-15,3,37.83,20.0,90.8,36,54.8,Cash,Delivered
ORD01739,CUST0400,PROD063,Car Phone Mount,Automotive,West,2023-02-13,2,24.19,0.0,48.38,18,30.38,Bank Transfer,Cancelled
ORD01740,CUST0373,PROD053,Protein Powder Vanilla,Food & Beverage,North,2024-06-03,2,59.88,0.0,119.75,40,79.75,Debit Card,Delivered
ORD01741,CUST0436,PROD012,Denim Jeans Slim,Clothing,South,2022-12-19,3,86.64,15.0,220.94,84,136.94,Cash,Processing
ORD01742,CUST0277,PROD058,Almond Milk 1L,Food & Beverage,Central,2024-04-03,5,8.45,0.0,42.25,10,32.25,Debit Card,Delivered
ORD01743,CUST0053,PROD065,Jump Starter Pack,Automotive,North,2024-08-17,2,95.55,0.0,191.1,76,115.1,Bank Transfer,Delivered
ORD01744,CUST0394,PROD001,Laptop Pro 15,Electronics,South,2024-12-22,1,1242.29,20.0,993.83,750,243.83,Credit Card,Delivered
ORD01745,CUST0030,PROD001,Laptop Pro 15,Electronics,North,2022-01-18,1,1159.56,0.0,1159.56,750,409.56,PayPal,Cancelled
ORD01746,CUST0079,PROD059,Energy Drink Pack x24,Food & Beverage,East,2024-01-01,2,36.71,0.0,73.41,24,49.41,PayPal,Processing
ORD01747,CUST0206,PROD004,Bluetooth Speaker,Electronics,East,2024-01-14,5,96.28,10.0,433.28,175,258.28,Bank Transfer,Delivered
ORD01748,CUST0467,PROD036,Gym Gloves,Sports,East,2022-12-25,3,24.02,20.0,57.64,27,30.64,Cash,Delivered
ORD01749,CUST0062,PROD014,Wool Winter Coat,Clothing,South,2022-11-08,2,185.79,10.0,334.43,150,184.43,Cash,Delivered
ORD01750,CUST0201,PROD037,Jump Rope Speed,Sports,East,2024-08-19,3,19.72,0.0,59.17,21,38.17,Credit Card,Shipped
ORD01751,CUST0369,PROD069,LED Car Lights Kit,Automotive,East,2022-10-28,4,32.18,0.0,128.72,56,72.72,Debit Card,Cancelled
ORD01752,CUST0400,PROD003,Smart Watch Ultra,Electronics,West,2024-08-26,4,347.39,20.0,1111.64,560,551.64,Credit Card,Delivered
ORD01753,CUST0302,PROD043,Data Science Handbook,Books,West,2024-01-13,4,66.1,0.0,264.41,72,192.41,Bank Transfer,Cancelled
ORD01754,CUST0459,PROD020,Knit Sweater,Clothing,North,2024-10-04,5,72.66,0.0,363.29,150,213.29,Credit Card,Cancelled
ORD01755,CUST0023,PROD055,Olive Oil Extra Virgin,Food & Beverage,Central,2022-05-22,2,25.96,0.0,51.91,18,33.91,Bank Transfer,Cancelled
ORD01756,CUST0369,PROD007,Mechanical Keyboard,Electronics,East,2022-08-16,2,140.91,0.0,281.82,104,177.82,PayPal,Shipped
ORD01757,CUST0415,PROD068,Car Air Freshener x5,Automotive,North,2022-06-20,3,15.31,20.0,36.74,15,21.74,Bank Transfer,Delivered
ORD01758,CUST0172,PROD030,Garden Hose 50ft,Home & Garden,West,2024-05-05,2,63.25,0.0,126.5,56,70.5,Debit Card,Delivered
ORD01759,CUST0070,PROD022,Air Purifier Pro,Home & Garden,North,2024-12-01,1,248.48,0.0,248.48,110,138.48,Credit Card,Shipped
ORD01760,CUST0469,PROD042,Python Programming,Books,West,2023-09-20,3,54.44,5.0,155.15,45,110.15,PayPal,Delivered
ORD01761,CUST0178,PROD013,Casual Sneakers,Clothing,East,2024-07-27,1,91.83,0.0,91.83,40,51.83,Debit Card,Cancelled
ORD01762,CUST0193,PROD002,Wireless Headphones,Electronics,Central,2022-01-22,5,179.86,5.0,854.36,400,454.36,Debit Card,Cancelled
ORD01763,CUST0020,PROD069,LED Car Lights Kit,Automotive,Central,2024-02-18,4,31.75,15.0,107.96,56,51.96,PayPal,Shipped
ORD01764,CUST0177,PROD070,Car Wax Premium,Automotive,South,2023-11-19,3,29.7,20.0,71.27,30,41.27,Bank Transfer,Delivered
ORD01765,CUST0133,PROD030,Garden Hose 50ft,Home & Garden,North,2023-12-02,2,70.76,15.0,120.29,56,64.29,PayPal,Delivered
ORD01766,CUST0174,PROD058,Almond Milk 1L,Food & Beverage,Central,2024-09-28,3,7.63,5.0,21.74,6,15.74,Credit Card,Processing
ORD01767,CUST0298,PROD026,Plant Pot Set x3,Home & Garden,South,2023-10-15,5,42.09,0.0,210.44,70,140.44,Debit Card,Processing
ORD01768,CUST0490,PROD017,Formal Trousers,Clothing,South,2022-08-08,2,81.42,0.0,162.85,70,92.85,Credit Card,Delivered
ORD01769,CUST0070,PROD053,Protein Powder Vanilla,Food & Beverage,North,2023-05-01,1,59.0,0.0,59.0,20,39.0,Credit Card,Shipped
ORD01770,CUST0054,PROD054,Mixed Nuts 500g,Food & Beverage,West,2023-11-30,5,21.94,10.0,98.72,40,58.72,Bank Transfer,Shipped
ORD01771,CUST0207,PROD047,Machine Learning A-Z,Books,Central,2023-11-09,1,73.62,0.0,73.62,20,53.62,Debit Card,Delivered
ORD01772,CUST0074,PROD010,External SSD 1TB,Electronics,North,2022-06-16,2,136.83,0.0,273.67,130,143.67,Credit Card,Delivered
ORD01773,CUST0401,PROD065,Jump Starter Pack,Automotive,West,2023-04-23,2,80.99,0.0,161.98,76,85.98,Bank Transfer,Delivered
ORD01774,CUST0110,PROD048,SQL Mastery,Books,West,2024-12-20,2,41.8,0.0,83.6,22,61.6,Bank Transfer,Shipped
ORD01775,CUST0091,PROD031,Yoga Mat Premium,Sports,Central,2023-01-17,4,43.09,15.0,146.51,72,74.51,Cash,Cancelled
ORD01776,CUST0173,PROD063,Car Phone Mount,Automotive,East,2022-05-06,4,23.42,0.0,93.7,36,57.7,Credit Card,Delivered
ORD01777,CUST0177,PROD003,Smart Watch Ultra,Electronics,South,2023-02-09,3,324.14,10.0,875.19,420,455.19,Cash,Returned
ORD01778,CUST0185,PROD063,Car Phone Mount,Automotive,North,2022-09-11,1,23.44,20.0,18.75,9,9.75,PayPal,Processing
ORD01779,CUST0124,PROD040,Water Bottle 1L,Sports,Central,2023-04-12,2,21.54,20.0,34.46,16,18.46,Cash,Delivered
ORD01780,CUST0337,PROD033,Dumbbell Set 20kg,Sports,North,2024-04-24,5,91.5,0.0,457.51,210,247.51,Bank Transfer,Delivered
ORD01781,CUST0455,PROD021,Robot Vacuum Cleaner,Home & Garden,North,2023-12-08,2,300.83,15.0,511.41,280,231.41,PayPal,Delivered
ORD01782,CUST0033,PROD056,Dark Chocolate Bar 72%,Food & Beverage,Central,2022-11-27,1,10.95,5.0,10.4,4,6.4,PayPal,Cancelled
ORD01783,CUST0091,PROD037,Jump Rope Speed,Sports,Central,2022-05-04,5,19.97,5.0,94.86,35,59.86,Credit Card,Shipped
ORD01784,CUST0266,PROD066,Car Vacuum Cleaner,Automotive,South,2024-07-02,1,60.25,15.0,51.21,22,29.21,Credit Card,Delivered
ORD01785,CUST0075,PROD021,Robot Vacuum Cleaner,Home & Garden,South,2024-01-11,5,309.66,0.0,1548.28,700,848.28,Cash,Delivered
ORD01786,CUST0422,PROD051,Premium Coffee Beans 1kg,Food & Beverage,North,2023-10-16,4,31.09,20.0,99.49,40,59.49,Bank Transfer,Delivered
ORD01787,CUST0458,PROD025,Blender Pro 1000W,Home & Garden,South,2023-09-07,4,85.68,15.0,291.31,140,151.31,Debit Card,Delivered
ORD01788,CUST0391,PROD070,Car Wax Premium,Automotive,Central,2022-12-16,1,29.07,5.0,27.62,10,17.62,Bank Transfer,Cancelled
ORD01789,CUST0163,PROD005,"4K Monitor 27""",Electronics,Central,2023-10-27,4,446.73,5.0,1697.56,880,817.56,Bank Transfer,Delivered
ORD01790,CUST0464,PROD026,Plant Pot Set x3,Home & Garden,West,2024-02-29,4,42.51,20.0,136.02,56,80.02,Debit Card,Processing
ORD01791,CUST0270,PROD044,Marketing Strategy,Books,West,2024-02-21,2,37.24,0.0,74.47,20,54.47,Bank Transfer,Processing
ORD01792,CUST0348,PROD041,Business Analytics Guide,Books,South,2022-12-20,2,45.84,0.0,91.67,24,67.67,Debit Card,Delivered
ORD01793,CUST0496,PROD028,Storage Ottoman,Home & Garden,South,2024-03-12,4,69.75,0.0,278.99,128,150.99,Debit Card,Delivered
ORD01794,CUST0123,PROD063,Car Phone Mount,Automotive,South,2024-03-14,2,24.02,20.0,38.43,18,20.43,Cash,Delivered
ORD01795,CUST0390,PROD041,Business Analytics Guide,Books,South,2023-01-25,4,45.96,5.0,174.65,48,126.65,Bank Transfer,Delivered
ORD01796,CUST0316,PROD058,Almond Milk 1L,Food & Beverage,Central,2022-11-24,4,8.75,0.0,35.0,8,27.0,PayPal,Returned
ORD01797,CUST0451,PROD062,Tire Inflator Auto,Automotive,West,2022-05-18,3,46.85,10.0,126.51,54,72.51,PayPal,Delivered
ORD01798,CUST0103,PROD063,Car Phone Mount,Automotive,West,2024-11-28,4,26.52,5.0,100.77,36,64.77,Bank Transfer,Delivered
ORD01799,CUST0401,PROD041,Business Analytics Guide,Books,West,2023-09-23,2,43.55,0.0,87.09,24,63.09,Cash,Delivered
ORD01800,CUST0354,PROD002,Wireless Headphones,Electronics,Central,2022-09-07,5,184.25,0.0,921.26,400,521.26,PayPal,Shipped
ORD01801,CUST0445,PROD034,Cycling Helmet,Sports,Central,2022-09-20,3,80.03,5.0,228.09,96,132.09,Credit Card,Delivered
ORD01802,CUST0036,PROD050,Digital Marketing,Books,West,2024-01-28,4,37.97,0.0,151.88,44,107.88,Debit Card,Cancelled
ORD01803,CUST0250,PROD052,Organic Green Tea 100g,Food & Beverage,North,2023-10-03,4,19.03,10.0,68.52,20,48.52,PayPal,Delivered
ORD01804,CUST0454,PROD014,Wool Winter Coat,Clothing,North,2023-11-10,2,204.19,0.0,408.38,150,258.38,Cash,Returned
ORD01805,CUST0272,PROD046,Finance for Managers,Books,Central,2023-04-14,5,49.05,20.0,196.2,65,131.2,Debit Card,Delivered
ORD01806,CUST0346,PROD051,Premium Coffee Beans 1kg,Food & Beverage,South,2024-08-20,1,30.81,0.0,30.81,10,20.81,Bank Transfer,Processing
ORD01807,CUST0164,PROD048,SQL Mastery,Books,Central,2023-10-21,1,42.25,5.0,40.13,11,29.13,Cash,Cancelled
ORD01808,CUST0270,PROD026,Plant Pot Set x3,Home & Garden,West,2023-06-29,1,38.61,20.0,30.88,14,16.88,Debit Card,Processing
ORD01809,CUST0199,PROD019,Running Shorts,Clothing,East,2023-07-20,2,40.86,20.0,65.37,30,35.37,Credit Card,Delivered
ORD01810,CUST0384,PROD030,Garden Hose 50ft,Home & Garden,Central,2023-04-03,1,62.75,20.0,50.2,28,22.2,Cash,Delivered
ORD01811,CUST0349,PROD015,Sport T-Shirt,Clothing,North,2022-10-27,3,38.2,5.0,108.86,36,72.86,PayPal,Shipped
ORD01812,CUST0417,PROD001,Laptop Pro 15,Electronics,North,2023-02-14,2,1309.85,10.0,2357.74,1500,857.74,Cash,Delivered
ORD01813,CUST0223,PROD058,Almond Milk 1L,Food & Beverage,South,2022-05-05,2,8.04,10.0,14.47,4,10.47,PayPal,Delivered
ORD01814,CUST0479,PROD066,Car Vacuum Cleaner,Automotive,North,2024-02-10,4,57.21,20.0,183.06,88,95.06,Credit Card,Delivered
ORD01815,CUST0194,PROD034,Cycling Helmet,Sports,Central,2023-02-23,2,75.78,0.0,151.56,64,87.56,Bank Transfer,Delivered
ORD01816,CUST0410,PROD016,Leather Belt,Clothing,South,2024-08-10,2,44.52,5.0,84.59,36,48.59,Cash,Delivered
ORD01817,CUST0181,PROD025,Blender Pro 1000W,Home & Garden,East,2024-06-28,3,82.02,0.0,246.05,105,141.05,Bank Transfer,Delivered
ORD01818,CUST0012,PROD065,Jump Starter Pack,Automotive,Central,2024-07-17,3,83.0,0.0,249.0,114,135.0,PayPal,Returned
ORD01819,CUST0246,PROD026,Plant Pot Set x3,Home & Garden,East,2022-09-11,1,41.87,10.0,37.68,14,23.68,Bank Transfer,Delivered
ORD01820,CUST0305,PROD013,Casual Sneakers,Clothing,North,2023-10-08,4,95.95,15.0,326.24,160,166.24,Bank Transfer,Shipped
ORD01821,CUST0321,PROD027,LED Desk Lamp,Home & Garden,South,2024-03-21,2,43.44,20.0,69.5,36,33.5,Credit Card,Shipped
ORD01822,CUST0106,PROD020,Knit Sweater,Clothing,Central,2023-10-26,5,78.85,0.0,394.24,150,244.24,Cash,Delivered
ORD01823,CUST0302,PROD046,Finance for Managers,Books,West,2022-09-28,4,43.81,0.0,175.25,52,123.25,Debit Card,Delivered
ORD01824,CUST0145,PROD014,Wool Winter Coat,Clothing,West,2024-12-06,2,205.64,0.0,411.27,150,261.27,Credit Card,Processing
ORD01825,CUST0199,PROD027,LED Desk Lamp,Home & Garden,East,2024-01-02,3,41.23,0.0,123.69,54,69.69,Credit Card,Delivered
ORD01826,CUST0249,PROD014,Wool Winter Coat,Clothing,Central,2022-05-08,5,185.84,20.0,743.35,375,368.35,Bank Transfer,Shipped
ORD01827,CUST0470,PROD017,Formal Trousers,Clothing,Central,2022-07-03,2,88.08,0.0,176.17,70,106.17,PayPal,Delivered
ORD01828,CUST0198,PROD030,Garden Hose 50ft,Home & Garden,West,2022-04-26,5,58.81,15.0,249.96,140,109.96,Debit Card,Delivered
ORD01829,CUST0116,PROD053,Protein Powder Vanilla,Food & Beverage,West,2022-03-28,2,57.84,0.0,115.69,40,75.69,Debit Card,Delivered
ORD01830,CUST0099,PROD033,Dumbbell Set 20kg,Sports,West,2023-10-24,4,93.56,15.0,318.09,168,150.09,Bank Transfer,Delivered
ORD01831,CUST0144,PROD042,Python Programming,Books,West,2023-08-17,4,49.76,15.0,169.18,60,109.18,Bank Transfer,Delivered
ORD01832,CUST0271,PROD029,Throw Blanket Soft,Home & Garden,South,2022-03-24,2,55.99,0.0,111.97,40,71.97,Debit Card,Delivered
ORD01833,CUST0134,PROD023,Coffee Maker Deluxe,Home & Garden,Central,2022-01-15,3,134.21,10.0,362.36,156,206.36,PayPal,Delivered
ORD01834,CUST0189,PROD020,Knit Sweater,Clothing,East,2022-12-03,4,70.69,10.0,254.49,120,134.49,Credit Card,Cancelled
ORD01835,CUST0399,PROD050,Digital Marketing,Books,West,2023-07-31,3,40.45,10.0,109.22,33,76.22,Bank Transfer,Delivered
ORD01836,CUST0176,PROD011,Classic White Shirt,Clothing,West,2023-02-17,5,46.61,0.0,233.06,75,158.06,PayPal,Cancelled
ORD01837,CUST0388,PROD032,Resistance Bands Set,Sports,North,2024-03-15,1,29.87,5.0,28.38,10,18.38,Credit Card,Delivered
ORD01838,CUST0412,PROD040,Water Bottle 1L,Sports,East,2024-11-14,4,20.7,0.0,82.8,32,50.8,Credit Card,Delivered
ORD01839,CUST0146,PROD011,Classic White Shirt,Clothing,West,2022-08-07,2,46.06,10.0,82.91,30,52.91,PayPal,Processing
ORD01840,CUST0356,PROD010,External SSD 1TB,Electronics,South,2023-03-15,5,158.47,0.0,792.36,325,467.36,Bank Transfer,Delivered
ORD01841,CUST0247,PROD057,Granola Bars x12,Food & Beverage,North,2023-04-16,5,23.72,20.0,94.87,35,59.87,PayPal,Delivered
ORD01842,CUST0422,PROD045,Leadership Principles,Books,North,2022-02-18,3,28.88,20.0,69.31,24,45.31,Debit Card,Cancelled
ORD01843,CUST0400,PROD034,Cycling Helmet,Sports,West,2023-02-27,4,86.06,5.0,327.03,128,199.03,PayPal,Delivered
ORD01844,CUST0157,PROD031,Yoga Mat Premium,Sports,North,2024-03-11,5,47.28,5.0,224.6,90,134.6,Bank Transfer,Delivered
ORD01845,CUST0305,PROD001,Laptop Pro 15,Electronics,North,2023-08-08,2,1098.64,0.0,2197.28,1500,697.28,Credit Card,Cancelled
ORD01846,CUST0125,PROD062,Tire Inflator Auto,Automotive,West,2022-04-13,1,49.02,0.0,49.02,18,31.02,PayPal,Delivered
ORD01847,CUST0044,PROD037,Jump Rope Speed,Sports,East,2022-11-23,1,17.3,0.0,17.3,7,10.3,Debit Card,Returned
ORD01848,CUST0430,PROD002,Wireless Headphones,Electronics,North,2024-02-03,1,190.24,15.0,161.71,80,81.71,Credit Card,Delivered
ORD01849,CUST0141,PROD015,Sport T-Shirt,Clothing,East,2022-03-13,1,33.61,0.0,33.61,12,21.61,Bank Transfer,Cancelled
ORD01850,CUST0405,PROD039,Pull-Up Bar,Sports,North,2023-02-24,1,59.61,15.0,50.67,22,28.67,Credit Card,Cancelled
ORD01851,CUST0463,PROD010,External SSD 1TB,Electronics,Central,2024-09-02,2,134.53,0.0,269.05,130,139.05,Debit Card,Delivered
ORD01852,CUST0401,PROD032,Resistance Bands Set,Sports,West,2023-07-14,3,26.23,10.0,70.82,30,40.82,Bank Transfer,Delivered
ORD01853,CUST0355,PROD050,Digital Marketing,Books,East,2022-11-10,2,36.52,15.0,62.09,22,40.09,Bank Transfer,Delivered
ORD01854,CUST0485,PROD018,Polo Shirt Premium,Clothing,East,2024-10-15,4,69.3,5.0,263.32,88,175.32,Debit Card,Returned
ORD01855,CUST0204,PROD048,SQL Mastery,Books,South,2022-04-01,1,45.86,0.0,45.86,11,34.86,PayPal,Shipped
ORD01856,CUST0124,PROD009,USB-C Hub 7-in-1,Electronics,Central,2023-02-20,3,53.39,0.0,160.16,60,100.16,Debit Card,Delivered
ORD01857,CUST0340,PROD005,"4K Monitor 27""",Electronics,South,2024-07-06,1,494.63,0.0,494.63,220,274.63,Cash,Processing
ORD01858,CUST0010,PROD054,Mixed Nuts 500g,Food & Beverage,South,2024-06-10,5,26.17,5.0,124.31,40,84.31,Debit Card,Shipped
ORD01859,CUST0301,PROD032,Resistance Bands Set,Sports,North,2022-04-07,3,28.21,10.0,76.17,30,46.17,PayPal,Delivered
ORD01860,CUST0439,PROD049,Entrepreneurship Now,Books,East,2024-08-25,5,33.58,15.0,142.72,45,97.72,PayPal,Shipped
ORD01861,CUST0358,PROD035,Running Shoes Pro,Sports,Central,2022-10-26,3,135.07,0.0,405.2,165,240.2,Bank Transfer,Delivered
ORD01862,CUST0319,PROD061,Car Dash Cam 4K,Automotive,West,2024-04-02,3,98.36,0.0,295.07,126,169.07,PayPal,Delivered
ORD01863,CUST0342,PROD012,Denim Jeans Slim,Clothing,South,2024-10-09,5,77.54,5.0,368.33,140,228.33,Credit Card,Shipped
ORD01864,CUST0425,PROD037,Jump Rope Speed,Sports,South,2022-10-09,3,20.61,15.0,52.57,21,31.57,Bank Transfer,Delivered
ORD01865,CUST0423,PROD015,Sport T-Shirt,Clothing,North,2022-12-03,1,33.9,20.0,27.12,12,15.12,Debit Card,Delivered
ORD01866,CUST0226,PROD024,Electric Kettle 1.7L,Home & Garden,South,2022-11-23,5,45.47,20.0,181.87,90,91.87,Debit Card,Processing
ORD01867,CUST0323,PROD045,Leadership Principles,Books,Central,2024-03-22,1,34.07,0.0,34.07,8,26.07,Cash,Delivered
ORD01868,CUST0281,PROD007,Mechanical Keyboard,Electronics,North,2024-11-30,1,130.95,0.0,130.95,52,78.95,Cash,Shipped
ORD01869,CUST0224,PROD002,Wireless Headphones,Electronics,South,2022-12-04,2,206.32,20.0,330.12,160,170.12,PayPal,Delivered
ORD01870,CUST0341,PROD042,Python Programming,Books,North,2023-10-29,3,55.53,5.0,158.27,45,113.27,Cash,Shipped
ORD01871,CUST0070,PROD008,Webcam HD 1080p,Electronics,North,2024-03-15,2,70.06,15.0,119.11,50,69.11,Bank Transfer,Shipped
ORD01872,CUST0486,PROD004,Bluetooth Speaker,Electronics,Central,2022-08-06,2,91.5,5.0,173.85,70,103.85,Debit Card,Processing
ORD01873,CUST0287,PROD065,Jump Starter Pack,Automotive,North,2023-01-21,1,96.0,10.0,86.4,38,48.4,Credit Card,Delivered
ORD01874,CUST0154,PROD018,Polo Shirt Premium,Clothing,North,2022-05-28,3,61.64,5.0,175.68,66,109.68,PayPal,Processing
ORD01875,CUST0009,PROD067,Steering Wheel Cover,Automotive,South,2022-07-17,2,26.24,0.0,52.47,22,30.47,PayPal,Delivered
ORD01876,CUST0014,PROD010,External SSD 1TB,Electronics,North,2023-01-16,1,136.1,5.0,129.29,65,64.29,Credit Card,Delivered
ORD01877,CUST0010,PROD042,Python Programming,Books,South,2024-01-03,4,49.62,10.0,178.62,60,118.62,PayPal,Delivered
ORD01878,CUST0165,PROD022,Air Purifier Pro,Home & Garden,East,2024-02-07,2,239.23,10.0,430.61,220,210.61,Cash,Cancelled
ORD01879,CUST0307,PROD054,Mixed Nuts 500g,Food & Beverage,West,2022-03-27,4,26.29,5.0,99.9,32,67.9,PayPal,Delivered
ORD01880,CUST0312,PROD056,Dark Chocolate Bar 72%,Food & Beverage,South,2023-06-08,4,12.87,5.0,48.89,16,32.89,Cash,Processing
ORD01881,CUST0125,PROD061,Car Dash Cam 4K,Automotive,West,2024-05-15,5,101.38,0.0,506.9,210,296.9,Bank Transfer,Returned
ORD01882,CUST0403,PROD036,Gym Gloves,Sports,South,2024-02-18,1,27.31,20.0,21.85,9,12.85,Credit Card,Delivered
ORD01883,CUST0028,PROD022,Air Purifier Pro,Home & Garden,South,2022-07-08,1,236.32,20.0,189.06,110,79.06,Credit Card,Delivered
ORD01884,CUST0364,PROD053,Protein Powder Vanilla,Food & Beverage,North,2023-11-22,2,56.14,5.0,106.67,40,66.67,Credit Card,Delivered
ORD01885,CUST0339,PROD022,Air Purifier Pro,Home & Garden,North,2024-07-13,2,254.66,0.0,509.33,220,289.33,Credit Card,Shipped
ORD01886,CUST0415,PROD003,Smart Watch Ultra,Electronics,North,2022-02-27,5,345.12,10.0,1553.05,700,853.05,Debit Card,Delivered
ORD01887,CUST0206,PROD003,Smart Watch Ultra,Electronics,East,2024-03-05,5,359.73,0.0,1798.64,700,1098.64,PayPal,Delivered
ORD01888,CUST0300,PROD031,Yoga Mat Premium,Sports,East,2024-11-24,4,42.07,5.0,159.85,72,87.85,PayPal,Cancelled
ORD01889,CUST0304,PROD041,Business Analytics Guide,Books,Central,2022-03-23,3,45.91,5.0,130.84,36,94.84,Credit Card,Shipped
ORD01890,CUST0331,PROD038,Foam Roller,Sports,East,2022-06-07,2,34.88,0.0,69.75,24,45.75,Credit Card,Delivered
ORD01891,CUST0028,PROD008,Webcam HD 1080p,Electronics,South,2022-12-28,4,62.71,0.0,250.82,100,150.82,Debit Card,Delivered
ORD01892,CUST0327,PROD014,Wool Winter Coat,Clothing,South,2024-10-07,2,197.08,20.0,315.33,150,165.33,Credit Card,Delivered
ORD01893,CUST0396,PROD061,Car Dash Cam 4K,Automotive,Central,2022-10-13,2,103.76,10.0,186.77,84,102.77,Cash,Delivered
ORD01894,CUST0025,PROD036,Gym Gloves,Sports,South,2024-10-13,3,26.47,5.0,75.44,27,48.44,Credit Card,Shipped
ORD01895,CUST0378,PROD016,Leather Belt,Clothing,South,2024-01-25,5,41.46,5.0,196.92,90,106.92,Credit Card,Delivered
ORD01896,CUST0001,PROD006,Gaming Mouse,Electronics,North,2024-05-14,1,72.13,0.0,72.13,28,44.13,PayPal,Delivered
ORD01897,CUST0374,PROD044,Marketing Strategy,Books,South,2024-11-04,2,41.09,0.0,82.18,20,62.18,Credit Card,Delivered
ORD01898,CUST0245,PROD048,SQL Mastery,Books,East,2022-06-26,5,39.37,0.0,196.85,55,141.85,Bank Transfer,Shipped
ORD01899,CUST0452,PROD042,Python Programming,Books,North,2024-02-04,5,52.39,0.0,261.97,75,186.97,Debit Card,Delivered
ORD01900,CUST0001,PROD067,Steering Wheel Cover,Automotive,North,2022-08-26,5,26.33,0.0,131.65,55,76.65,Debit Card,Delivered
ORD01901,CUST0134,PROD008,Webcam HD 1080p,Electronics,Central,2024-03-11,1,67.23,10.0,60.51,25,35.51,Credit Card,Delivered
ORD01902,CUST0015,PROD027,LED Desk Lamp,Home & Garden,North,2023-06-29,5,45.27,0.0,226.37,90,136.37,Debit Card,Delivered
ORD01903,CUST0404,PROD057,Granola Bars x12,Food & Beverage,West,2023-05-15,4,23.33,0.0,93.3,28,65.3,Bank Transfer,Delivered
ORD01904,CUST0260,PROD025,Blender Pro 1000W,Home & Garden,West,2023-03-15,1,83.17,10.0,74.85,35,39.85,Cash,Cancelled
ORD01905,CUST0142,PROD036,Gym Gloves,Sports,Central,2022-05-26,2,25.84,20.0,41.34,18,23.34,Cash,Delivered
ORD01906,CUST0489,PROD041,Business Analytics Guide,Books,West,2022-05-20,4,45.12,0.0,180.48,48,132.48,Cash,Delivered
ORD01907,CUST0100,PROD013,Casual Sneakers,Clothing,Central,2024-04-26,3,103.31,20.0,247.95,120,127.95,PayPal,Delivered
ORD01908,CUST0335,PROD023,Coffee Maker Deluxe,Home & Garden,Central,2024-06-03,1,138.56,20.0,110.85,52,58.85,Bank Transfer,Delivered
ORD01909,CUST0291,PROD040,Water Bottle 1L,Sports,West,2024-02-05,4,21.78,20.0,69.69,32,37.69,Debit Card,Shipped
ORD01910,CUST0310,PROD036,Gym Gloves,Sports,Central,2022-09-18,4,25.57,20.0,81.84,36,45.84,Cash,Cancelled
ORD01911,CUST0107,PROD011,Classic White Shirt,Clothing,North,2022-11-19,2,49.97,0.0,99.94,30,69.94,Bank Transfer,Processing
ORD01912,CUST0063,PROD035,Running Shoes Pro,Sports,North,2024-06-05,5,116.9,0.0,584.49,275,309.49,Cash,Delivered
ORD01913,CUST0319,PROD044,Marketing Strategy,Books,West,2022-10-26,1,37.01,5.0,35.16,10,25.16,PayPal,Delivered
ORD01914,CUST0301,PROD034,Cycling Helmet,Sports,North,2023-12-01,3,84.31,10.0,227.65,96,131.65,PayPal,Cancelled
ORD01915,CUST0305,PROD022,Air Purifier Pro,Home & Garden,North,2024-08-20,5,248.39,20.0,993.57,550,443.57,Cash,Shipped
ORD01916,CUST0308,PROD030,Garden Hose 50ft,Home & Garden,West,2022-10-09,4,62.88,15.0,213.8,112,101.8,Bank Transfer,Returned
ORD01917,CUST0300,PROD065,Jump Starter Pack,Automotive,East,2024-12-27,5,91.07,0.0,455.36,190,265.36,PayPal,Shipped
ORD01918,CUST0443,PROD064,Seat Covers Set,Automotive,Central,2023-07-10,3,80.49,0.0,241.48,96,145.48,PayPal,Cancelled
ORD01919,CUST0357,PROD047,Machine Learning A-Z,Books,East,2023-10-26,2,72.95,0.0,145.9,40,105.9,PayPal,Delivered
ORD01920,CUST0315,PROD043,Data Science Handbook,Books,South,2023-11-18,5,67.29,0.0,336.45,90,246.45,PayPal,Delivered
ORD01921,CUST0295,PROD039,Pull-Up Bar,Sports,North,2023-01-21,5,59.3,0.0,296.48,110,186.48,PayPal,Delivered
ORD01922,CUST0107,PROD027,LED Desk Lamp,Home & Garden,North,2024-01-11,5,45.48,0.0,227.38,90,137.38,Bank Transfer,Delivered
ORD01923,CUST0194,PROD051,Premium Coffee Beans 1kg,Food & Beverage,Central,2022-12-22,1,33.44,0.0,33.44,10,23.44,Debit Card,Delivered
ORD01924,CUST0353,PROD024,Electric Kettle 1.7L,Home & Garden,West,2023-11-22,2,52.8,20.0,84.47,36,48.47,Bank Transfer,Delivered
ORD01925,CUST0282,PROD037,Jump Rope Speed,Sports,West,2024-03-13,4,19.82,10.0,71.37,28,43.37,Bank Transfer,Delivered
ORD01926,CUST0390,PROD019,Running Shorts,Clothing,South,2022-10-27,3,42.89,0.0,128.67,45,83.67,Credit Card,Returned
ORD01927,CUST0001,PROD014,Wool Winter Coat,Clothing,North,2024-03-16,1,172.62,20.0,138.09,75,63.09,PayPal,Cancelled
ORD01928,CUST0457,PROD054,Mixed Nuts 500g,Food & Beverage,Central,2024-07-20,5,24.4,0.0,122.01,40,82.01,Cash,Delivered
ORD01929,CUST0005,PROD054,Mixed Nuts 500g,Food & Beverage,North,2023-02-12,3,21.84,5.0,62.26,24,38.26,Bank Transfer,Delivered
ORD01930,CUST0017,PROD007,Mechanical Keyboard,Electronics,East,2024-09-02,4,126.08,0.0,504.33,208,296.33,Debit Card,Delivered
ORD01931,CUST0254,PROD055,Olive Oil Extra Virgin,Food & Beverage,Central,2024-01-11,1,25.43,0.0,25.43,9,16.43,PayPal,Delivered
ORD01932,CUST0232,PROD011,Classic White Shirt,Clothing,Central,2023-07-04,2,51.78,15.0,88.03,30,58.03,Bank Transfer,Delivered
ORD01933,CUST0044,PROD067,Steering Wheel Cover,Automotive,East,2022-05-03,1,26.75,10.0,24.07,11,13.07,PayPal,Delivered
ORD01934,CUST0037,PROD028,Storage Ottoman,Home & Garden,South,2023-05-08,2,70.81,10.0,127.45,64,63.45,Cash,Processing
ORD01935,CUST0052,PROD001,Laptop Pro 15,Electronics,Central,2023-12-26,2,1116.41,10.0,2009.54,1500,509.54,Cash,Delivered
ORD01936,CUST0125,PROD054,Mixed Nuts 500g,Food & Beverage,West,2023-03-27,2,25.47,20.0,40.75,16,24.75,Bank Transfer,Delivered
ORD01937,CUST0341,PROD041,Business Analytics Guide,Books,North,2022-02-05,2,41.32,15.0,70.25,24,46.25,Cash,Returned
ORD01938,CUST0255,PROD059,Energy Drink Pack x24,Food & Beverage,West,2023-07-07,4,32.37,0.0,129.49,48,81.49,Bank Transfer,Delivered
ORD01939,CUST0272,PROD056,Dark Chocolate Bar 72%,Food & Beverage,Central,2024-07-30,5,11.2,0.0,55.99,20,35.99,Debit Card,Delivered
ORD01940,CUST0473,PROD027,LED Desk Lamp,Home & Garden,East,2022-01-07,2,46.54,5.0,88.43,36,52.43,Cash,Cancelled
ORD01941,CUST0122,PROD038,Foam Roller,Sports,Central,2024-03-02,4,32.99,0.0,131.97,48,83.97,Credit Card,Delivered
ORD01942,CUST0356,PROD031,Yoga Mat Premium,Sports,South,2024-06-28,4,41.85,5.0,159.04,72,87.04,Cash,Processing
ORD01943,CUST0375,PROD058,Almond Milk 1L,Food & Beverage,South,2022-02-17,5,8.42,0.0,42.12,10,32.12,Bank Transfer,Delivered
ORD01944,CUST0008,PROD036,Gym Gloves,Sports,East,2024-12-09,3,24.11,5.0,68.71,27,41.71,Cash,Shipped
ORD01945,CUST0412,PROD029,Throw Blanket Soft,Home & Garden,East,2024-06-24,5,51.76,0.0,258.8,100,158.8,Credit Card,Shipped
ORD01946,CUST0316,PROD016,Leather Belt,Clothing,Central,2024-02-13,2,47.59,0.0,95.19,36,59.19,Debit Card,Delivered
ORD01947,CUST0102,PROD058,Almond Milk 1L,Food & Beverage,West,2024-04-09,3,7.6,0.0,22.79,6,16.79,Debit Card,Delivered
ORD01948,CUST0171,PROD028,Storage Ottoman,Home & Garden,South,2024-08-19,1,77.8,10.0,70.02,32,38.02,Debit Card,Shipped
ORD01949,CUST0297,PROD062,Tire Inflator Auto,Automotive,East,2022-05-13,4,46.92,0.0,187.67,72,115.67,Bank Transfer,Delivered
ORD01950,CUST0161,PROD050,Digital Marketing,Books,East,2024-01-07,4,36.16,5.0,137.42,44,93.42,Bank Transfer,Cancelled
ORD01951,CUST0337,PROD055,Olive Oil Extra Virgin,Food & Beverage,North,2022-07-03,4,26.63,0.0,106.51,36,70.51,PayPal,Delivered
ORD01952,CUST0193,PROD024,Electric Kettle 1.7L,Home & Garden,Central,2023-06-17,4,45.65,0.0,182.6,72,110.6,Cash,Shipped
ORD01953,CUST0344,PROD022,Air Purifier Pro,Home & Garden,North,2024-12-23,2,266.23,5.0,505.83,220,285.83,PayPal,Delivered
ORD01954,CUST0370,PROD027,LED Desk Lamp,Home & Garden,North,2023-04-14,1,46.86,0.0,46.86,18,28.86,Credit Card,Shipped
ORD01955,CUST0130,PROD062,Tire Inflator Auto,Automotive,East,2022-04-13,3,41.21,0.0,123.64,54,69.64,Bank Transfer,Delivered
ORD01956,CUST0292,PROD058,Almond Milk 1L,Food & Beverage,South,2022-10-18,4,7.65,0.0,30.58,8,22.58,Debit Card,Delivered
ORD01957,CUST0490,PROD030,Garden Hose 50ft,Home & Garden,South,2022-12-08,5,59.37,20.0,237.47,140,97.47,Credit Card,Shipped
ORD01958,CUST0416,PROD006,Gaming Mouse,Electronics,Central,2022-12-27,3,79.76,5.0,227.31,84,143.31,Debit Card,Delivered
ORD01959,CUST0011,PROD053,Protein Powder Vanilla,Food & Beverage,East,2023-02-05,5,57.34,0.0,286.69,100,186.69,Credit Card,Delivered
ORD01960,CUST0332,PROD062,Tire Inflator Auto,Automotive,West,2023-01-02,5,41.62,5.0,197.68,90,107.68,Cash,Processing
ORD01961,CUST0018,PROD004,Bluetooth Speaker,Electronics,Central,2023-01-02,2,89.6,0.0,179.2,70,109.2,Debit Card,Processing
ORD01962,CUST0068,PROD001,Laptop Pro 15,Electronics,South,2023-10-29,2,1263.92,10.0,2275.06,1500,775.06,Credit Card,Delivered
ORD01963,CUST0230,PROD069,LED Car Lights Kit,Automotive,West,2022-04-27,4,32.44,0.0,129.78,56,73.78,Bank Transfer,Delivered
ORD01964,CUST0215,PROD039,Pull-Up Bar,Sports,North,2022-09-28,2,58.98,20.0,94.37,44,50.37,PayPal,Delivered
ORD01965,CUST0374,PROD009,USB-C Hub 7-in-1,Electronics,South,2023-07-26,4,56.0,0.0,224.0,80,144.0,Credit Card,Shipped
ORD01966,CUST0234,PROD052,Organic Green Tea 100g,Food & Beverage,North,2022-11-28,5,18.92,0.0,94.58,25,69.58,Bank Transfer,Delivered
ORD01967,CUST0311,PROD024,Electric Kettle 1.7L,Home & Garden,North,2023-08-12,4,49.28,5.0,187.28,72,115.28,Bank Transfer,Delivered
ORD01968,CUST0251,PROD017,Formal Trousers,Clothing,North,2024-04-07,5,88.41,15.0,375.72,175,200.72,Cash,Delivered
ORD01969,CUST0447,PROD040,Water Bottle 1L,Sports,Central,2024-04-09,3,22.1,5.0,62.99,24,38.99,Debit Card,Delivered
ORD01970,CUST0112,PROD041,Business Analytics Guide,Books,West,2024-10-20,2,47.74,0.0,95.49,24,71.49,Credit Card,Delivered
ORD01971,CUST0251,PROD010,External SSD 1TB,Electronics,North,2024-01-23,3,137.54,5.0,392.0,195,197.0,Bank Transfer,Delivered
ORD01972,CUST0045,PROD024,Electric Kettle 1.7L,Home & Garden,South,2024-02-05,1,47.18,0.0,47.18,18,29.18,Credit Card,Delivered
ORD01973,CUST0462,PROD014,Wool Winter Coat,Clothing,North,2022-10-29,4,202.8,20.0,648.97,300,348.97,Debit Card,Shipped
ORD01974,CUST0379,PROD062,Tire Inflator Auto,Automotive,West,2023-09-11,4,42.7,0.0,170.8,72,98.8,Debit Card,Cancelled
ORD01975,CUST0281,PROD040,Water Bottle 1L,Sports,North,2023-06-02,4,21.56,15.0,73.29,32,41.29,Bank Transfer,Delivered
ORD01976,CUST0045,PROD052,Organic Green Tea 100g,Food & Beverage,South,2023-02-24,4,16.67,0.0,66.68,20,46.68,Debit Card,Cancelled
ORD01977,CUST0147,PROD028,Storage Ottoman,Home & Garden,North,2022-07-27,3,73.11,0.0,219.33,96,123.33,Bank Transfer,Cancelled
ORD01978,CUST0453,PROD035,Running Shoes Pro,Sports,North,2024-06-06,1,131.53,0.0,131.53,55,76.53,Cash,Delivered
ORD01979,CUST0375,PROD019,Running Shorts,Clothing,South,2022-03-24,4,38.37,0.0,153.48,60,93.48,Debit Card,Delivered
ORD01980,CUST0300,PROD038,Foam Roller,Sports,East,2024-11-03,2,31.58,0.0,63.15,24,39.15,Debit Card,Shipped
ORD01981,CUST0497,PROD046,Finance for Managers,Books,North,2023-07-07,1,43.44,0.0,43.44,13,30.44,Cash,Delivered
ORD01982,CUST0109,PROD054,Mixed Nuts 500g,Food & Beverage,North,2024-07-07,4,23.2,10.0,83.53,32,51.53,Bank Transfer,Delivered
ORD01983,CUST0492,PROD006,Gaming Mouse,Electronics,North,2023-10-31,3,76.91,20.0,184.59,84,100.59,Cash,Delivered
ORD01984,CUST0207,PROD004,Bluetooth Speaker,Electronics,Central,2024-06-16,4,87.81,10.0,316.13,140,176.13,Credit Card,Shipped
ORD01985,CUST0491,PROD052,Organic Green Tea 100g,Food & Beverage,South,2024-11-02,1,19.8,0.0,19.8,5,14.8,Bank Transfer,Delivered
ORD01986,CUST0180,PROD013,Casual Sneakers,Clothing,West,2024-06-19,3,88.24,20.0,211.76,120,91.76,Debit Card,Delivered
ORD01987,CUST0025,PROD033,Dumbbell Set 20kg,Sports,South,2024-02-26,3,87.12,0.0,261.36,126,135.36,Credit Card,Delivered
ORD01988,CUST0405,PROD060,Collagen Powder 300g,Food & Beverage,North,2022-09-30,2,44.27,0.0,88.53,32,56.53,Bank Transfer,Processing
ORD01989,CUST0172,PROD050,Digital Marketing,Books,West,2022-11-07,4,40.38,0.0,161.51,44,117.51,Debit Card,Delivered
ORD01990,CUST0376,PROD066,Car Vacuum Cleaner,Automotive,North,2022-05-16,2,58.95,0.0,117.89,44,73.89,Bank Transfer,Processing
ORD01991,CUST0137,PROD046,Finance for Managers,Books,West,2023-03-25,4,51.99,0.0,207.94,52,155.94,Bank Transfer,Delivered
ORD01992,CUST0320,PROD053,Protein Powder Vanilla,Food & Beverage,North,2024-07-30,3,56.28,0.0,168.85,60,108.85,Bank Transfer,Returned
ORD01993,CUST0294,PROD022,Air Purifier Pro,Home & Garden,South,2023-06-13,5,251.92,20.0,1007.67,550,457.67,PayPal,Shipped
ORD01994,CUST0260,PROD033,Dumbbell Set 20kg,Sports,West,2023-10-31,5,82.87,15.0,352.2,210,142.2,Cash,Delivered
ORD01995,CUST0288,PROD040,Water Bottle 1L,Sports,South,2023-07-26,5,23.22,0.0,116.12,40,76.12,Debit Card,Processing
ORD01996,CUST0271,PROD053,Protein Powder Vanilla,Food & Beverage,South,2024-06-07,4,52.49,10.0,188.98,80,108.98,PayPal,Delivered
ORD01997,CUST0290,PROD045,Leadership Principles,Books,Central,2024-04-08,1,34.89,0.0,34.89,8,26.89,PayPal,Delivered
ORD01998,CUST0165,PROD056,Dark Chocolate Bar 72%,Food & Beverage,East,2022-10-31,5,11.34,20.0,45.35,20,25.35,Debit Card,Cancelled
ORD01999,CUST0324,PROD032,Resistance Bands Set,Sports,West,2023-05-25,4,31.35,0.0,125.4,40,85.4,Cash,Delivered
ORD02000,CUST0331,PROD015,Sport T-Shirt,Clothing,East,2024-04-25,4,34.44,0.0,137.74,48,89.74,PayPal,Delivered
ORD02001,CUST0355,PROD008,Webcam HD 1080p,Electronics,East,2022-11-29,5,68.74,15.0,292.15,125,167.15,Credit Card,Processing
ORD02002,CUST0432,PROD037,Jump Rope Speed,Sports,Central,2022-04-27,4,18.64,5.0,70.84,28,42.84,Debit Card,Delivered
ORD02003,CUST0360,PROD016,Leather Belt,Clothing,East,2022-03-04,3,48.94,0.0,146.82,54,92.82,PayPal,Delivered
ORD02004,CUST0393,PROD036,Gym Gloves,Sports,East,2024-10-04,4,25.44,5.0,96.68,36,60.68,Bank Transfer,Processing
ORD02005,CUST0449,PROD012,Denim Jeans Slim,Clothing,North,2023-08-10,2,80.75,0.0,161.49,56,105.49,PayPal,Delivered
ORD02006,CUST0310,PROD055,Olive Oil Extra Virgin,Food & Beverage,Central,2023-11-01,5,27.31,0.0,136.55,45,91.55,Credit Card,Delivered
ORD02007,CUST0200,PROD025,Blender Pro 1000W,Home & Garden,East,2022-01-18,2,89.72,5.0,170.47,70,100.47,Credit Card,Cancelled
ORD02008,CUST0153,PROD018,Polo Shirt Premium,Clothing,North,2022-11-08,1,58.53,0.0,58.53,22,36.53,Credit Card,Delivered
ORD02009,CUST0272,PROD025,Blender Pro 1000W,Home & Garden,Central,2024-01-22,3,91.96,0.0,275.87,105,170.87,Credit Card,Delivered
ORD02010,CUST0202,PROD040,Water Bottle 1L,Sports,South,2023-09-27,3,20.24,10.0,54.65,24,30.65,Credit Card,Returned
ORD02011,CUST0232,PROD034,Cycling Helmet,Sports,Central,2022-01-01,2,83.57,5.0,158.79,64,94.79,Bank Transfer,Delivered
ORD02012,CUST0205,PROD027,LED Desk Lamp,Home & Garden,Central,2023-08-20,5,48.03,0.0,240.16,90,150.16,Cash,Delivered
ORD02013,CUST0360,PROD038,Foam Roller,Sports,East,2022-05-14,4,35.74,0.0,142.97,48,94.97,Debit Card,Shipped
ORD02014,CUST0493,PROD051,Premium Coffee Beans 1kg,Food & Beverage,North,2024-11-20,1,31.98,0.0,31.98,10,21.98,PayPal,Delivered
ORD02015,CUST0321,PROD032,Resistance Bands Set,Sports,South,2023-11-25,2,30.13,20.0,48.21,20,28.21,Bank Transfer,Delivered
ORD02016,CUST0431,PROD059,Energy Drink Pack x24,Food & Beverage,South,2024-11-08,3,33.56,15.0,85.57,36,49.57,Bank Transfer,Delivered
ORD02017,CUST0126,PROD043,Data Science Handbook,Books,North,2023-04-27,3,67.16,0.0,201.48,54,147.48,Debit Card,Delivered
ORD02018,CUST0087,PROD047,Machine Learning A-Z,Books,North,2022-11-14,1,65.94,10.0,59.35,20,39.35,Credit Card,Delivered
ORD02019,CUST0447,PROD019,Running Shorts,Clothing,Central,2024-07-08,2,39.05,0.0,78.11,30,48.11,PayPal,Processing
ORD02020,CUST0365,PROD044,Marketing Strategy,Books,North,2023-10-18,5,36.02,5.0,171.09,50,121.09,Bank Transfer,Delivered
ORD02021,CUST0313,PROD049,Entrepreneurship Now,Books,North,2023-09-12,2,38.85,15.0,66.04,18,48.04,Credit Card,Delivered
ORD02022,CUST0090,PROD055,Olive Oil Extra Virgin,Food & Beverage,North,2024-03-11,2,27.13,0.0,54.26,18,36.26,Credit Card,Processing
ORD02023,CUST0416,PROD014,Wool Winter Coat,Clothing,Central,2023-06-01,4,177.15,5.0,673.18,300,373.18,Bank Transfer,Shipped
ORD02024,CUST0134,PROD026,Plant Pot Set x3,Home & Garden,Central,2024-03-25,3,38.61,20.0,92.66,42,50.66,PayPal,Shipped
ORD02025,CUST0194,PROD001,Laptop Pro 15,Electronics,Central,2024-05-14,3,1309.94,20.0,3143.85,2250,893.85,Cash,Cancelled
ORD02026,CUST0028,PROD002,Wireless Headphones,Electronics,South,2023-01-12,1,213.69,0.0,213.69,80,133.69,PayPal,Delivered
ORD02027,CUST0250,PROD037,Jump Rope Speed,Sports,North,2024-09-24,3,17.66,0.0,52.99,21,31.99,Debit Card,Delivered
ORD02028,CUST0191,PROD070,Car Wax Premium,Automotive,Central,2024-10-11,3,30.28,15.0,77.22,30,47.22,Debit Card,Delivered
ORD02029,CUST0213,PROD069,LED Car Lights Kit,Automotive,East,2022-01-19,3,36.48,20.0,87.55,42,45.55,Cash,Delivered
ORD02030,CUST0453,PROD037,Jump Rope Speed,Sports,North,2022-01-06,1,18.93,20.0,15.15,7,8.15,Cash,Delivered
ORD02031,CUST0272,PROD018,Polo Shirt Premium,Clothing,Central,2022-10-30,3,67.34,20.0,161.63,66,95.63,Cash,Delivered
ORD02032,CUST0207,PROD010,External SSD 1TB,Electronics,Central,2024-03-11,5,163.71,10.0,736.7,325,411.7,Cash,Delivered
ORD02033,CUST0385,PROD002,Wireless Headphones,Electronics,North,2022-03-22,4,217.47,10.0,782.9,320,462.9,Cash,Delivered
ORD02034,CUST0040,PROD048,SQL Mastery,Books,East,2024-07-23,1,40.19,0.0,40.19,11,29.19,Bank Transfer,Delivered
ORD02035,CUST0264,PROD059,Energy Drink Pack x24,Food & Beverage,East,2022-05-09,4,37.31,5.0,141.77,48,93.77,Bank Transfer,Cancelled
ORD02036,CUST0401,PROD038,Foam Roller,Sports,West,2023-04-18,3,37.34,0.0,112.03,36,76.03,Bank Transfer,Delivered
ORD02037,CUST0027,PROD057,Granola Bars x12,Food & Beverage,North,2022-03-21,2,22.74,10.0,40.93,14,26.93,PayPal,Delivered
ORD02038,CUST0451,PROD029,Throw Blanket Soft,Home & Garden,West,2022-01-09,5,52.02,0.0,260.11,100,160.11,Bank Transfer,Delivered
ORD02039,CUST0074,PROD034,Cycling Helmet,Sports,North,2022-01-05,4,71.85,0.0,287.42,128,159.42,PayPal,Delivered
ORD02040,CUST0311,PROD013,Casual Sneakers,Clothing,North,2024-05-03,1,95.03,15.0,80.78,40,40.78,PayPal,Processing
ORD02041,CUST0200,PROD066,Car Vacuum Cleaner,Automotive,East,2022-04-15,4,60.38,0.0,241.51,88,153.51,Cash,Shipped
ORD02042,CUST0075,PROD015,Sport T-Shirt,Clothing,South,2023-08-12,1,37.49,5.0,35.61,12,23.61,Cash,Shipped
ORD02043,CUST0493,PROD012,Denim Jeans Slim,Clothing,North,2022-12-29,5,81.47,0.0,407.33,140,267.33,Bank Transfer,Delivered
ORD02044,CUST0134,PROD018,Polo Shirt Premium,Clothing,Central,2023-05-18,4,58.77,0.0,235.08,88,147.08,PayPal,Delivered
ORD02045,CUST0062,PROD040,Water Bottle 1L,Sports,South,2023-08-22,3,21.63,5.0,61.64,24,37.64,Debit Card,Shipped
ORD02046,CUST0042,PROD032,Resistance Bands Set,Sports,South,2024-01-11,1,30.54,0.0,30.54,10,20.54,PayPal,Returned
ORD02047,CUST0473,PROD038,Foam Roller,Sports,East,2022-05-21,1,38.38,20.0,30.7,12,18.7,Credit Card,Cancelled
ORD02048,CUST0241,PROD004,Bluetooth Speaker,Electronics,East,2022-01-07,2,81.27,20.0,130.04,70,60.04,PayPal,Returned
ORD02049,CUST0212,PROD065,Jump Starter Pack,Automotive,West,2022-08-21,4,86.11,10.0,309.99,152,157.99,Cash,Delivered
ORD02050,CUST0469,PROD065,Jump Starter Pack,Automotive,West,2022-09-08,4,91.99,0.0,367.96,152,215.96,Credit Card,Delivered
ORD02051,CUST0296,PROD070,Car Wax Premium,Automotive,North,2022-07-08,3,26.19,20.0,62.85,30,32.85,Debit Card,Delivered
ORD02052,CUST0122,PROD008,Webcam HD 1080p,Electronics,Central,2023-05-28,1,74.67,10.0,67.2,25,42.2,Credit Card,Returned
ORD02053,CUST0078,PROD026,Plant Pot Set x3,Home & Garden,South,2022-11-29,2,37.77,10.0,67.98,28,39.98,Cash,Delivered
ORD02054,CUST0258,PROD001,Laptop Pro 15,Electronics,East,2023-12-21,1,1161.64,5.0,1103.56,750,353.56,Bank Transfer,Delivered
ORD02055,CUST0178,PROD047,Machine Learning A-Z,Books,East,2024-11-15,4,67.86,0.0,271.43,80,191.43,Cash,Shipped
ORD02056,CUST0060,PROD066,Car Vacuum Cleaner,Automotive,Central,2022-05-18,2,58.68,20.0,93.89,44,49.89,Bank Transfer,Delivered
ORD02057,CUST0407,PROD051,Premium Coffee Beans 1kg,Food & Beverage,South,2024-07-26,4,30.86,0.0,123.45,40,83.45,Debit Card,Cancelled
ORD02058,CUST0287,PROD043,Data Science Handbook,Books,North,2022-03-16,4,60.95,10.0,219.4,72,147.4,PayPal,Delivered
ORD02059,CUST0429,PROD002,Wireless Headphones,Electronics,East,2024-02-02,3,195.64,20.0,469.53,240,229.53,Credit Card,Returned
ORD02060,CUST0421,PROD053,Protein Powder Vanilla,Food & Beverage,West,2024-08-07,1,50.97,0.0,50.97,20,30.97,Cash,Delivered
ORD02061,CUST0490,PROD048,SQL Mastery,Books,South,2022-08-27,5,38.94,5.0,184.97,55,129.97,Cash,Returned
ORD02062,CUST0395,PROD001,Laptop Pro 15,Electronics,East,2023-11-29,1,1229.99,0.0,1229.99,750,479.99,PayPal,Delivered
ORD02063,CUST0047,PROD011,Classic White Shirt,Clothing,East,2024-05-21,3,44.48,0.0,133.44,45,88.44,Credit Card,Cancelled
ORD02064,CUST0340,PROD018,Polo Shirt Premium,Clothing,South,2022-10-08,3,69.1,0.0,207.31,66,141.31,PayPal,Delivered
ORD02065,CUST0200,PROD050,Digital Marketing,Books,East,2024-04-23,1,43.8,0.0,43.8,11,32.8,Credit Card,Delivered
ORD02066,CUST0466,PROD038,Foam Roller,Sports,North,2023-09-07,4,31.66,0.0,126.64,48,78.64,PayPal,Delivered
ORD02067,CUST0201,PROD010,External SSD 1TB,Electronics,East,2022-07-10,2,161.86,10.0,291.34,130,161.34,Cash,Cancelled
ORD02068,CUST0252,PROD033,Dumbbell Set 20kg,Sports,Central,2024-01-13,1,81.79,0.0,81.79,42,39.79,PayPal,Delivered
ORD02069,CUST0263,PROD048,SQL Mastery,Books,West,2022-09-11,2,42.64,10.0,76.76,22,54.76,Credit Card,Delivered
ORD02070,CUST0277,PROD031,Yoga Mat Premium,Sports,Central,2023-07-21,3,48.07,10.0,129.8,54,75.8,Cash,Cancelled
ORD02071,CUST0176,PROD069,LED Car Lights Kit,Automotive,West,2022-06-13,5,38.05,20.0,152.19,70,82.19,Cash,Delivered
ORD02072,CUST0073,PROD041,Business Analytics Guide,Books,South,2023-09-02,1,48.56,20.0,38.85,12,26.85,Credit Card,Delivered
ORD02073,CUST0003,PROD066,Car Vacuum Cleaner,Automotive,South,2024-05-10,1,56.74,0.0,56.74,22,34.74,Credit Card,Delivered
ORD02074,CUST0081,PROD036,Gym Gloves,Sports,Central,2022-07-13,5,22.52,5.0,106.97,45,61.97,Credit Card,Delivered
ORD02075,CUST0211,PROD035,Running Shoes Pro,Sports,West,2024-01-10,4,130.08,0.0,520.33,220,300.33,Debit Card,Delivered
ORD02076,CUST0490,PROD040,Water Bottle 1L,Sports,South,2023-05-23,1,21.27,0.0,21.27,8,13.27,Cash,Shipped
ORD02077,CUST0326,PROD021,Robot Vacuum Cleaner,Home & Garden,North,2022-08-01,1,297.22,15.0,252.64,140,112.64,Debit Card,Delivered
ORD02078,CUST0151,PROD003,Smart Watch Ultra,Electronics,North,2024-11-09,2,383.18,0.0,766.35,280,486.35,Cash,Cancelled
ORD02079,CUST0405,PROD052,Organic Green Tea 100g,Food & Beverage,North,2023-01-20,4,18.17,0.0,72.68,20,52.68,Bank Transfer,Delivered
ORD02080,CUST0283,PROD053,Protein Powder Vanilla,Food & Beverage,Central,2024-03-06,2,58.58,0.0,117.15,40,77.15,PayPal,Delivered
ORD02081,CUST0459,PROD036,Gym Gloves,Sports,North,2024-04-22,5,23.94,0.0,119.69,45,74.69,Cash,Cancelled
ORD02082,CUST0277,PROD058,Almond Milk 1L,Food & Beverage,Central,2022-09-13,4,7.61,10.0,27.39,8,19.39,Bank Transfer,Delivered
ORD02083,CUST0487,PROD043,Data Science Handbook,Books,West,2022-08-23,4,66.18,15.0,225.01,72,153.01,PayPal,Shipped
ORD02084,CUST0439,PROD048,SQL Mastery,Books,East,2023-01-13,5,38.81,15.0,164.93,55,109.93,Debit Card,Delivered
ORD02085,CUST0347,PROD039,Pull-Up Bar,Sports,East,2022-03-24,2,60.48,15.0,102.82,44,58.82,Credit Card,Shipped
ORD02086,CUST0365,PROD028,Storage Ottoman,Home & Garden,North,2024-03-19,2,81.98,0.0,163.96,64,99.96,Credit Card,Delivered
ORD02087,CUST0363,PROD052,Organic Green Tea 100g,Food & Beverage,North,2023-03-07,1,19.19,0.0,19.19,5,14.19,Bank Transfer,Delivered
ORD02088,CUST0313,PROD004,Bluetooth Speaker,Electronics,North,2023-02-27,4,82.67,15.0,281.08,140,141.08,Credit Card,Cancelled
ORD02089,CUST0349,PROD063,Car Phone Mount,Automotive,North,2023-10-28,4,24.39,10.0,87.82,36,51.82,PayPal,Delivered
ORD02090,CUST0425,PROD058,Almond Milk 1L,Food & Beverage,South,2023-02-17,2,7.53,0.0,15.06,4,11.06,Debit Card,Cancelled
ORD02091,CUST0478,PROD032,Resistance Bands Set,Sports,South,2023-05-13,4,28.94,0.0,115.74,40,75.74,Bank Transfer,Delivered
ORD02092,CUST0216,PROD006,Gaming Mouse,Electronics,East,2022-01-07,4,78.42,0.0,313.7,112,201.7,Credit Card,Shipped
ORD02093,CUST0498,PROD045,Leadership Principles,Books,South,2024-12-09,3,30.1,0.0,90.31,24,66.31,PayPal,Delivered
ORD02094,CUST0231,PROD052,Organic Green Tea 100g,Food & Beverage,East,2023-07-27,2,17.73,0.0,35.47,10,25.47,Bank Transfer,Processing
ORD02095,CUST0223,PROD049,Entrepreneurship Now,Books,South,2024-12-20,1,36.62,0.0,36.62,9,27.62,PayPal,Shipped
ORD02096,CUST0488,PROD031,Yoga Mat Premium,Sports,East,2024-07-09,2,46.7,0.0,93.39,36,57.39,Bank Transfer,Returned
ORD02097,CUST0221,PROD024,Electric Kettle 1.7L,Home & Garden,Central,2023-07-07,2,48.81,5.0,92.73,36,56.73,Debit Card,Delivered
ORD02098,CUST0500,PROD013,Casual Sneakers,Clothing,South,2023-04-26,4,92.81,10.0,334.11,160,174.11,Cash,Shipped
ORD02099,CUST0188,PROD010,External SSD 1TB,Electronics,West,2022-10-24,1,142.08,0.0,142.08,65,77.08,Cash,Delivered
ORD02100,CUST0129,PROD057,Granola Bars x12,Food & Beverage,Central,2022-07-22,3,23.59,10.0,63.7,21,42.7,PayPal,Shipped
ORD02101,CUST0303,PROD022,Air Purifier Pro,Home & Garden,West,2022-02-11,1,252.34,0.0,252.34,110,142.34,Debit Card,Cancelled
ORD02102,CUST0193,PROD056,Dark Chocolate Bar 72%,Food & Beverage,Central,2023-06-01,2,12.62,15.0,21.45,8,13.45,Cash,Cancelled
ORD02103,CUST0040,PROD020,Knit Sweater,Clothing,East,2024-12-21,2,76.91,10.0,138.44,60,78.44,Credit Card,Delivered
ORD02104,CUST0122,PROD007,Mechanical Keyboard,Electronics,Central,2022-02-10,3,135.93,20.0,326.23,156,170.23,Cash,Delivered
ORD02105,CUST0252,PROD011,Classic White Shirt,Clothing,Central,2023-11-30,1,48.81,0.0,48.81,15,33.81,Credit Card,Shipped
ORD02106,CUST0326,PROD002,Wireless Headphones,Electronics,North,2024-05-20,3,206.8,0.0,620.41,240,380.41,Cash,Delivered
ORD02107,CUST0214,PROD035,Running Shoes Pro,Sports,South,2024-04-03,5,130.68,0.0,653.41,275,378.41,Credit Card,Delivered
ORD02108,CUST0484,PROD035,Running Shoes Pro,Sports,North,2023-02-06,2,124.48,20.0,199.16,110,89.16,PayPal,Delivered
ORD02109,CUST0207,PROD062,Tire Inflator Auto,Automotive,Central,2023-05-09,5,43.5,0.0,217.5,90,127.5,Bank Transfer,Returned
ORD02110,CUST0181,PROD030,Garden Hose 50ft,Home & Garden,East,2022-02-03,1,59.84,0.0,59.84,28,31.84,Debit Card,Delivered
ORD02111,CUST0006,PROD028,Storage Ottoman,Home & Garden,West,2022-03-31,2,74.51,10.0,134.11,64,70.11,Credit Card,Delivered
ORD02112,CUST0439,PROD062,Tire Inflator Auto,Automotive,East,2024-06-22,2,42.49,0.0,84.97,36,48.97,Debit Card,Delivered
ORD02113,CUST0177,PROD067,Steering Wheel Cover,Automotive,South,2022-03-16,3,26.17,10.0,70.65,33,37.65,Bank Transfer,Delivered
ORD02114,CUST0469,PROD048,SQL Mastery,Books,West,2023-07-29,5,45.27,0.0,226.37,55,171.37,Credit Card,Delivered
ORD02115,CUST0339,PROD066,Car Vacuum Cleaner,Automotive,North,2023-04-30,5,50.81,20.0,203.23,110,93.23,PayPal,Processing
ORD02116,CUST0467,PROD039,Pull-Up Bar,Sports,East,2023-05-09,1,54.74,0.0,54.74,22,32.74,Cash,Delivered
ORD02117,CUST0278,PROD007,Mechanical Keyboard,Electronics,West,2022-01-14,4,137.18,0.0,548.72,208,340.72,Bank Transfer,Cancelled
ORD02118,CUST0244,PROD002,Wireless Headphones,Electronics,Central,2022-07-24,1,199.15,0.0,199.15,80,119.15,Cash,Delivered
ORD02119,CUST0378,PROD040,Water Bottle 1L,Sports,South,2024-05-24,3,23.91,20.0,57.39,24,33.39,Bank Transfer,Delivered
ORD02120,CUST0423,PROD019,Running Shorts,Clothing,North,2022-12-03,1,44.01,15.0,37.41,15,22.41,Cash,Delivered
ORD02121,CUST0446,PROD001,Laptop Pro 15,Electronics,South,2023-07-18,2,1121.3,0.0,2242.59,1500,742.59,Debit Card,Shipped
ORD02122,CUST0309,PROD068,Car Air Freshener x5,Automotive,Central,2023-01-03,2,15.98,0.0,31.96,10,21.96,Debit Card,Delivered
ORD02123,CUST0449,PROD046,Finance for Managers,Books,North,2022-05-06,4,45.37,0.0,181.46,52,129.46,Credit Card,Delivered
ORD02124,CUST0141,PROD053,Protein Powder Vanilla,Food & Beverage,East,2023-02-23,3,56.4,20.0,135.36,60,75.36,PayPal,Processing
ORD02125,CUST0139,PROD045,Leadership Principles,Books,South,2024-06-03,2,33.2,20.0,53.12,16,37.12,Debit Card,Delivered
ORD02126,CUST0072,PROD018,Polo Shirt Premium,Clothing,South,2022-01-16,2,63.37,10.0,114.06,44,70.06,Debit Card,Shipped
ORD02127,CUST0309,PROD016,Leather Belt,Clothing,Central,2024-05-10,1,41.26,0.0,41.26,18,23.26,Debit Card,Delivered
ORD02128,CUST0414,PROD014,Wool Winter Coat,Clothing,North,2024-04-30,1,186.53,15.0,158.55,75,83.55,Debit Card,Delivered
ORD02129,CUST0308,PROD002,Wireless Headphones,Electronics,West,2024-12-01,5,214.28,10.0,964.24,400,564.24,Cash,Cancelled
ORD02130,CUST0454,PROD063,Car Phone Mount,Automotive,North,2023-11-07,4,23.29,10.0,83.83,36,47.83,Cash,Shipped
ORD02131,CUST0276,PROD022,Air Purifier Pro,Home & Garden,North,2023-03-18,4,245.26,10.0,882.93,440,442.93,Bank Transfer,Delivered
ORD02132,CUST0480,PROD060,Collagen Powder 300g,Food & Beverage,North,2023-06-17,5,42.43,15.0,180.32,80,100.32,Credit Card,Delivered
ORD02133,CUST0029,PROD021,Robot Vacuum Cleaner,Home & Garden,North,2023-08-29,4,315.3,5.0,1198.14,560,638.14,Credit Card,Cancelled
ORD02134,CUST0357,PROD014,Wool Winter Coat,Clothing,East,2022-08-25,2,204.15,0.0,408.3,150,258.3,Cash,Cancelled
ORD02135,CUST0455,PROD009,USB-C Hub 7-in-1,Electronics,North,2022-08-20,5,58.76,15.0,249.71,100,149.71,Cash,Shipped
ORD02136,CUST0212,PROD030,Garden Hose 50ft,Home & Garden,West,2022-10-04,1,65.23,10.0,58.71,28,30.71,Debit Card,Processing
ORD02137,CUST0493,PROD042,Python Programming,Books,North,2023-05-08,1,55.09,10.0,49.58,15,34.58,Cash,Cancelled
ORD02138,CUST0349,PROD067,Steering Wheel Cover,Automotive,North,2023-05-10,5,29.3,0.0,146.52,55,91.52,Cash,Delivered
ORD02139,CUST0169,PROD051,Premium Coffee Beans 1kg,Food & Beverage,South,2023-06-16,3,30.93,0.0,92.78,30,62.78,Debit Card,Delivered
ORD02140,CUST0397,PROD034,Cycling Helmet,Sports,South,2024-10-01,2,73.31,20.0,117.29,64,53.29,Debit Card,Shipped
ORD02141,CUST0357,PROD044,Marketing Strategy,Books,East,2022-07-03,5,35.32,5.0,167.79,50,117.79,Credit Card,Delivered
ORD02142,CUST0295,PROD001,Laptop Pro 15,Electronics,North,2022-06-14,3,1190.62,15.0,3036.07,2250,786.07,PayPal,Returned
ORD02143,CUST0373,PROD058,Almond Milk 1L,Food & Beverage,North,2023-11-23,1,7.25,0.0,7.25,2,5.25,Credit Card,Processing
ORD02144,CUST0459,PROD054,Mixed Nuts 500g,Food & Beverage,North,2022-02-19,1,22.0,0.0,22.0,8,14.0,Cash,Delivered
ORD02145,CUST0163,PROD049,Entrepreneurship Now,Books,Central,2023-01-25,4,39.26,0.0,157.05,36,121.05,Bank Transfer,Processing
ORD02146,CUST0155,PROD005,"4K Monitor 27""",Electronics,North,2024-01-31,1,475.87,15.0,404.49,220,184.49,Cash,Delivered
ORD02147,CUST0323,PROD047,Machine Learning A-Z,Books,Central,2022-11-03,3,69.3,15.0,176.73,60,116.73,Credit Card,Processing
ORD02148,CUST0388,PROD052,Organic Green Tea 100g,Food & Beverage,North,2024-10-29,3,18.91,0.0,56.73,15,41.73,Debit Card,Delivered
ORD02149,CUST0175,PROD068,Car Air Freshener x5,Automotive,South,2022-10-30,5,15.5,10.0,69.77,25,44.77,Bank Transfer,Delivered
ORD02150,CUST0229,PROD057,Granola Bars x12,Food & Beverage,West,2024-12-05,1,20.46,20.0,16.37,7,9.37,PayPal,Delivered
ORD02151,CUST0390,PROD060,Collagen Powder 300g,Food & Beverage,South,2022-03-28,3,43.92,0.0,131.75,48,83.75,Cash,Delivered
ORD02152,CUST0009,PROD018,Polo Shirt Premium,Clothing,South,2022-02-23,1,66.29,0.0,66.29,22,44.29,PayPal,Cancelled
ORD02153,CUST0291,PROD041,Business Analytics Guide,Books,West,2024-02-13,3,46.23,0.0,138.69,36,102.69,PayPal,Shipped
ORD02154,CUST0009,PROD008,Webcam HD 1080p,Electronics,South,2023-07-18,5,64.17,5.0,304.8,125,179.8,Cash,Delivered
ORD02155,CUST0113,PROD022,Air Purifier Pro,Home & Garden,Central,2024-04-25,2,263.83,10.0,474.89,220,254.89,Debit Card,Returned
ORD02156,CUST0134,PROD035,Running Shoes Pro,Sports,Central,2024-01-27,1,125.55,20.0,100.44,55,45.44,Debit Card,Processing
ORD02157,CUST0192,PROD008,Webcam HD 1080p,Electronics,South,2024-02-08,1,69.73,0.0,69.73,25,44.73,Bank Transfer,Delivered
ORD02158,CUST0283,PROD022,Air Purifier Pro,Home & Garden,Central,2023-03-02,2,244.53,20.0,391.24,220,171.24,Cash,Delivered
ORD02159,CUST0383,PROD048,SQL Mastery,Books,Central,2023-12-29,1,44.29,20.0,35.43,11,24.43,Cash,Delivered
ORD02160,CUST0227,PROD034,Cycling Helmet,Sports,South,2022-05-13,1,75.33,0.0,75.33,32,43.33,Credit Card,Cancelled
ORD02161,CUST0197,PROD016,Leather Belt,Clothing,Central,2023-06-02,5,41.62,10.0,187.28,90,97.28,Cash,Shipped
ORD02162,CUST0009,PROD050,Digital Marketing,Books,South,2023-06-20,3,43.7,15.0,111.43,33,78.43,Debit Card,Delivered
ORD02163,CUST0428,PROD037,Jump Rope Speed,Sports,Central,2024-08-28,4,20.45,0.0,81.78,28,53.78,Cash,Delivered
ORD02164,CUST0400,PROD053,Protein Powder Vanilla,Food & Beverage,West,2023-01-20,5,56.63,5.0,268.97,100,168.97,PayPal,Delivered
ORD02165,CUST0490,PROD041,Business Analytics Guide,Books,South,2022-05-15,2,46.77,10.0,84.19,24,60.19,PayPal,Shipped
ORD02166,CUST0051,PROD020,Knit Sweater,Clothing,East,2024-12-04,5,77.18,15.0,328.01,150,178.01,PayPal,Delivered
ORD02167,CUST0485,PROD058,Almond Milk 1L,Food & Beverage,East,2022-11-21,1,7.59,5.0,7.21,2,5.21,Debit Card,Delivered
ORD02168,CUST0238,PROD018,Polo Shirt Premium,Clothing,Central,2024-12-18,4,61.28,0.0,245.12,88,157.12,PayPal,Delivered
ORD02169,CUST0387,PROD067,Steering Wheel Cover,Automotive,Central,2022-03-25,4,27.79,15.0,94.49,44,50.49,Bank Transfer,Delivered
ORD02170,CUST0051,PROD024,Electric Kettle 1.7L,Home & Garden,East,2024-02-05,3,52.59,0.0,157.77,54,103.77,Debit Card,Delivered
ORD02171,CUST0459,PROD030,Garden Hose 50ft,Home & Garden,North,2023-04-15,3,62.92,15.0,160.44,84,76.44,Debit Card,Delivered
ORD02172,CUST0081,PROD062,Tire Inflator Auto,Automotive,Central,2022-02-17,1,44.73,0.0,44.73,18,26.73,Bank Transfer,Processing
ORD02173,CUST0415,PROD069,LED Car Lights Kit,Automotive,North,2023-08-19,5,35.53,20.0,142.12,70,72.12,Cash,Delivered
ORD02174,CUST0293,PROD045,Leadership Principles,Books,South,2022-02-16,2,33.48,0.0,66.95,16,50.95,Debit Card,Delivered
ORD02175,CUST0293,PROD053,Protein Powder Vanilla,Food & Beverage,South,2024-10-22,5,51.46,0.0,257.32,100,157.32,PayPal,Shipped
ORD02176,CUST0201,PROD030,Garden Hose 50ft,Home & Garden,East,2022-10-02,4,66.43,15.0,225.87,112,113.87,Credit Card,Shipped
ORD02177,CUST0142,PROD069,LED Car Lights Kit,Automotive,Central,2023-11-28,1,33.53,15.0,28.5,14,14.5,Credit Card,Returned
ORD02178,CUST0421,PROD062,Tire Inflator Auto,Automotive,West,2023-08-20,2,42.34,0.0,84.68,36,48.68,Debit Card,Returned
ORD02179,CUST0355,PROD062,Tire Inflator Auto,Automotive,East,2023-12-29,2,47.96,0.0,95.91,36,59.91,Cash,Delivered
ORD02180,CUST0433,PROD027,LED Desk Lamp,Home & Garden,East,2022-09-08,4,47.06,20.0,150.58,72,78.58,Debit Card,Processing
ORD02181,CUST0461,PROD050,Digital Marketing,Books,Central,2022-07-04,1,41.69,5.0,39.61,11,28.61,Cash,Delivered
ORD02182,CUST0143,PROD007,Mechanical Keyboard,Electronics,North,2022-09-11,5,117.35,0.0,586.73,260,326.73,Debit Card,Delivered
ORD02183,CUST0184,PROD053,Protein Powder Vanilla,Food & Beverage,West,2023-02-10,4,51.88,5.0,197.16,80,117.16,PayPal,Returned
ORD02184,CUST0368,PROD036,Gym Gloves,Sports,West,2022-03-22,4,26.77,15.0,91.03,36,55.03,Credit Card,Returned
ORD02185,CUST0214,PROD028,Storage Ottoman,Home & Garden,South,2024-10-31,4,78.88,0.0,315.5,128,187.5,Bank Transfer,Delivered
ORD02186,CUST0098,PROD009,USB-C Hub 7-in-1,Electronics,North,2024-10-22,4,62.29,15.0,211.79,80,131.79,Cash,Cancelled
ORD02187,CUST0371,PROD006,Gaming Mouse,Electronics,North,2022-01-22,2,74.4,0.0,148.8,56,92.8,Credit Card,Delivered
ORD02188,CUST0213,PROD040,Water Bottle 1L,Sports,East,2023-11-17,4,20.29,0.0,81.17,32,49.17,Cash,Delivered
ORD02189,CUST0353,PROD007,Mechanical Keyboard,Electronics,West,2022-01-27,2,133.86,0.0,267.72,104,163.72,Bank Transfer,Shipped
ORD02190,CUST0086,PROD003,Smart Watch Ultra,Electronics,East,2024-10-15,3,365.0,20.0,876.01,420,456.01,Cash,Delivered
ORD02191,CUST0429,PROD053,Protein Powder Vanilla,Food & Beverage,East,2024-04-30,1,59.21,15.0,50.32,20,30.32,Debit Card,Delivered
ORD02192,CUST0276,PROD002,Wireless Headphones,Electronics,North,2023-12-10,2,214.36,0.0,428.72,160,268.72,PayPal,Shipped
ORD02193,CUST0286,PROD016,Leather Belt,Clothing,North,2022-09-10,5,46.25,10.0,208.14,90,118.14,PayPal,Delivered
ORD02194,CUST0274,PROD024,Electric Kettle 1.7L,Home & Garden,Central,2023-08-22,2,46.37,10.0,83.46,36,47.46,Bank Transfer,Delivered
ORD02195,CUST0267,PROD010,External SSD 1TB,Electronics,East,2022-02-24,5,138.25,5.0,656.69,325,331.69,Debit Card,Delivered
ORD02196,CUST0106,PROD015,Sport T-Shirt,Clothing,Central,2022-11-19,2,35.75,10.0,64.34,24,40.34,Debit Card,Delivered
ORD02197,CUST0054,PROD004,Bluetooth Speaker,Electronics,West,2024-07-13,3,86.07,5.0,245.29,105,140.29,Credit Card,Delivered
ORD02198,CUST0308,PROD011,Classic White Shirt,Clothing,West,2022-03-16,3,45.37,10.0,122.51,45,77.51,Bank Transfer,Cancelled
ORD02199,CUST0320,PROD067,Steering Wheel Cover,Automotive,North,2022-03-29,3,29.76,20.0,71.42,33,38.42,PayPal,Delivered
ORD02200,CUST0230,PROD054,Mixed Nuts 500g,Food & Beverage,West,2024-03-20,4,23.69,20.0,75.81,32,43.81,Credit Card,Delivered
ORD02201,CUST0274,PROD045,Leadership Principles,Books,Central,2022-07-16,1,33.58,5.0,31.9,8,23.9,Credit Card,Cancelled
ORD02202,CUST0101,PROD036,Gym Gloves,Sports,South,2023-01-31,1,25.1,0.0,25.1,9,16.1,PayPal,Delivered
ORD02203,CUST0116,PROD043,Data Science Handbook,Books,West,2022-07-01,1,63.52,15.0,53.99,18,35.99,Bank Transfer,Delivered
ORD02204,CUST0093,PROD048,SQL Mastery,Books,South,2023-03-12,1,45.8,20.0,36.64,11,25.64,Debit Card,Delivered
ORD02205,CUST0445,PROD030,Garden Hose 50ft,Home & Garden,Central,2023-11-29,3,59.18,5.0,168.65,84,84.65,Cash,Delivered
ORD02206,CUST0043,PROD040,Water Bottle 1L,Sports,North,2024-06-12,5,20.28,15.0,86.18,40,46.18,Bank Transfer,Delivered
ORD02207,CUST0095,PROD032,Resistance Bands Set,Sports,Central,2022-10-20,5,27.32,10.0,122.95,50,72.95,PayPal,Delivered
ORD02208,CUST0399,PROD054,Mixed Nuts 500g,Food & Beverage,West,2022-03-24,1,22.76,10.0,20.49,8,12.49,Credit Card,Processing
ORD02209,CUST0484,PROD043,Data Science Handbook,Books,North,2024-07-05,2,62.95,0.0,125.91,36,89.91,Bank Transfer,Cancelled
ORD02210,CUST0183,PROD067,Steering Wheel Cover,Automotive,North,2024-12-18,2,28.46,0.0,56.93,22,34.93,Debit Card,Shipped
ORD02211,CUST0384,PROD006,Gaming Mouse,Electronics,Central,2022-09-12,1,72.72,0.0,72.72,28,44.72,Bank Transfer,Shipped
ORD02212,CUST0131,PROD055,Olive Oil Extra Virgin,Food & Beverage,Central,2022-02-06,5,29.8,10.0,134.12,45,89.12,PayPal,Returned
ORD02213,CUST0493,PROD068,Car Air Freshener x5,Automotive,North,2022-05-13,3,14.36,0.0,43.07,15,28.07,Credit Card,Shipped
ORD02214,CUST0359,PROD021,Robot Vacuum Cleaner,Home & Garden,South,2024-07-16,3,303.96,0.0,911.87,420,491.87,Bank Transfer,Processing
ORD02215,CUST0236,PROD041,Business Analytics Guide,Books,West,2024-05-11,5,45.65,5.0,216.86,60,156.86,PayPal,Processing
ORD02216,CUST0016,PROD037,Jump Rope Speed,Sports,West,2024-07-23,1,20.48,0.0,20.48,7,13.48,Debit Card,Delivered
ORD02217,CUST0252,PROD028,Storage Ottoman,Home & Garden,Central,2024-01-20,5,73.26,10.0,329.68,160,169.68,Debit Card,Delivered
ORD02218,CUST0206,PROD060,Collagen Powder 300g,Food & Beverage,East,2022-07-30,3,40.69,10.0,109.87,48,61.87,PayPal,Delivered
ORD02219,CUST0467,PROD033,Dumbbell Set 20kg,Sports,East,2023-02-03,2,95.95,0.0,191.9,84,107.9,Debit Card,Processing
ORD02220,CUST0154,PROD002,Wireless Headphones,Electronics,North,2023-04-02,3,210.17,20.0,504.4,240,264.4,Bank Transfer,Delivered
ORD02221,CUST0424,PROD031,Yoga Mat Premium,Sports,North,2022-04-23,4,46.1,0.0,184.4,72,112.4,Cash,Delivered
ORD02222,CUST0172,PROD017,Formal Trousers,Clothing,West,2024-03-26,1,88.24,5.0,83.83,35,48.83,Credit Card,Shipped
ORD02223,CUST0375,PROD058,Almond Milk 1L,Food & Beverage,South,2022-12-23,2,7.7,15.0,13.08,4,9.08,Debit Card,Delivered
ORD02224,CUST0126,PROD032,Resistance Bands Set,Sports,North,2023-03-28,3,29.99,10.0,80.96,30,50.96,PayPal,Shipped
ORD02225,CUST0194,PROD043,Data Science Handbook,Books,Central,2024-12-01,2,67.04,10.0,120.68,36,84.68,Credit Card,Processing
ORD02226,CUST0089,PROD051,Premium Coffee Beans 1kg,Food & Beverage,South,2023-08-07,1,34.54,5.0,32.82,10,22.82,Credit Card,Returned
ORD02227,CUST0009,PROD024,Electric Kettle 1.7L,Home & Garden,South,2024-06-08,3,44.39,20.0,106.54,54,52.54,Debit Card,Delivered
ORD02228,CUST0290,PROD045,Leadership Principles,Books,Central,2024-01-05,5,33.13,5.0,157.37,40,117.37,PayPal,Delivered
ORD02229,CUST0141,PROD069,LED Car Lights Kit,Automotive,East,2024-02-23,5,34.15,5.0,162.2,70,92.2,Credit Card,Cancelled
ORD02230,CUST0365,PROD020,Knit Sweater,Clothing,North,2023-03-20,1,75.93,20.0,60.74,30,30.74,Bank Transfer,Delivered
ORD02231,CUST0361,PROD031,Yoga Mat Premium,Sports,North,2022-10-26,2,47.77,0.0,95.53,36,59.53,Cash,Delivered
ORD02232,CUST0015,PROD032,Resistance Bands Set,Sports,North,2022-09-04,3,30.99,20.0,74.38,30,44.38,PayPal,Delivered
ORD02233,CUST0116,PROD070,Car Wax Premium,Automotive,West,2022-11-02,2,28.49,20.0,45.58,20,25.58,PayPal,Processing
ORD02234,CUST0187,PROD064,Seat Covers Set,Automotive,West,2023-07-11,1,84.6,20.0,67.68,32,35.68,Debit Card,Delivered
ORD02235,CUST0185,PROD008,Webcam HD 1080p,Electronics,North,2023-04-04,1,62.19,20.0,49.75,25,24.75,Cash,Delivered
ORD02236,CUST0029,PROD022,Air Purifier Pro,Home & Garden,North,2024-03-11,4,227.22,0.0,908.87,440,468.87,Credit Card,Processing
ORD02237,CUST0360,PROD014,Wool Winter Coat,Clothing,East,2024-03-03,5,177.74,0.0,888.69,375,513.69,Debit Card,Processing
ORD02238,CUST0121,PROD069,LED Car Lights Kit,Automotive,West,2023-11-17,1,31.84,0.0,31.84,14,17.84,Bank Transfer,Delivered
ORD02239,CUST0154,PROD070,Car Wax Premium,Automotive,North,2023-07-26,1,26.84,10.0,24.16,10,14.16,Credit Card,Cancelled
ORD02240,CUST0200,PROD001,Laptop Pro 15,Electronics,East,2023-10-21,1,1188.75,20.0,951.0,750,201.0,Debit Card,Cancelled
ORD02241,CUST0405,PROD055,Olive Oil Extra Virgin,Food & Beverage,North,2024-12-04,2,30.08,5.0,57.16,18,39.16,Bank Transfer,Shipped
ORD02242,CUST0103,PROD037,Jump Rope Speed,Sports,West,2022-04-14,3,17.94,0.0,53.81,21,32.81,PayPal,Delivered
ORD02243,CUST0076,PROD028,Storage Ottoman,Home & Garden,East,2024-10-11,4,74.14,0.0,296.56,128,168.56,Bank Transfer,Delivered
ORD02244,CUST0184,PROD001,Laptop Pro 15,Electronics,West,2024-07-08,2,1254.25,20.0,2006.79,1500,506.79,Bank Transfer,Shipped
ORD02245,CUST0317,PROD053,Protein Powder Vanilla,Food & Beverage,North,2022-10-08,3,49.71,20.0,119.31,60,59.31,Credit Card,Shipped
ORD02246,CUST0302,PROD029,Throw Blanket Soft,Home & Garden,West,2024-10-04,4,59.65,0.0,238.6,80,158.6,Debit Card,Delivered
ORD02247,CUST0194,PROD065,Jump Starter Pack,Automotive,Central,2022-05-17,3,80.5,10.0,217.36,114,103.36,Cash,Delivered
ORD02248,CUST0279,PROD055,Olive Oil Extra Virgin,Food & Beverage,West,2023-02-04,2,26.33,0.0,52.67,18,34.67,Credit Card,Cancelled
ORD02249,CUST0158,PROD026,Plant Pot Set x3,Home & Garden,East,2023-10-06,3,40.68,0.0,122.03,42,80.03,Debit Card,Delivered
ORD02250,CUST0382,PROD052,Organic Green Tea 100g,Food & Beverage,Central,2024-04-01,1,17.88,0.0,17.88,5,12.88,Bank Transfer,Delivered
ORD02251,CUST0384,PROD022,Air Purifier Pro,Home & Garden,Central,2022-12-03,1,228.01,0.0,228.01,110,118.01,Credit Card,Delivered
ORD02252,CUST0439,PROD068,Car Air Freshener x5,Automotive,East,2023-03-25,4,14.21,10.0,51.17,20,31.17,PayPal,Delivered
ORD02253,CUST0038,PROD017,Formal Trousers,Clothing,North,2024-10-12,5,90.31,0.0,451.54,175,276.54,Bank Transfer,Delivered
ORD02254,CUST0243,PROD052,Organic Green Tea 100g,Food & Beverage,West,2023-03-23,4,16.47,15.0,55.99,20,35.99,Cash,Delivered
ORD02255,CUST0304,PROD057,Granola Bars x12,Food & Beverage,Central,2023-06-26,5,20.02,0.0,100.08,35,65.08,Cash,Delivered
ORD02256,CUST0329,PROD063,Car Phone Mount,Automotive,Central,2022-10-16,4,23.97,0.0,95.88,36,59.88,Credit Card,Delivered
ORD02257,CUST0244,PROD012,Denim Jeans Slim,Clothing,Central,2023-08-07,1,74.84,0.0,74.84,28,46.84,PayPal,Processing
ORD02258,CUST0324,PROD053,Protein Powder Vanilla,Food & Beverage,West,2024-03-26,4,55.38,0.0,221.5,80,141.5,Bank Transfer,Shipped
ORD02259,CUST0266,PROD041,Business Analytics Guide,Books,South,2024-10-20,5,42.03,0.0,210.16,60,150.16,Credit Card,Delivered
ORD02260,CUST0328,PROD019,Running Shorts,Clothing,West,2022-11-27,1,45.18,20.0,36.14,15,21.14,Cash,Delivered
ORD02261,CUST0477,PROD068,Car Air Freshener x5,Automotive,North,2023-01-09,1,15.38,0.0,15.38,5,10.38,Cash,Cancelled
ORD02262,CUST0295,PROD032,Resistance Bands Set,Sports,North,2024-05-09,2,29.42,0.0,58.84,20,38.84,Bank Transfer,Processing
ORD02263,CUST0214,PROD013,Casual Sneakers,Clothing,South,2024-06-15,2,99.9,20.0,159.84,80,79.84,Debit Card,Cancelled
ORD02264,CUST0231,PROD014,Wool Winter Coat,Clothing,East,2023-05-13,1,202.16,0.0,202.16,75,127.16,Cash,Shipped
ORD02265,CUST0269,PROD023,Coffee Maker Deluxe,Home & Garden,South,2023-10-15,4,116.85,0.0,467.41,208,259.41,Cash,Processing
ORD02266,CUST0475,PROD065,Jump Starter Pack,Automotive,East,2022-02-16,4,94.08,10.0,338.7,152,186.7,Cash,Shipped
ORD02267,CUST0016,PROD039,Pull-Up Bar,Sports,West,2024-05-27,4,56.99,0.0,227.95,88,139.95,Bank Transfer,Delivered
ORD02268,CUST0193,PROD008,Webcam HD 1080p,Electronics,Central,2022-05-06,4,73.98,5.0,281.13,100,181.13,Debit Card,Cancelled
ORD02269,CUST0042,PROD054,Mixed Nuts 500g,Food & Beverage,South,2024-11-27,2,25.73,0.0,51.46,16,35.46,PayPal,Processing
ORD02270,CUST0412,PROD061,Car Dash Cam 4K,Automotive,East,2024-02-10,5,91.94,15.0,390.76,210,180.76,Debit Card,Delivered
ORD02271,CUST0081,PROD010,External SSD 1TB,Electronics,Central,2023-12-17,3,154.18,0.0,462.55,195,267.55,Bank Transfer,Shipped
ORD02272,CUST0255,PROD052,Organic Green Tea 100g,Food & Beverage,West,2024-01-20,1,19.0,10.0,17.1,5,12.1,Bank Transfer,Cancelled
ORD02273,CUST0247,PROD032,Resistance Bands Set,Sports,North,2023-06-27,4,29.4,15.0,99.97,40,59.97,Credit Card,Delivered
ORD02274,CUST0333,PROD058,Almond Milk 1L,Food & Beverage,East,2022-12-23,1,8.77,0.0,8.77,2,6.77,PayPal,Delivered
ORD02275,CUST0409,PROD012,Denim Jeans Slim,Clothing,North,2024-07-24,5,86.19,10.0,387.84,140,247.84,Cash,Delivered
ORD02276,CUST0231,PROD023,Coffee Maker Deluxe,Home & Garden,East,2023-07-04,2,127.19,10.0,228.95,104,124.95,Cash,Delivered
ORD02277,CUST0127,PROD063,Car Phone Mount,Automotive,North,2022-02-03,2,23.13,0.0,46.27,18,28.27,PayPal,Processing
ORD02278,CUST0181,PROD065,Jump Starter Pack,Automotive,East,2023-04-16,5,87.81,15.0,373.19,190,183.19,Cash,Shipped
ORD02279,CUST0149,PROD033,Dumbbell Set 20kg,Sports,Central,2023-05-29,5,97.35,15.0,413.73,210,203.73,Debit Card,Delivered
ORD02280,CUST0105,PROD002,Wireless Headphones,Electronics,Central,2023-11-23,5,199.49,15.0,847.81,400,447.81,Credit Card,Shipped
ORD02281,CUST0040,PROD063,Car Phone Mount,Automotive,East,2023-08-04,3,24.76,10.0,66.85,27,39.85,Cash,Delivered
ORD02282,CUST0449,PROD030,Garden Hose 50ft,Home & Garden,North,2022-03-15,4,59.69,0.0,238.77,112,126.77,Debit Card,Cancelled
ORD02283,CUST0139,PROD013,Casual Sneakers,Clothing,South,2024-04-02,4,92.92,0.0,371.68,160,211.68,Cash,Processing
ORD02284,CUST0495,PROD045,Leadership Principles,Books,West,2023-01-18,1,34.78,5.0,33.04,8,25.04,PayPal,Delivered
ORD02285,CUST0400,PROD042,Python Programming,Books,West,2022-06-09,5,50.2,15.0,213.34,75,138.34,Bank Transfer,Delivered
ORD02286,CUST0114,PROD050,Digital Marketing,Books,South,2024-12-25,4,39.08,0.0,156.3,44,112.3,Cash,Delivered
ORD02287,CUST0343,PROD066,Car Vacuum Cleaner,Automotive,West,2024-06-12,5,54.97,20.0,219.88,110,109.88,Debit Card,Processing
ORD02288,CUST0070,PROD059,Energy Drink Pack x24,Food & Beverage,North,2022-09-23,3,35.11,0.0,105.34,36,69.34,Bank Transfer,Returned
ORD02289,CUST0199,PROD018,Polo Shirt Premium,Clothing,East,2022-03-20,5,62.64,10.0,281.87,110,171.87,Credit Card,Delivered
ORD02290,CUST0158,PROD005,"4K Monitor 27""",Electronics,East,2023-01-17,2,438.18,15.0,744.91,440,304.91,PayPal,Cancelled
ORD02291,CUST0147,PROD009,USB-C Hub 7-in-1,Electronics,North,2024-01-09,4,57.6,10.0,207.34,80,127.34,PayPal,Shipped
ORD02292,CUST0432,PROD069,LED Car Lights Kit,Automotive,Central,2022-03-20,1,36.21,0.0,36.21,14,22.21,PayPal,Cancelled
ORD02293,CUST0122,PROD028,Storage Ottoman,Home & Garden,Central,2022-12-27,3,80.29,0.0,240.86,96,144.86,PayPal,Delivered
ORD02294,CUST0084,PROD005,"4K Monitor 27""",Electronics,South,2024-12-08,4,446.46,5.0,1696.55,880,816.55,Debit Card,Delivered
ORD02295,CUST0418,PROD069,LED Car Lights Kit,Automotive,South,2023-08-26,2,35.97,15.0,61.15,28,33.15,Debit Card,Shipped
ORD02296,CUST0132,PROD017,Formal Trousers,Clothing,West,2023-07-06,4,94.88,0.0,379.52,140,239.52,Debit Card,Delivered
ORD02297,CUST0077,PROD010,External SSD 1TB,Electronics,North,2022-07-31,3,146.17,0.0,438.5,195,243.5,Credit Card,Shipped
ORD02298,CUST0103,PROD043,Data Science Handbook,Books,West,2023-11-03,2,65.43,0.0,130.86,36,94.86,Bank Transfer,Delivered
ORD02299,CUST0018,PROD003,Smart Watch Ultra,Electronics,Central,2023-12-05,4,325.8,10.0,1172.89,560,612.89,Debit Card,Delivered
ORD02300,CUST0473,PROD057,Granola Bars x12,Food & Beverage,East,2023-03-30,2,21.31,10.0,38.36,14,24.36,PayPal,Delivered
ORD02301,CUST0134,PROD019,Running Shorts,Clothing,Central,2024-10-30,1,42.5,5.0,40.38,15,25.38,PayPal,Delivered
ORD02302,CUST0321,PROD001,Laptop Pro 15,Electronics,South,2024-09-29,5,1143.08,5.0,5429.65,3750,1679.65,Cash,Delivered
ORD02303,CUST0106,PROD004,Bluetooth Speaker,Electronics,Central,2023-10-19,4,93.86,0.0,375.44,140,235.44,PayPal,Delivered
ORD02304,CUST0289,PROD026,Plant Pot Set x3,Home & Garden,Central,2023-02-02,3,40.0,0.0,120.0,42,78.0,Cash,Processing
ORD02305,CUST0050,PROD042,Python Programming,Books,East,2022-06-02,1,59.55,10.0,53.6,15,38.6,Bank Transfer,Delivered
ORD02306,CUST0446,PROD025,Blender Pro 1000W,Home & Garden,South,2023-02-12,5,94.93,0.0,474.64,175,299.64,Cash,Delivered
ORD02307,CUST0497,PROD011,Classic White Shirt,Clothing,North,2022-03-19,1,52.32,0.0,52.32,15,37.32,Bank Transfer,Delivered
ORD02308,CUST0077,PROD029,Throw Blanket Soft,Home & Garden,North,2023-10-29,3,54.49,0.0,163.47,60,103.47,PayPal,Delivered
ORD02309,CUST0214,PROD038,Foam Roller,Sports,South,2023-03-20,2,34.06,0.0,68.13,24,44.13,Bank Transfer,Delivered
ORD02310,CUST0358,PROD021,Robot Vacuum Cleaner,Home & Garden,Central,2024-12-10,1,283.34,5.0,269.17,140,129.17,Bank Transfer,Cancelled
ORD02311,CUST0486,PROD050,Digital Marketing,Books,Central,2022-04-04,1,43.68,0.0,43.68,11,32.68,Debit Card,Shipped
ORD02312,CUST0318,PROD013,Casual Sneakers,Clothing,East,2022-08-12,3,103.56,20.0,248.54,120,128.54,Credit Card,Delivered
ORD02313,CUST0298,PROD035,Running Shoes Pro,Sports,South,2023-12-26,2,127.88,10.0,230.19,110,120.19,Cash,Cancelled
ORD02314,CUST0383,PROD013,Casual Sneakers,Clothing,Central,2022-09-07,5,95.45,10.0,429.53,200,229.53,Credit Card,Shipped
ORD02315,CUST0061,PROD010,External SSD 1TB,Electronics,North,2022-09-27,4,134.3,0.0,537.2,260,277.2,Debit Card,Delivered
ORD02316,CUST0450,PROD008,Webcam HD 1080p,Electronics,Central,2024-11-19,5,69.8,20.0,279.19,125,154.19,PayPal,Delivered
ORD02317,CUST0130,PROD011,Classic White Shirt,Clothing,East,2022-10-08,3,49.56,20.0,118.95,45,73.95,Bank Transfer,Delivered
ORD02318,CUST0170,PROD035,Running Shoes Pro,Sports,West,2023-10-27,5,129.17,20.0,516.66,275,241.66,Bank Transfer,Delivered
ORD02319,CUST0254,PROD024,Electric Kettle 1.7L,Home & Garden,Central,2023-07-27,3,52.55,0.0,157.66,54,103.66,Bank Transfer,Shipped
ORD02320,CUST0103,PROD059,Energy Drink Pack x24,Food & Beverage,West,2024-11-10,3,38.38,15.0,97.87,36,61.87,PayPal,Delivered
ORD02321,CUST0408,PROD010,External SSD 1TB,Electronics,South,2023-11-27,5,146.67,0.0,733.37,325,408.37,PayPal,Processing
ORD02322,CUST0067,PROD008,Webcam HD 1080p,Electronics,West,2023-08-13,2,69.03,0.0,138.06,50,88.06,Cash,Cancelled
ORD02323,CUST0198,PROD017,Formal Trousers,Clothing,West,2022-06-19,4,97.64,0.0,390.56,140,250.56,Debit Card,Cancelled
ORD02324,CUST0117,PROD059,Energy Drink Pack x24,Food & Beverage,South,2022-01-13,1,31.8,20.0,25.44,12,13.44,PayPal,Delivered
ORD02325,CUST0329,PROD056,Dark Chocolate Bar 72%,Food & Beverage,Central,2023-04-16,5,12.35,0.0,61.77,20,41.77,Credit Card,Returned
ORD02326,CUST0305,PROD059,Energy Drink Pack x24,Food & Beverage,North,2022-09-26,1,37.1,20.0,29.68,12,17.68,PayPal,Delivered
ORD02327,CUST0196,PROD010,External SSD 1TB,Electronics,South,2022-01-12,3,144.23,0.0,432.69,195,237.69,Cash,Delivered
ORD02328,CUST0120,PROD022,Air Purifier Pro,Home & Garden,Central,2024-05-21,5,260.86,15.0,1108.66,550,558.66,Credit Card,Delivered
ORD02329,CUST0195,PROD005,"4K Monitor 27""",Electronics,South,2023-08-06,5,452.23,5.0,2148.1,1100,1048.1,Bank Transfer,Delivered
ORD02330,CUST0117,PROD069,LED Car Lights Kit,Automotive,South,2024-10-01,2,35.0,20.0,56.0,28,28.0,Debit Card,Delivered
ORD02331,CUST0218,PROD062,Tire Inflator Auto,Automotive,North,2024-06-22,3,46.29,0.0,138.86,54,84.86,Credit Card,Delivered
ORD02332,CUST0218,PROD061,Car Dash Cam 4K,Automotive,North,2024-11-21,2,107.3,0.0,214.6,84,130.6,Debit Card,Cancelled
ORD02333,CUST0497,PROD005,"4K Monitor 27""",Electronics,North,2022-05-23,5,424.66,20.0,1698.64,1100,598.64,Debit Card,Shipped
ORD02334,CUST0293,PROD038,Foam Roller,Sports,South,2022-08-05,2,32.83,0.0,65.67,24,41.67,Debit Card,Delivered
ORD02335,CUST0174,PROD013,Casual Sneakers,Clothing,Central,2022-10-21,1,97.41,10.0,87.67,40,47.67,Credit Card,Delivered
ORD02336,CUST0208,PROD041,Business Analytics Guide,Books,West,2022-01-17,1,45.18,5.0,42.92,12,30.92,PayPal,Delivered
ORD02337,CUST0160,PROD002,Wireless Headphones,Electronics,North,2023-02-22,5,197.53,0.0,987.67,400,587.67,Cash,Delivered
ORD02338,CUST0498,PROD058,Almond Milk 1L,Food & Beverage,South,2024-08-23,4,8.03,0.0,32.12,8,24.12,Bank Transfer,Delivered
ORD02339,CUST0260,PROD001,Laptop Pro 15,Electronics,West,2023-01-06,3,1195.22,0.0,3585.66,2250,1335.66,PayPal,Shipped
ORD02340,CUST0208,PROD028,Storage Ottoman,Home & Garden,West,2024-01-14,5,76.92,5.0,365.35,160,205.35,Debit Card,Delivered
ORD02341,CUST0033,PROD068,Car Air Freshener x5,Automotive,Central,2022-03-08,3,13.93,0.0,41.78,15,26.78,Cash,Processing
ORD02342,CUST0089,PROD040,Water Bottle 1L,Sports,South,2024-07-17,4,23.76,10.0,85.53,32,53.53,Debit Card,Shipped
ORD02343,CUST0429,PROD055,Olive Oil Extra Virgin,Food & Beverage,East,2024-03-14,1,28.28,0.0,28.28,9,19.28,Bank Transfer,Returned
ORD02344,CUST0085,PROD008,Webcam HD 1080p,Electronics,West,2024-08-18,2,62.97,15.0,107.06,50,57.06,Debit Card,Delivered
ORD02345,CUST0329,PROD067,Steering Wheel Cover,Automotive,Central,2023-03-21,5,29.9,0.0,149.51,55,94.51,Credit Card,Delivered
ORD02346,CUST0054,PROD012,Denim Jeans Slim,Clothing,West,2022-12-20,2,80.21,10.0,144.38,56,88.38,Cash,Delivered
ORD02347,CUST0068,PROD015,Sport T-Shirt,Clothing,South,2024-04-23,2,38.19,15.0,64.92,24,40.92,Bank Transfer,Processing
ORD02348,CUST0419,PROD064,Seat Covers Set,Automotive,East,2022-06-04,3,74.83,10.0,202.05,96,106.05,Debit Card,Delivered
ORD02349,CUST0053,PROD067,Steering Wheel Cover,Automotive,North,2022-12-08,3,29.89,15.0,76.22,33,43.22,Debit Card,Processing
ORD02350,CUST0247,PROD045,Leadership Principles,Books,North,2023-02-21,3,32.36,0.0,97.07,24,73.07,PayPal,Delivered
ORD02351,CUST0394,PROD009,USB-C Hub 7-in-1,Electronics,South,2024-09-28,4,61.8,5.0,234.83,80,154.83,Debit Card,Delivered
ORD02352,CUST0198,PROD049,Entrepreneurship Now,Books,West,2024-03-16,3,34.18,0.0,102.54,27,75.54,Cash,Delivered
ORD02353,CUST0408,PROD044,Marketing Strategy,Books,South,2023-06-04,5,40.36,20.0,161.45,50,111.45,Bank Transfer,Shipped
ORD02354,CUST0309,PROD064,Seat Covers Set,Automotive,Central,2022-08-27,2,85.21,10.0,153.38,64,89.38,Cash,Delivered
ORD02355,CUST0153,PROD032,Resistance Bands Set,Sports,North,2023-01-18,5,27.11,0.0,135.56,50,85.56,Debit Card,Delivered
ORD02356,CUST0092,PROD022,Air Purifier Pro,Home & Garden,East,2023-05-20,5,247.43,10.0,1113.44,550,563.44,Bank Transfer,Shipped
ORD02357,CUST0231,PROD056,Dark Chocolate Bar 72%,Food & Beverage,East,2023-03-15,4,12.5,20.0,40.0,16,24.0,PayPal,Delivered
ORD02358,CUST0065,PROD058,Almond Milk 1L,Food & Beverage,Central,2024-11-28,2,7.41,0.0,14.82,4,10.82,Credit Card,Delivered
ORD02359,CUST0349,PROD015,Sport T-Shirt,Clothing,North,2024-01-17,4,36.6,15.0,124.46,48,76.46,Credit Card,Delivered
ORD02360,CUST0112,PROD013,Casual Sneakers,Clothing,West,2022-12-21,1,102.28,0.0,102.28,40,62.28,Cash,Delivered
ORD02361,CUST0347,PROD022,Air Purifier Pro,Home & Garden,East,2024-08-11,5,249.17,20.0,996.69,550,446.69,Cash,Delivered
ORD02362,CUST0258,PROD060,Collagen Powder 300g,Food & Beverage,East,2023-03-08,3,46.51,0.0,139.52,48,91.52,Debit Card,Delivered
ORD02363,CUST0113,PROD007,Mechanical Keyboard,Electronics,Central,2024-12-31,4,139.95,20.0,447.83,208,239.83,Credit Card,Delivered
ORD02364,CUST0198,PROD055,Olive Oil Extra Virgin,Food & Beverage,West,2023-07-24,3,26.52,5.0,75.59,27,48.59,Credit Card,Processing
ORD02365,CUST0444,PROD057,Granola Bars x12,Food & Beverage,North,2023-10-19,1,21.82,0.0,21.82,7,14.82,Debit Card,Returned
ORD02366,CUST0184,PROD038,Foam Roller,Sports,West,2022-07-11,1,36.95,15.0,31.41,12,19.41,Cash,Delivered
ORD02367,CUST0465,PROD070,Car Wax Premium,Automotive,Central,2023-12-15,1,25.72,0.0,25.72,10,15.72,Bank Transfer,Delivered
ORD02368,CUST0314,PROD020,Knit Sweater,Clothing,East,2024-11-13,2,68.35,20.0,109.36,60,49.36,Debit Card,Cancelled
ORD02369,CUST0364,PROD043,Data Science Handbook,Books,North,2024-05-01,4,59.57,15.0,202.55,72,130.55,Cash,Delivered
ORD02370,CUST0365,PROD056,Dark Chocolate Bar 72%,Food & Beverage,North,2022-08-24,2,11.75,15.0,19.98,8,11.98,Debit Card,Shipped
ORD02371,CUST0081,PROD013,Casual Sneakers,Clothing,Central,2022-08-25,2,88.49,20.0,141.59,80,61.59,Bank Transfer,Delivered
ORD02372,CUST0214,PROD006,Gaming Mouse,Electronics,South,2022-10-13,1,72.92,20.0,58.34,28,30.34,Credit Card,Delivered
ORD02373,CUST0239,PROD049,Entrepreneurship Now,Books,North,2024-02-23,4,33.15,0.0,132.61,36,96.61,Credit Card,Delivered
ORD02374,CUST0224,PROD017,Formal Trousers,Clothing,South,2022-03-07,4,82.52,0.0,330.08,140,190.08,Cash,Processing
ORD02375,CUST0419,PROD053,Protein Powder Vanilla,Food & Beverage,East,2023-05-25,2,59.68,15.0,101.46,40,61.46,Debit Card,Delivered
ORD02376,CUST0354,PROD052,Organic Green Tea 100g,Food & Beverage,Central,2023-01-30,4,17.57,0.0,70.28,20,50.28,Cash,Delivered
ORD02377,CUST0250,PROD027,LED Desk Lamp,Home & Garden,North,2023-01-02,4,46.36,15.0,157.61,72,85.61,PayPal,Processing
ORD02378,CUST0390,PROD052,Organic Green Tea 100g,Food & Beverage,South,2022-08-01,2,18.95,0.0,37.9,10,27.9,Debit Card,Delivered
ORD02379,CUST0166,PROD005,"4K Monitor 27""",Electronics,North,2023-08-06,1,476.09,15.0,404.67,220,184.67,Bank Transfer,Shipped
ORD02380,CUST0363,PROD017,Formal Trousers,Clothing,North,2022-10-15,3,95.41,10.0,257.59,105,152.59,PayPal,Returned
ORD02381,CUST0232,PROD012,Denim Jeans Slim,Clothing,Central,2022-11-04,5,75.63,0.0,378.15,140,238.15,Credit Card,Processing
ORD02382,CUST0297,PROD016,Leather Belt,Clothing,East,2023-02-01,3,49.45,0.0,148.35,54,94.35,Bank Transfer,Processing
ORD02383,CUST0262,PROD024,Electric Kettle 1.7L,Home & Garden,North,2022-05-16,1,51.99,0.0,51.99,18,33.99,Cash,Delivered
ORD02384,CUST0316,PROD056,Dark Chocolate Bar 72%,Food & Beverage,Central,2022-09-20,5,11.99,0.0,59.96,20,39.96,Credit Card,Delivered
ORD02385,CUST0131,PROD043,Data Science Handbook,Books,Central,2024-07-18,1,60.34,0.0,60.34,18,42.34,Bank Transfer,Cancelled
ORD02386,CUST0011,PROD037,Jump Rope Speed,Sports,East,2023-10-31,5,18.49,0.0,92.47,35,57.47,Debit Card,Delivered
ORD02387,CUST0028,PROD013,Casual Sneakers,Clothing,South,2022-02-25,3,103.39,15.0,263.64,120,143.64,Debit Card,Delivered
ORD02388,CUST0325,PROD043,Data Science Handbook,Books,Central,2024-09-13,1,63.99,0.0,63.99,18,45.99,Cash,Delivered
ORD02389,CUST0329,PROD053,Protein Powder Vanilla,Food & Beverage,Central,2023-04-18,5,54.94,0.0,274.72,100,174.72,Debit Card,Delivered
ORD02390,CUST0073,PROD063,Car Phone Mount,Automotive,South,2022-05-06,4,26.09,0.0,104.38,36,68.38,Bank Transfer,Delivered
ORD02391,CUST0440,PROD001,Laptop Pro 15,Electronics,North,2022-02-15,4,1134.77,0.0,4539.07,3000,1539.07,PayPal,Delivered
ORD02392,CUST0321,PROD008,Webcam HD 1080p,Electronics,South,2022-08-08,3,66.51,20.0,159.62,75,84.62,Debit Card,Processing
ORD02393,CUST0409,PROD061,Car Dash Cam 4K,Automotive,North,2022-01-16,2,102.98,20.0,164.77,84,80.77,PayPal,Delivered
ORD02394,CUST0151,PROD011,Classic White Shirt,Clothing,North,2022-05-01,1,44.27,0.0,44.27,15,29.27,Bank Transfer,Returned
ORD02395,CUST0386,PROD058,Almond Milk 1L,Food & Beverage,South,2024-07-13,3,7.88,20.0,18.91,6,12.91,PayPal,Shipped
ORD02396,CUST0186,PROD048,SQL Mastery,Books,West,2024-01-30,4,42.76,20.0,136.82,44,92.82,PayPal,Delivered
ORD02397,CUST0083,PROD063,Car Phone Mount,Automotive,North,2024-05-20,2,27.23,0.0,54.46,18,36.46,Bank Transfer,Processing
ORD02398,CUST0246,PROD023,Coffee Maker Deluxe,Home & Garden,East,2022-10-08,3,128.01,0.0,384.04,156,228.04,Credit Card,Delivered
ORD02399,CUST0379,PROD033,Dumbbell Set 20kg,Sports,West,2022-05-02,1,94.29,10.0,84.86,42,42.86,Credit Card,Delivered
ORD02400,CUST0395,PROD032,Resistance Bands Set,Sports,East,2022-02-24,4,29.31,0.0,117.25,40,77.25,Bank Transfer,Delivered
ORD02401,CUST0109,PROD014,Wool Winter Coat,Clothing,North,2022-07-04,4,176.22,10.0,634.39,300,334.39,Credit Card,Delivered
ORD02402,CUST0340,PROD066,Car Vacuum Cleaner,Automotive,South,2024-11-24,1,58.44,15.0,49.67,22,27.67,PayPal,Delivered
ORD02403,CUST0103,PROD049,Entrepreneurship Now,Books,West,2022-10-31,5,32.62,15.0,138.63,45,93.63,Credit Card,Returned
ORD02404,CUST0103,PROD029,Throw Blanket Soft,Home & Garden,West,2022-05-05,4,50.43,10.0,181.54,80,101.54,Credit Card,Delivered
ORD02405,CUST0062,PROD005,"4K Monitor 27""",Electronics,South,2022-07-28,2,409.85,15.0,696.74,440,256.74,Debit Card,Delivered
ORD02406,CUST0279,PROD021,Robot Vacuum Cleaner,Home & Garden,West,2022-04-08,3,290.7,10.0,784.88,420,364.88,PayPal,Delivered
ORD02407,CUST0336,PROD054,Mixed Nuts 500g,Food & Beverage,Central,2023-02-13,4,22.44,15.0,76.3,32,44.3,Debit Card,Delivered
ORD02408,CUST0076,PROD011,Classic White Shirt,Clothing,East,2024-06-10,2,47.52,20.0,76.03,30,46.03,Cash,Shipped
ORD02409,CUST0245,PROD061,Car Dash Cam 4K,Automotive,East,2024-07-04,4,103.03,10.0,370.9,168,202.9,PayPal,Delivered
ORD02410,CUST0479,PROD057,Granola Bars x12,Food & Beverage,North,2023-02-23,1,22.27,0.0,22.27,7,15.27,Debit Card,Returned
ORD02411,CUST0409,PROD016,Leather Belt,Clothing,North,2023-02-15,5,44.12,20.0,176.49,90,86.49,Bank Transfer,Cancelled
ORD02412,CUST0454,PROD002,Wireless Headphones,Electronics,North,2024-06-14,4,196.48,0.0,785.94,320,465.94,Credit Card,Delivered
ORD02413,CUST0170,PROD057,Granola Bars x12,Food & Beverage,West,2022-05-12,5,20.86,0.0,104.29,35,69.29,Bank Transfer,Delivered
ORD02414,CUST0014,PROD051,Premium Coffee Beans 1kg,Food & Beverage,North,2022-04-28,3,31.38,5.0,89.43,30,59.43,Credit Card,Delivered
ORD02415,CUST0237,PROD041,Business Analytics Guide,Books,South,2023-11-08,5,40.72,0.0,203.62,60,143.62,Credit Card,Delivered
ORD02416,CUST0386,PROD049,Entrepreneurship Now,Books,South,2024-09-21,4,33.3,0.0,133.18,36,97.18,Credit Card,Delivered
ORD02417,CUST0253,PROD010,External SSD 1TB,Electronics,South,2023-06-22,5,141.13,20.0,564.53,325,239.53,Cash,Delivered
ORD02418,CUST0219,PROD021,Robot Vacuum Cleaner,Home & Garden,West,2023-07-07,5,269.28,0.0,1346.41,700,646.41,Credit Card,Delivered
ORD02419,CUST0359,PROD006,Gaming Mouse,Electronics,South,2022-12-19,1,75.14,10.0,67.62,28,39.62,Cash,Delivered
ORD02420,CUST0333,PROD022,Air Purifier Pro,Home & Garden,East,2023-09-02,5,265.02,5.0,1258.85,550,708.85,Cash,Delivered
ORD02421,CUST0073,PROD051,Premium Coffee Beans 1kg,Food & Beverage,South,2024-10-06,2,32.95,0.0,65.89,20,45.89,Bank Transfer,Delivered
ORD02422,CUST0294,PROD065,Jump Starter Pack,Automotive,South,2022-09-04,4,86.9,10.0,312.85,152,160.85,PayPal,Delivered
ORD02423,CUST0288,PROD003,Smart Watch Ultra,Electronics,South,2024-02-22,1,324.46,5.0,308.24,140,168.24,PayPal,Returned
ORD02424,CUST0124,PROD038,Foam Roller,Sports,Central,2024-09-20,4,35.5,0.0,141.99,48,93.99,Debit Card,Processing
ORD02425,CUST0098,PROD051,Premium Coffee Beans 1kg,Food & Beverage,North,2023-10-23,4,29.97,15.0,101.9,40,61.9,Cash,Shipped
ORD02426,CUST0062,PROD020,Knit Sweater,Clothing,South,2023-08-16,5,76.03,0.0,380.13,150,230.13,Cash,Delivered
ORD02427,CUST0011,PROD026,Plant Pot Set x3,Home & Garden,East,2022-01-31,1,40.65,0.0,40.65,14,26.65,Debit Card,Cancelled
ORD02428,CUST0296,PROD048,SQL Mastery,Books,North,2022-10-13,1,39.6,0.0,39.6,11,28.6,Cash,Delivered
ORD02429,CUST0469,PROD068,Car Air Freshener x5,Automotive,West,2022-12-18,1,13.77,0.0,13.77,5,8.77,Debit Card,Shipped
ORD02430,CUST0367,PROD064,Seat Covers Set,Automotive,North,2022-02-26,3,72.6,10.0,196.03,96,100.03,Credit Card,Delivered
ORD02431,CUST0384,PROD012,Denim Jeans Slim,Clothing,Central,2024-11-16,5,79.07,20.0,316.28,140,176.28,Cash,Delivered
ORD02432,CUST0307,PROD063,Car Phone Mount,Automotive,West,2022-10-28,1,22.92,5.0,21.77,9,12.77,Credit Card,Shipped
ORD02433,CUST0083,PROD020,Knit Sweater,Clothing,North,2024-10-28,5,81.97,15.0,348.37,150,198.37,Cash,Delivered
ORD02434,CUST0110,PROD023,Coffee Maker Deluxe,Home & Garden,West,2022-05-25,5,140.04,0.0,700.22,260,440.22,PayPal,Delivered
ORD02435,CUST0440,PROD014,Wool Winter Coat,Clothing,North,2022-11-26,1,187.16,0.0,187.16,75,112.16,Cash,Delivered
ORD02436,CUST0410,PROD061,Car Dash Cam 4K,Automotive,South,2023-04-23,5,108.56,10.0,488.52,210,278.52,PayPal,Delivered
ORD02437,CUST0175,PROD023,Coffee Maker Deluxe,Home & Garden,South,2022-01-24,5,120.55,20.0,482.21,260,222.21,Credit Card,Delivered
ORD02438,CUST0277,PROD011,Classic White Shirt,Clothing,Central,2022-04-06,4,48.75,5.0,185.24,60,125.24,Credit Card,Processing
ORD02439,CUST0398,PROD026,Plant Pot Set x3,Home & Garden,North,2023-01-04,2,38.07,0.0,76.13,28,48.13,PayPal,Delivered
ORD02440,CUST0487,PROD003,Smart Watch Ultra,Electronics,West,2022-07-07,1,379.3,10.0,341.37,140,201.37,Bank Transfer,Shipped
ORD02441,CUST0145,PROD066,Car Vacuum Cleaner,Automotive,West,2023-07-08,2,56.1,5.0,106.59,44,62.59,Cash,Cancelled
ORD02442,CUST0381,PROD039,Pull-Up Bar,Sports,North,2022-11-05,4,57.49,5.0,218.46,88,130.46,Cash,Cancelled
ORD02443,CUST0368,PROD060,Collagen Powder 300g,Food & Beverage,West,2024-09-04,1,42.9,10.0,38.61,16,22.61,PayPal,Delivered
ORD02444,CUST0158,PROD048,SQL Mastery,Books,East,2022-08-30,3,45.4,0.0,136.2,33,103.2,Cash,Delivered
ORD02445,CUST0433,PROD018,Polo Shirt Premium,Clothing,East,2023-12-28,4,59.07,10.0,212.66,88,124.66,Debit Card,Delivered
ORD02446,CUST0144,PROD025,Blender Pro 1000W,Home & Garden,West,2023-08-05,5,90.04,0.0,450.18,175,275.18,Bank Transfer,Delivered
ORD02447,CUST0288,PROD003,Smart Watch Ultra,Electronics,South,2024-07-31,5,369.79,20.0,1479.16,700,779.16,Bank Transfer,Delivered
ORD02448,CUST0333,PROD036,Gym Gloves,Sports,East,2022-04-03,5,27.13,15.0,115.31,45,70.31,PayPal,Processing
ORD02449,CUST0391,PROD066,Car Vacuum Cleaner,Automotive,Central,2024-02-10,4,55.51,15.0,188.75,88,100.75,PayPal,Cancelled
ORD02450,CUST0478,PROD028,Storage Ottoman,Home & Garden,South,2024-05-29,1,71.48,10.0,64.34,32,32.34,PayPal,Delivered
ORD02451,CUST0210,PROD062,Tire Inflator Auto,Automotive,South,2024-06-28,1,41.88,0.0,41.88,18,23.88,Credit Card,Delivered
ORD02452,CUST0251,PROD055,Olive Oil Extra Virgin,Food & Beverage,North,2022-11-24,3,28.45,0.0,85.34,27,58.34,Bank Transfer,Delivered
ORD02453,CUST0448,PROD070,Car Wax Premium,Automotive,East,2022-09-14,1,28.01,10.0,25.21,10,15.21,Debit Card,Delivered
ORD02454,CUST0440,PROD013,Casual Sneakers,Clothing,North,2024-03-30,5,98.74,0.0,493.69,200,293.69,Cash,Delivered
ORD02455,CUST0350,PROD059,Energy Drink Pack x24,Food & Beverage,West,2024-06-11,2,38.4,5.0,72.95,24,48.95,Bank Transfer,Delivered
ORD02456,CUST0272,PROD036,Gym Gloves,Sports,Central,2024-12-15,4,25.51,0.0,102.04,36,66.04,Bank Transfer,Delivered
ORD02457,CUST0203,PROD008,Webcam HD 1080p,Electronics,Central,2022-05-10,1,66.24,0.0,66.24,25,41.24,Credit Card,Delivered
ORD02458,CUST0310,PROD014,Wool Winter Coat,Clothing,Central,2023-05-24,3,195.09,10.0,526.75,225,301.75,Debit Card,Returned
ORD02459,CUST0171,PROD002,Wireless Headphones,Electronics,South,2023-02-23,4,183.4,0.0,733.59,320,413.59,Bank Transfer,Shipped
ORD02460,CUST0309,PROD012,Denim Jeans Slim,Clothing,Central,2022-01-01,3,74.05,0.0,222.14,84,138.14,Credit Card,Cancelled
ORD02461,CUST0005,PROD048,SQL Mastery,Books,North,2023-10-20,5,42.09,5.0,199.94,55,144.94,PayPal,Processing
ORD02462,CUST0262,PROD034,Cycling Helmet,Sports,North,2022-02-14,2,76.79,0.0,153.59,64,89.59,PayPal,Delivered
ORD02463,CUST0125,PROD054,Mixed Nuts 500g,Food & Beverage,West,2023-06-21,1,24.56,5.0,23.33,8,15.33,PayPal,Shipped
ORD02464,CUST0392,PROD014,Wool Winter Coat,Clothing,South,2023-01-31,3,180.44,20.0,433.06,225,208.06,Cash,Delivered
ORD02465,CUST0017,PROD008,Webcam HD 1080p,Electronics,East,2022-05-10,4,72.53,5.0,275.6,100,175.6,Credit Card,Processing
ORD02466,CUST0355,PROD067,Steering Wheel Cover,Automotive,East,2022-09-17,3,29.55,10.0,79.78,33,46.78,Cash,Shipped
ORD02467,CUST0459,PROD017,Formal Trousers,Clothing,North,2022-01-06,4,88.32,10.0,317.95,140,177.95,Debit Card,Delivered
ORD02468,CUST0435,PROD014,Wool Winter Coat,Clothing,North,2022-06-13,4,180.34,10.0,649.22,300,349.22,Credit Card,Processing
ORD02469,CUST0251,PROD034,Cycling Helmet,Sports,North,2023-10-31,5,74.02,5.0,351.59,160,191.59,Bank Transfer,Cancelled
ORD02470,CUST0357,PROD054,Mixed Nuts 500g,Food & Beverage,East,2024-05-14,5,24.78,10.0,111.52,40,71.52,Debit Card,Shipped
ORD02471,CUST0383,PROD048,SQL Mastery,Books,Central,2024-03-21,5,42.42,0.0,212.08,55,157.08,Cash,Delivered
ORD02472,CUST0327,PROD059,Energy Drink Pack x24,Food & Beverage,South,2023-10-02,1,33.79,10.0,30.41,12,18.41,PayPal,Returned
ORD02473,CUST0123,PROD011,Classic White Shirt,Clothing,South,2022-04-11,1,45.32,0.0,45.32,15,30.32,Cash,Shipped
ORD02474,CUST0375,PROD042,Python Programming,Books,South,2022-04-30,4,60.44,0.0,241.77,60,181.77,Bank Transfer,Cancelled
ORD02475,CUST0227,PROD017,Formal Trousers,Clothing,South,2022-04-02,3,82.12,5.0,234.04,105,129.04,Credit Card,Delivered
ORD02476,CUST0330,PROD069,LED Car Lights Kit,Automotive,East,2022-05-07,2,37.33,10.0,67.19,28,39.19,Cash,Processing
ORD02477,CUST0462,PROD066,Car Vacuum Cleaner,Automotive,North,2023-03-01,4,52.96,5.0,201.24,88,113.24,Debit Card,Delivered
ORD02478,CUST0168,PROD014,Wool Winter Coat,Clothing,North,2023-06-17,3,184.18,0.0,552.53,225,327.53,Bank Transfer,Delivered
ORD02479,CUST0195,PROD016,Leather Belt,Clothing,South,2022-04-11,1,45.85,15.0,38.97,18,20.97,Cash,Delivered
ORD02480,CUST0226,PROD009,USB-C Hub 7-in-1,Electronics,South,2022-10-06,3,59.36,10.0,160.27,60,100.27,PayPal,Delivered
ORD02481,CUST0008,PROD056,Dark Chocolate Bar 72%,Food & Beverage,East,2023-08-24,4,13.2,15.0,44.87,16,28.87,PayPal,Processing
ORD02482,CUST0127,PROD036,Gym Gloves,Sports,North,2024-06-09,4,24.99,0.0,99.95,36,63.95,PayPal,Processing
ORD02483,CUST0334,PROD066,Car Vacuum Cleaner,Automotive,Central,2023-06-21,2,49.66,20.0,79.45,44,35.45,PayPal,Delivered
ORD02484,CUST0213,PROD025,Blender Pro 1000W,Home & Garden,East,2024-01-16,4,93.56,0.0,374.25,140,234.25,Cash,Cancelled
ORD02485,CUST0072,PROD054,Mixed Nuts 500g,Food & Beverage,South,2024-07-11,3,25.29,0.0,75.86,24,51.86,Debit Card,Processing
ORD02486,CUST0422,PROD024,Electric Kettle 1.7L,Home & Garden,North,2022-03-01,4,45.38,20.0,145.22,72,73.22,PayPal,Delivered
ORD02487,CUST0475,PROD063,Car Phone Mount,Automotive,East,2024-04-08,4,26.42,20.0,84.53,36,48.53,Debit Card,Processing
ORD02488,CUST0491,PROD025,Blender Pro 1000W,Home & Garden,South,2023-11-21,3,81.06,5.0,231.03,105,126.03,PayPal,Shipped
ORD02489,CUST0071,PROD065,Jump Starter Pack,Automotive,West,2023-12-12,2,96.57,0.0,193.14,76,117.14,Bank Transfer,Delivered
ORD02490,CUST0112,PROD065,Jump Starter Pack,Automotive,West,2023-01-18,1,83.21,0.0,83.21,38,45.21,Debit Card,Returned
ORD02491,CUST0210,PROD064,Seat Covers Set,Automotive,South,2024-07-14,4,86.34,5.0,328.08,128,200.08,Bank Transfer,Delivered
ORD02492,CUST0134,PROD054,Mixed Nuts 500g,Food & Beverage,Central,2022-10-03,3,24.54,5.0,69.95,24,45.95,Credit Card,Delivered
ORD02493,CUST0009,PROD065,Jump Starter Pack,Automotive,South,2022-12-29,3,92.72,0.0,278.17,114,164.17,Credit Card,Delivered
ORD02494,CUST0296,PROD047,Machine Learning A-Z,Books,North,2024-10-27,3,72.48,10.0,195.7,60,135.7,Bank Transfer,Returned
ORD02495,CUST0080,PROD034,Cycling Helmet,Sports,North,2022-01-13,5,71.34,5.0,338.85,160,178.85,Cash,Delivered
ORD02496,CUST0435,PROD032,Resistance Bands Set,Sports,North,2024-03-22,4,30.22,10.0,108.8,40,68.8,Debit Card,Delivered
ORD02497,CUST0127,PROD054,Mixed Nuts 500g,Food & Beverage,North,2022-06-12,2,24.37,0.0,48.75,16,32.75,Bank Transfer,Cancelled
ORD02498,CUST0259,PROD058,Almond Milk 1L,Food & Beverage,South,2022-01-28,3,7.91,15.0,20.18,6,14.18,Bank Transfer,Processing
ORD02499,CUST0461,PROD033,Dumbbell Set 20kg,Sports,Central,2022-12-03,4,81.46,15.0,276.95,168,108.95,Credit Card,Cancelled
ORD02500,CUST0102,PROD006,Gaming Mouse,Electronics,West,2022-04-20,2,79.45,0.0,158.91,56,102.91,Bank Transfer,Delivered
ORD02501,CUST0407,PROD015,Sport T-Shirt,Clothing,South,2024-05-30,3,36.38,15.0,92.76,36,56.76,Bank Transfer,Cancelled
ORD02502,CUST0477,PROD025,Blender Pro 1000W,Home & Garden,North,2024-12-26,1,88.31,0.0,88.31,35,53.31,Debit Card,Delivered
ORD02503,CUST0163,PROD039,Pull-Up Bar,Sports,Central,2023-06-27,5,51.42,0.0,257.12,110,147.12,Credit Card,Shipped
ORD02504,CUST0233,PROD014,Wool Winter Coat,Clothing,Central,2023-04-22,5,182.36,0.0,911.79,375,536.79,PayPal,Processing
ORD02505,CUST0336,PROD030,Garden Hose 50ft,Home & Garden,Central,2023-07-04,1,58.91,5.0,55.96,28,27.96,PayPal,Delivered
ORD02506,CUST0297,PROD016,Leather Belt,Clothing,East,2024-01-23,3,46.37,0.0,139.11,54,85.11,Debit Card,Cancelled
ORD02507,CUST0336,PROD015,Sport T-Shirt,Clothing,Central,2022-06-07,1,32.48,0.0,32.48,12,20.48,Debit Card,Cancelled
ORD02508,CUST0276,PROD035,Running Shoes Pro,Sports,North,2024-07-05,3,135.96,10.0,367.09,165,202.09,Bank Transfer,Shipped
ORD02509,CUST0495,PROD012,Denim Jeans Slim,Clothing,West,2022-06-23,4,78.03,20.0,249.68,112,137.68,Bank Transfer,Processing
ORD02510,CUST0246,PROD030,Garden Hose 50ft,Home & Garden,East,2023-05-13,3,66.89,15.0,170.56,84,86.56,Debit Card,Delivered
ORD02511,CUST0475,PROD057,Granola Bars x12,Food & Beverage,East,2022-03-04,2,23.62,10.0,42.51,14,28.51,Cash,Delivered
ORD02512,CUST0199,PROD030,Garden Hose 50ft,Home & Garden,East,2022-12-14,1,70.17,0.0,70.17,28,42.17,Credit Card,Shipped
ORD02513,CUST0129,PROD012,Denim Jeans Slim,Clothing,Central,2022-05-05,1,80.69,5.0,76.65,28,48.65,Debit Card,Processing
ORD02514,CUST0397,PROD064,Seat Covers Set,Automotive,South,2023-06-07,3,82.39,0.0,247.18,96,151.18,Credit Card,Delivered
ORD02515,CUST0343,PROD002,Wireless Headphones,Electronics,West,2023-04-16,3,207.72,10.0,560.85,240,320.85,Debit Card,Delivered
ORD02516,CUST0440,PROD002,Wireless Headphones,Electronics,North,2023-04-15,3,212.84,0.0,638.52,240,398.52,Credit Card,Delivered
ORD02517,CUST0026,PROD070,Car Wax Premium,Automotive,South,2022-08-01,5,25.59,20.0,102.35,50,52.35,Bank Transfer,Delivered
ORD02518,CUST0479,PROD052,Organic Green Tea 100g,Food & Beverage,North,2024-10-31,3,18.05,0.0,54.15,15,39.15,Bank Transfer,Delivered
ORD02519,CUST0079,PROD009,USB-C Hub 7-in-1,Electronics,East,2022-12-19,3,56.1,15.0,143.05,60,83.05,PayPal,Delivered
ORD02520,CUST0169,PROD058,Almond Milk 1L,Food & Beverage,South,2024-05-25,1,8.52,0.0,8.52,2,6.52,Cash,Cancelled
ORD02521,CUST0242,PROD069,LED Car Lights Kit,Automotive,East,2022-05-16,4,35.72,0.0,142.88,56,86.88,Bank Transfer,Shipped
ORD02522,CUST0458,PROD068,Car Air Freshener x5,Automotive,South,2022-08-08,1,15.43,15.0,13.11,5,8.11,PayPal,Delivered
ORD02523,CUST0384,PROD070,Car Wax Premium,Automotive,Central,2022-09-10,2,28.21,10.0,50.77,20,30.77,Cash,Shipped
ORD02524,CUST0285,PROD064,Seat Covers Set,Automotive,West,2024-03-01,5,80.07,5.0,380.35,160,220.35,Cash,Delivered
ORD02525,CUST0109,PROD018,Polo Shirt Premium,Clothing,North,2022-11-14,5,59.29,0.0,296.46,110,186.46,Bank Transfer,Delivered
ORD02526,CUST0141,PROD036,Gym Gloves,Sports,East,2022-09-30,4,23.02,20.0,73.67,36,37.67,Bank Transfer,Shipped
ORD02527,CUST0273,PROD062,Tire Inflator Auto,Automotive,South,2023-06-04,4,42.59,20.0,136.3,72,64.3,Credit Card,Cancelled
ORD02528,CUST0096,PROD061,Car Dash Cam 4K,Automotive,West,2024-02-20,3,92.57,0.0,277.7,126,151.7,Debit Card,Processing
ORD02529,CUST0336,PROD056,Dark Chocolate Bar 72%,Food & Beverage,Central,2023-04-09,5,11.88,10.0,53.45,20,33.45,Debit Card,Delivered
ORD02530,CUST0421,PROD058,Almond Milk 1L,Food & Beverage,West,2022-07-31,2,8.76,15.0,14.89,4,10.89,Cash,Delivered
ORD02531,CUST0398,PROD068,Car Air Freshener x5,Automotive,North,2024-03-13,2,16.33,10.0,29.4,10,19.4,Debit Card,Returned
ORD02532,CUST0453,PROD065,Jump Starter Pack,Automotive,North,2024-11-24,5,96.55,15.0,410.34,190,220.34,Cash,Delivered
ORD02533,CUST0370,PROD067,Steering Wheel Cover,Automotive,North,2023-03-11,2,26.95,0.0,53.89,22,31.89,Credit Card,Delivered
ORD02534,CUST0430,PROD041,Business Analytics Guide,Books,North,2023-04-17,2,48.5,0.0,97.0,24,73.0,Credit Card,Shipped
ORD02535,CUST0256,PROD026,Plant Pot Set x3,Home & Garden,East,2024-03-01,4,38.48,0.0,153.94,56,97.94,Credit Card,Cancelled
ORD02536,CUST0015,PROD053,Protein Powder Vanilla,Food & Beverage,North,2024-11-06,5,56.89,10.0,255.99,100,155.99,Bank Transfer,Shipped
ORD02537,CUST0366,PROD020,Knit Sweater,Clothing,East,2022-09-07,1,75.72,20.0,60.57,30,30.57,PayPal,Delivered
ORD02538,CUST0495,PROD048,SQL Mastery,Books,West,2024-02-25,1,40.23,15.0,34.19,11,23.19,Debit Card,Cancelled
ORD02539,CUST0216,PROD050,Digital Marketing,Books,East,2023-08-16,3,41.2,15.0,105.06,33,72.06,Credit Card,Delivered
ORD02540,CUST0236,PROD047,Machine Learning A-Z,Books,West,2022-04-08,4,68.78,20.0,220.09,80,140.09,Cash,Shipped
ORD02541,CUST0439,PROD009,USB-C Hub 7-in-1,Electronics,East,2023-02-04,3,56.75,20.0,136.2,60,76.2,Cash,Delivered
ORD02542,CUST0446,PROD050,Digital Marketing,Books,South,2022-07-20,1,36.03,15.0,30.62,11,19.62,Credit Card,Delivered
ORD02543,CUST0212,PROD066,Car Vacuum Cleaner,Automotive,West,2024-04-07,2,49.54,20.0,79.26,44,35.26,PayPal,Cancelled
ORD02544,CUST0215,PROD058,Almond Milk 1L,Food & Beverage,North,2024-02-16,4,8.53,0.0,34.14,8,26.14,Credit Card,Cancelled
ORD02545,CUST0016,PROD038,Foam Roller,Sports,West,2022-04-05,4,34.53,15.0,117.4,48,69.4,Bank Transfer,Delivered
ORD02546,CUST0019,PROD055,Olive Oil Extra Virgin,Food & Beverage,South,2022-07-08,1,25.27,15.0,21.48,9,12.48,Bank Transfer,Cancelled
ORD02547,CUST0385,PROD065,Jump Starter Pack,Automotive,North,2023-09-05,1,92.72,15.0,78.81,38,40.81,Debit Card,Returned
ORD02548,CUST0049,PROD024,Electric Kettle 1.7L,Home & Garden,North,2022-01-04,4,49.41,0.0,197.63,72,125.63,Bank Transfer,Shipped
ORD02549,CUST0372,PROD022,Air Purifier Pro,Home & Garden,East,2023-07-05,5,247.48,10.0,1113.65,550,563.65,Cash,Delivered
ORD02550,CUST0448,PROD032,Resistance Bands Set,Sports,East,2023-02-03,4,28.53,0.0,114.14,40,74.14,PayPal,Delivered
ORD02551,CUST0454,PROD008,Webcam HD 1080p,Electronics,North,2024-02-13,5,72.11,10.0,324.51,125,199.51,Cash,Delivered
ORD02552,CUST0450,PROD059,Energy Drink Pack x24,Food & Beverage,Central,2024-03-06,5,34.71,0.0,173.57,60,113.57,Cash,Delivered
ORD02553,CUST0330,PROD036,Gym Gloves,Sports,East,2024-06-06,5,25.28,15.0,107.43,45,62.43,Cash,Delivered
ORD02554,CUST0351,PROD007,Mechanical Keyboard,Electronics,South,2024-12-19,4,136.27,0.0,545.06,208,337.06,PayPal,Delivered
ORD02555,CUST0002,PROD007,Mechanical Keyboard,Electronics,Central,2024-05-28,2,125.47,20.0,200.75,104,96.75,Credit Card,Delivered
ORD02556,CUST0181,PROD011,Classic White Shirt,Clothing,East,2024-02-12,1,50.89,0.0,50.89,15,35.89,Debit Card,Delivered
ORD02557,CUST0220,PROD045,Leadership Principles,Books,Central,2022-06-28,2,31.56,15.0,53.66,16,37.66,PayPal,Delivered
ORD02558,CUST0303,PROD045,Leadership Principles,Books,West,2024-12-05,5,32.38,20.0,129.51,40,89.51,Debit Card,Delivered
ORD02559,CUST0200,PROD049,Entrepreneurship Now,Books,East,2023-09-12,1,36.38,0.0,36.38,9,27.38,Cash,Delivered
ORD02560,CUST0259,PROD037,Jump Rope Speed,Sports,South,2022-10-13,1,20.08,0.0,20.08,7,13.08,PayPal,Delivered
ORD02561,CUST0107,PROD018,Polo Shirt Premium,Clothing,North,2022-08-30,4,64.83,0.0,259.31,88,171.31,Credit Card,Shipped
ORD02562,CUST0209,PROD050,Digital Marketing,Books,North,2022-10-10,4,38.37,10.0,138.15,44,94.15,Debit Card,Processing
ORD02563,CUST0044,PROD009,USB-C Hub 7-in-1,Electronics,East,2022-07-17,5,61.04,20.0,244.16,100,144.16,Cash,Delivered
ORD02564,CUST0422,PROD066,Car Vacuum Cleaner,Automotive,North,2022-07-08,5,57.34,5.0,272.37,110,162.37,Debit Card,Delivered
ORD02565,CUST0168,PROD034,Cycling Helmet,Sports,North,2022-12-29,2,73.33,5.0,139.32,64,75.32,PayPal,Delivered
ORD02566,CUST0168,PROD051,Premium Coffee Beans 1kg,Food & Beverage,North,2022-06-02,4,29.14,15.0,99.08,40,59.08,PayPal,Shipped
ORD02567,CUST0039,PROD015,Sport T-Shirt,Clothing,South,2024-01-21,3,37.91,0.0,113.74,36,77.74,Cash,Delivered
ORD02568,CUST0261,PROD056,Dark Chocolate Bar 72%,Food & Beverage,Central,2023-08-25,3,11.97,20.0,28.72,12,16.72,Credit Card,Delivered
ORD02569,CUST0318,PROD039,Pull-Up Bar,Sports,East,2024-11-01,2,49.53,10.0,89.16,44,45.16,Debit Card,Delivered
ORD02570,CUST0285,PROD054,Mixed Nuts 500g,Food & Beverage,West,2024-01-22,4,25.59,15.0,86.99,32,54.99,Cash,Delivered
ORD02571,CUST0198,PROD056,Dark Chocolate Bar 72%,Food & Beverage,West,2022-04-12,1,12.32,0.0,12.32,4,8.32,PayPal,Delivered
ORD02572,CUST0246,PROD049,Entrepreneurship Now,Books,East,2022-04-19,4,33.64,20.0,107.64,36,71.64,Debit Card,Delivered
ORD02573,CUST0021,PROD043,Data Science Handbook,Books,West,2024-08-20,2,65.04,10.0,117.07,36,81.07,Cash,Delivered
ORD02574,CUST0079,PROD051,Premium Coffee Beans 1kg,Food & Beverage,East,2023-07-28,1,29.17,5.0,27.72,10,17.72,Cash,Shipped
ORD02575,CUST0324,PROD002,Wireless Headphones,Electronics,West,2024-11-24,2,185.5,0.0,371.01,160,211.01,Bank Transfer,Delivered
ORD02576,CUST0305,PROD025,Blender Pro 1000W,Home & Garden,North,2022-10-07,4,81.39,10.0,293.01,140,153.01,PayPal,Delivered
ORD02577,CUST0150,PROD025,Blender Pro 1000W,Home & Garden,East,2022-05-15,1,94.1,10.0,84.69,35,49.69,Credit Card,Delivered
ORD02578,CUST0095,PROD059,Energy Drink Pack x24,Food & Beverage,Central,2024-02-01,1,35.77,20.0,28.62,12,16.62,Bank Transfer,Cancelled
ORD02579,CUST0040,PROD058,Almond Milk 1L,Food & Beverage,East,2022-08-12,1,7.7,5.0,7.32,2,5.32,Credit Card,Shipped
ORD02580,CUST0275,PROD017,Formal Trousers,Clothing,West,2022-03-31,3,84.15,20.0,201.96,105,96.96,Bank Transfer,Delivered
ORD02581,CUST0047,PROD024,Electric Kettle 1.7L,Home & Garden,East,2022-10-06,2,44.53,5.0,84.61,36,48.61,Credit Card,Processing
ORD02582,CUST0158,PROD005,"4K Monitor 27""",Electronics,East,2023-10-05,1,405.41,5.0,385.14,220,165.14,PayPal,Cancelled
ORD02583,CUST0466,PROD015,Sport T-Shirt,Clothing,North,2022-06-27,5,35.52,0.0,177.59,60,117.59,Cash,Shipped
ORD02584,CUST0173,PROD066,Car Vacuum Cleaner,Automotive,East,2023-08-24,2,58.42,0.0,116.84,44,72.84,Cash,Delivered
ORD02585,CUST0264,PROD025,Blender Pro 1000W,Home & Garden,East,2024-04-26,5,89.98,0.0,449.92,175,274.92,Bank Transfer,Delivered
ORD02586,CUST0067,PROD053,Protein Powder Vanilla,Food & Beverage,West,2023-06-11,3,60.02,20.0,144.05,60,84.05,Credit Card,Delivered
ORD02587,CUST0252,PROD053,Protein Powder Vanilla,Food & Beverage,Central,2022-06-30,5,58.22,10.0,262.01,100,162.01,Debit Card,Returned
ORD02588,CUST0275,PROD009,USB-C Hub 7-in-1,Electronics,West,2023-02-19,3,62.67,0.0,188.01,60,128.01,Debit Card,Cancelled
ORD02589,CUST0331,PROD036,Gym Gloves,Sports,East,2022-05-25,1,23.79,0.0,23.79,9,14.79,Debit Card,Delivered
ORD02590,CUST0389,PROD015,Sport T-Shirt,Clothing,Central,2024-04-05,2,36.29,0.0,72.58,24,48.58,Bank Transfer,Cancelled
ORD02591,CUST0197,PROD040,Water Bottle 1L,Sports,Central,2023-03-13,3,21.73,10.0,58.66,24,34.66,Debit Card,Delivered
ORD02592,CUST0101,PROD007,Mechanical Keyboard,Electronics,South,2022-11-07,4,129.77,5.0,493.14,208,285.14,PayPal,Returned
ORD02593,CUST0060,PROD029,Throw Blanket Soft,Home & Garden,Central,2024-06-10,1,57.7,5.0,54.81,20,34.81,Debit Card,Delivered
ORD02594,CUST0233,PROD004,Bluetooth Speaker,Electronics,Central,2023-03-25,3,95.96,10.0,259.09,105,154.09,Cash,Delivered
ORD02595,CUST0179,PROD037,Jump Rope Speed,Sports,South,2023-09-14,2,18.31,0.0,36.62,14,22.62,Bank Transfer,Cancelled
ORD02596,CUST0016,PROD048,SQL Mastery,Books,West,2023-09-03,4,45.49,10.0,163.75,44,119.75,Credit Card,Delivered
ORD02597,CUST0189,PROD061,Car Dash Cam 4K,Automotive,East,2022-04-19,4,105.26,0.0,421.05,168,253.05,Credit Card,Delivered
ORD02598,CUST0174,PROD049,Entrepreneurship Now,Books,Central,2024-07-08,5,34.82,0.0,174.08,45,129.08,PayPal,Returned
ORD02599,CUST0192,PROD059,Energy Drink Pack x24,Food & Beverage,South,2022-11-23,2,35.45,15.0,60.27,24,36.27,Credit Card,Delivered
ORD02600,CUST0037,PROD029,Throw Blanket Soft,Home & Garden,South,2023-11-14,3,50.68,5.0,144.43,60,84.43,PayPal,Shipped
ORD02601,CUST0118,PROD010,External SSD 1TB,Electronics,North,2022-07-28,2,137.07,0.0,274.14,130,144.14,Credit Card,Delivered
ORD02602,CUST0454,PROD042,Python Programming,Books,North,2024-11-05,4,50.54,15.0,171.84,60,111.84,Credit Card,Delivered
ORD02603,CUST0095,PROD033,Dumbbell Set 20kg,Sports,Central,2023-08-28,4,92.24,0.0,368.96,168,200.96,Debit Card,Delivered
ORD02604,CUST0338,PROD065,Jump Starter Pack,Automotive,West,2022-02-18,4,92.86,0.0,371.46,152,219.46,Debit Card,Delivered
ORD02605,CUST0002,PROD049,Entrepreneurship Now,Books,Central,2023-07-03,1,37.31,0.0,37.31,9,28.31,Credit Card,Shipped
ORD02606,CUST0295,PROD041,Business Analytics Guide,Books,North,2023-01-09,4,48.61,20.0,155.55,48,107.55,Cash,Delivered
ORD02607,CUST0021,PROD017,Formal Trousers,Clothing,West,2022-05-02,1,82.91,5.0,78.77,35,43.77,Credit Card,Delivered
ORD02608,CUST0335,PROD028,Storage Ottoman,Home & Garden,Central,2022-08-16,3,70.72,15.0,180.33,96,84.33,Debit Card,Cancelled
ORD02609,CUST0452,PROD005,"4K Monitor 27""",Electronics,North,2023-12-12,5,428.37,15.0,1820.56,1100,720.56,Cash,Delivered
ORD02610,CUST0366,PROD001,Laptop Pro 15,Electronics,East,2024-06-16,3,1090.52,20.0,2617.24,2250,367.24,Bank Transfer,Delivered
ORD02611,CUST0408,PROD042,Python Programming,Books,South,2024-06-26,2,58.79,5.0,111.7,30,81.7,Cash,Delivered
ORD02612,CUST0398,PROD009,USB-C Hub 7-in-1,Electronics,North,2023-12-26,5,61.05,15.0,259.48,100,159.48,Credit Card,Cancelled
ORD02613,CUST0463,PROD019,Running Shorts,Clothing,Central,2022-05-15,1,37.88,5.0,35.99,15,20.99,PayPal,Returned
ORD02614,CUST0494,PROD029,Throw Blanket Soft,Home & Garden,West,2023-03-19,3,58.0,0.0,174.0,60,114.0,Debit Card,Shipped
ORD02615,CUST0150,PROD064,Seat Covers Set,Automotive,East,2022-08-31,1,75.48,0.0,75.48,32,43.48,Credit Card,Cancelled
ORD02616,CUST0394,PROD002,Wireless Headphones,Electronics,South,2024-05-27,1,199.26,15.0,169.37,80,89.37,PayPal,Delivered
ORD02617,CUST0279,PROD051,Premium Coffee Beans 1kg,Food & Beverage,West,2023-09-07,5,34.62,0.0,173.12,50,123.12,PayPal,Cancelled
ORD02618,CUST0307,PROD023,Coffee Maker Deluxe,Home & Garden,West,2022-12-23,5,125.37,20.0,501.47,260,241.47,Debit Card,Cancelled
ORD02619,CUST0087,PROD022,Air Purifier Pro,Home & Garden,North,2023-11-29,2,226.38,5.0,430.11,220,210.11,Credit Card,Delivered
ORD02620,CUST0365,PROD032,Resistance Bands Set,Sports,North,2024-04-14,4,29.4,10.0,105.85,40,65.85,Credit Card,Shipped
ORD02621,CUST0332,PROD042,Python Programming,Books,West,2024-03-25,5,54.21,20.0,216.85,75,141.85,Cash,Delivered
ORD02622,CUST0221,PROD044,Marketing Strategy,Books,Central,2024-03-03,4,37.83,0.0,151.32,40,111.32,Debit Card,Returned
ORD02623,CUST0442,PROD060,Collagen Powder 300g,Food & Beverage,North,2024-10-22,3,46.75,0.0,140.25,48,92.25,Debit Card,Shipped
ORD02624,CUST0500,PROD061,Car Dash Cam 4K,Automotive,South,2023-08-15,3,100.6,0.0,301.81,126,175.81,Debit Card,Delivered
ORD02625,CUST0289,PROD056,Dark Chocolate Bar 72%,Food & Beverage,Central,2024-03-15,4,11.9,20.0,38.08,16,22.08,Debit Card,Delivered
ORD02626,CUST0255,PROD044,Marketing Strategy,Books,West,2022-01-17,2,35.42,0.0,70.84,20,50.84,Credit Card,Delivered
ORD02627,CUST0420,PROD003,Smart Watch Ultra,Electronics,East,2023-03-12,4,335.95,0.0,1343.82,560,783.82,Bank Transfer,Delivered
ORD02628,CUST0481,PROD032,Resistance Bands Set,Sports,South,2022-08-05,4,29.22,0.0,116.86,40,76.86,Cash,Delivered
ORD02629,CUST0076,PROD026,Plant Pot Set x3,Home & Garden,East,2023-01-18,5,40.58,0.0,202.9,70,132.9,Debit Card,Processing
ORD02630,CUST0477,PROD029,Throw Blanket Soft,Home & Garden,North,2023-09-23,3,58.92,0.0,176.75,60,116.75,Credit Card,Shipped
ORD02631,CUST0019,PROD036,Gym Gloves,Sports,South,2022-03-07,5,22.7,5.0,107.82,45,62.82,Credit Card,Delivered
ORD02632,CUST0477,PROD019,Running Shorts,Clothing,North,2022-01-12,5,42.47,5.0,201.73,75,126.73,Cash,Delivered
ORD02633,CUST0362,PROD063,Car Phone Mount,Automotive,West,2022-01-29,2,26.93,0.0,53.86,18,35.86,Credit Card,Delivered
ORD02634,CUST0296,PROD055,Olive Oil Extra Virgin,Food & Beverage,North,2024-06-28,2,29.65,10.0,53.37,18,35.37,Credit Card,Delivered
ORD02635,CUST0194,PROD062,Tire Inflator Auto,Automotive,Central,2023-11-17,4,43.51,10.0,156.62,72,84.62,Cash,Processing
ORD02636,CUST0290,PROD062,Tire Inflator Auto,Automotive,Central,2024-07-12,3,48.21,20.0,115.72,54,61.72,Debit Card,Delivered
ORD02637,CUST0344,PROD038,Foam Roller,Sports,North,2024-05-17,3,32.67,0.0,98.02,36,62.02,Debit Card,Returned
ORD02638,CUST0008,PROD069,LED Car Lights Kit,Automotive,East,2023-05-08,4,36.2,0.0,144.79,56,88.79,Credit Card,Cancelled
ORD02639,CUST0150,PROD009,USB-C Hub 7-in-1,Electronics,East,2022-10-17,4,57.47,10.0,206.88,80,126.88,Debit Card,Delivered
ORD02640,CUST0130,PROD009,USB-C Hub 7-in-1,Electronics,East,2024-08-04,4,63.6,15.0,216.24,80,136.24,Cash,Delivered
ORD02641,CUST0200,PROD065,Jump Starter Pack,Automotive,East,2024-06-30,1,81.72,0.0,81.72,38,43.72,Debit Card,Delivered
ORD02642,CUST0159,PROD033,Dumbbell Set 20kg,Sports,East,2022-01-13,2,83.47,15.0,141.89,84,57.89,Debit Card,Delivered
ORD02643,CUST0415,PROD065,Jump Starter Pack,Automotive,North,2022-12-17,1,86.38,10.0,77.74,38,39.74,Credit Card,Delivered
ORD02644,CUST0205,PROD030,Garden Hose 50ft,Home & Garden,Central,2024-09-28,1,67.42,10.0,60.68,28,32.68,Credit Card,Delivered
ORD02645,CUST0397,PROD005,"4K Monitor 27""",Electronics,South,2022-08-18,5,444.29,10.0,1999.29,1100,899.29,PayPal,Delivered
ORD02646,CUST0425,PROD059,Energy Drink Pack x24,Food & Beverage,South,2022-06-17,5,37.67,10.0,169.49,60,109.49,Bank Transfer,Shipped
ORD02647,CUST0138,PROD053,Protein Powder Vanilla,Food & Beverage,East,2024-08-21,2,57.24,0.0,114.49,40,74.49,Bank Transfer,Delivered
ORD02648,CUST0260,PROD031,Yoga Mat Premium,Sports,West,2022-04-02,1,47.25,20.0,37.8,18,19.8,PayPal,Cancelled
ORD02649,CUST0340,PROD064,Seat Covers Set,Automotive,South,2024-09-07,5,83.2,15.0,353.58,160,193.58,Cash,Cancelled
ORD02650,CUST0224,PROD025,Blender Pro 1000W,Home & Garden,South,2022-05-18,5,97.53,10.0,438.88,175,263.88,Debit Card,Delivered
ORD02651,CUST0014,PROD066,Car Vacuum Cleaner,Automotive,North,2024-09-09,2,58.34,0.0,116.68,44,72.68,PayPal,Returned
ORD02652,CUST0456,PROD065,Jump Starter Pack,Automotive,Central,2023-09-29,1,91.8,10.0,82.62,38,44.62,Debit Card,Delivered
ORD02653,CUST0456,PROD006,Gaming Mouse,Electronics,Central,2024-09-03,2,71.12,0.0,142.24,56,86.24,Cash,Delivered
ORD02654,CUST0413,PROD028,Storage Ottoman,Home & Garden,Central,2023-08-27,5,69.41,20.0,277.65,160,117.65,Debit Card,Delivered
ORD02655,CUST0247,PROD067,Steering Wheel Cover,Automotive,North,2022-11-15,1,27.56,0.0,27.56,11,16.56,PayPal,Delivered
ORD02656,CUST0024,PROD015,Sport T-Shirt,Clothing,North,2023-07-25,2,36.62,15.0,62.25,24,38.25,Cash,Shipped
ORD02657,CUST0210,PROD052,Organic Green Tea 100g,Food & Beverage,South,2022-05-16,4,19.71,0.0,78.82,20,58.82,Cash,Shipped
ORD02658,CUST0392,PROD023,Coffee Maker Deluxe,Home & Garden,South,2023-02-06,1,133.47,15.0,113.45,52,61.45,Credit Card,Delivered
ORD02659,CUST0410,PROD054,Mixed Nuts 500g,Food & Beverage,South,2023-03-02,1,22.93,15.0,19.49,8,11.49,Debit Card,Delivered
ORD02660,CUST0315,PROD020,Knit Sweater,Clothing,South,2022-09-26,2,78.25,5.0,148.68,60,88.68,PayPal,Cancelled
ORD02661,CUST0335,PROD054,Mixed Nuts 500g,Food & Beverage,Central,2022-09-18,1,22.77,15.0,19.35,8,11.35,Debit Card,Delivered
ORD02662,CUST0414,PROD027,LED Desk Lamp,Home & Garden,North,2022-09-25,5,41.34,0.0,206.71,90,116.71,Credit Card,Delivered
ORD02663,CUST0215,PROD034,Cycling Helmet,Sports,North,2024-03-21,2,71.15,20.0,113.83,64,49.83,Credit Card,Delivered
ORD02664,CUST0185,PROD056,Dark Chocolate Bar 72%,Food & Beverage,North,2023-04-18,4,11.9,0.0,47.59,16,31.59,Bank Transfer,Cancelled
ORD02665,CUST0291,PROD016,Leather Belt,Clothing,West,2022-07-16,5,45.34,0.0,226.68,90,136.68,Credit Card,Shipped
ORD02666,CUST0001,PROD032,Resistance Bands Set,Sports,North,2022-11-28,5,26.62,15.0,113.14,50,63.14,Credit Card,Delivered
ORD02667,CUST0278,PROD042,Python Programming,Books,West,2024-02-14,5,49.95,0.0,249.75,75,174.75,Cash,Shipped
ORD02668,CUST0060,PROD061,Car Dash Cam 4K,Automotive,Central,2024-12-23,2,91.46,20.0,146.34,84,62.34,Credit Card,Delivered
ORD02669,CUST0129,PROD024,Electric Kettle 1.7L,Home & Garden,Central,2023-07-20,1,50.18,5.0,47.67,18,29.67,Debit Card,Delivered
ORD02670,CUST0112,PROD043,Data Science Handbook,Books,West,2022-06-16,2,70.71,5.0,134.34,36,98.34,Bank Transfer,Delivered
ORD02671,CUST0035,PROD002,Wireless Headphones,Electronics,West,2022-04-25,3,195.25,0.0,585.76,240,345.76,Bank Transfer,Processing
ORD02672,CUST0135,PROD031,Yoga Mat Premium,Sports,South,2024-03-16,4,49.09,0.0,196.35,72,124.35,Bank Transfer,Delivered
ORD02673,CUST0473,PROD033,Dumbbell Set 20kg,Sports,East,2024-03-17,2,81.6,10.0,146.87,84,62.87,Bank Transfer,Delivered
ORD02674,CUST0123,PROD056,Dark Chocolate Bar 72%,Food & Beverage,South,2022-05-04,3,12.19,20.0,29.27,12,17.27,PayPal,Delivered
ORD02675,CUST0247,PROD030,Garden Hose 50ft,Home & Garden,North,2022-03-16,4,71.05,5.0,269.99,112,157.99,Debit Card,Shipped
ORD02676,CUST0177,PROD056,Dark Chocolate Bar 72%,Food & Beverage,South,2023-01-22,2,12.16,0.0,24.32,8,16.32,Credit Card,Delivered
ORD02677,CUST0492,PROD022,Air Purifier Pro,Home & Garden,North,2024-02-11,2,246.69,0.0,493.38,220,273.38,Debit Card,Delivered
ORD02678,CUST0329,PROD049,Entrepreneurship Now,Books,Central,2024-06-07,1,33.04,0.0,33.04,9,24.04,PayPal,Delivered
ORD02679,CUST0362,PROD063,Car Phone Mount,Automotive,West,2024-04-21,2,27.1,15.0,46.07,18,28.07,PayPal,Cancelled
ORD02680,CUST0040,PROD001,Laptop Pro 15,Electronics,East,2023-10-19,3,1241.64,0.0,3724.92,2250,1474.92,Cash,Cancelled
ORD02681,CUST0154,PROD057,Granola Bars x12,Food & Beverage,North,2022-03-22,5,23.03,10.0,103.65,35,68.65,Cash,Delivered
ORD02682,CUST0414,PROD030,Garden Hose 50ft,Home & Garden,North,2024-04-14,2,66.81,15.0,113.58,56,57.58,PayPal,Cancelled
ORD02683,CUST0327,PROD027,LED Desk Lamp,Home & Garden,South,2022-06-23,5,45.64,5.0,216.78,90,126.78,PayPal,Delivered
ORD02684,CUST0076,PROD047,Machine Learning A-Z,Books,East,2023-11-25,2,77.58,15.0,131.88,40,91.88,PayPal,Cancelled
ORD02685,CUST0105,PROD024,Electric Kettle 1.7L,Home & Garden,Central,2023-01-18,3,50.63,0.0,151.9,54,97.9,Cash,Delivered
ORD02686,CUST0149,PROD037,Jump Rope Speed,Sports,Central,2023-05-18,3,20.71,20.0,49.7,21,28.7,Credit Card,Processing
ORD02687,CUST0144,PROD057,Granola Bars x12,Food & Beverage,West,2023-05-09,1,20.15,20.0,16.12,7,9.12,PayPal,Processing
ORD02688,CUST0439,PROD028,Storage Ottoman,Home & Garden,East,2024-12-19,4,73.59,0.0,294.34,128,166.34,PayPal,Delivered
ORD02689,CUST0377,PROD035,Running Shoes Pro,Sports,North,2024-08-14,4,139.74,10.0,503.05,220,283.05,PayPal,Delivered
ORD02690,CUST0303,PROD050,Digital Marketing,Books,West,2024-07-17,4,40.69,15.0,138.36,44,94.36,PayPal,Shipped
ORD02691,CUST0146,PROD055,Olive Oil Extra Virgin,Food & Beverage,West,2023-11-19,2,27.22,0.0,54.44,18,36.44,Bank Transfer,Delivered
ORD02692,CUST0453,PROD046,Finance for Managers,Books,North,2024-08-25,3,46.97,15.0,119.78,39,80.78,Cash,Processing
ORD02693,CUST0351,PROD013,Casual Sneakers,Clothing,South,2024-02-22,1,93.69,0.0,93.69,40,53.69,Debit Card,Delivered
ORD02694,CUST0056,PROD021,Robot Vacuum Cleaner,Home & Garden,East,2023-12-04,3,291.22,10.0,786.3,420,366.3,Credit Card,Delivered
ORD02695,CUST0325,PROD067,Steering Wheel Cover,Automotive,Central,2023-09-20,5,26.61,0.0,133.04,55,78.04,Debit Card,Processing
ORD02696,CUST0120,PROD009,USB-C Hub 7-in-1,Electronics,Central,2022-10-20,3,62.38,0.0,187.14,60,127.14,Cash,Delivered
ORD02697,CUST0135,PROD032,Resistance Bands Set,Sports,South,2023-09-11,4,27.15,20.0,86.89,40,46.89,Debit Card,Delivered
ORD02698,CUST0423,PROD017,Formal Trousers,Clothing,North,2023-07-20,2,84.36,20.0,134.98,70,64.98,Cash,Returned
ORD02699,CUST0188,PROD044,Marketing Strategy,Books,West,2023-06-29,2,37.12,20.0,59.4,20,39.4,PayPal,Delivered
ORD02700,CUST0451,PROD051,Premium Coffee Beans 1kg,Food & Beverage,West,2023-06-27,5,32.53,0.0,162.67,50,112.67,Debit Card,Cancelled
ORD02701,CUST0365,PROD062,Tire Inflator Auto,Automotive,North,2022-08-27,3,47.49,0.0,142.47,54,88.47,Debit Card,Shipped
ORD02702,CUST0163,PROD056,Dark Chocolate Bar 72%,Food & Beverage,Central,2022-04-25,4,12.16,0.0,48.64,16,32.64,Bank Transfer,Delivered
ORD02703,CUST0346,PROD001,Laptop Pro 15,Electronics,South,2022-02-07,1,1208.2,15.0,1026.97,750,276.97,Credit Card,Delivered
ORD02704,CUST0252,PROD061,Car Dash Cam 4K,Automotive,Central,2024-12-23,3,107.31,0.0,321.93,126,195.93,Credit Card,Delivered
ORD02705,CUST0011,PROD029,Throw Blanket Soft,Home & Garden,East,2024-07-03,1,59.58,10.0,53.62,20,33.62,PayPal,Delivered
ORD02706,CUST0491,PROD009,USB-C Hub 7-in-1,Electronics,South,2023-03-05,3,62.72,15.0,159.95,60,99.95,PayPal,Shipped
ORD02707,CUST0042,PROD025,Blender Pro 1000W,Home & Garden,South,2022-12-27,4,95.93,10.0,345.34,140,205.34,Bank Transfer,Delivered
ORD02708,CUST0480,PROD057,Granola Bars x12,Food & Beverage,North,2024-10-17,1,20.29,0.0,20.29,7,13.29,Debit Card,Cancelled
ORD02709,CUST0159,PROD034,Cycling Helmet,Sports,East,2022-02-21,5,77.59,0.0,387.96,160,227.96,Debit Card,Delivered
ORD02710,CUST0062,PROD004,Bluetooth Speaker,Electronics,South,2024-06-29,4,88.16,10.0,317.39,140,177.39,Bank Transfer,Delivered
ORD02711,CUST0470,PROD031,Yoga Mat Premium,Sports,Central,2023-10-26,4,42.19,5.0,160.34,72,88.34,Credit Card,Delivered
ORD02712,CUST0372,PROD053,Protein Powder Vanilla,Food & Beverage,East,2022-05-07,1,59.68,15.0,50.72,20,30.72,PayPal,Processing
ORD02713,CUST0457,PROD042,Python Programming,Books,Central,2024-06-18,5,50.19,0.0,250.96,75,175.96,PayPal,Shipped
ORD02714,CUST0114,PROD065,Jump Starter Pack,Automotive,South,2022-04-04,1,80.55,0.0,80.55,38,42.55,Bank Transfer,Cancelled
ORD02715,CUST0367,PROD036,Gym Gloves,Sports,North,2022-12-31,2,22.83,0.0,45.66,18,27.66,PayPal,Delivered
ORD02716,CUST0472,PROD045,Leadership Principles,Books,East,2023-02-04,1,31.52,10.0,28.37,8,20.37,PayPal,Delivered
ORD02717,CUST0007,PROD050,Digital Marketing,Books,South,2022-09-10,2,42.1,10.0,75.79,22,53.79,Credit Card,Delivered
ORD02718,CUST0410,PROD030,Garden Hose 50ft,Home & Garden,South,2022-12-03,1,61.08,0.0,61.08,28,33.08,Bank Transfer,Shipped
ORD02719,CUST0285,PROD056,Dark Chocolate Bar 72%,Food & Beverage,West,2023-12-20,2,12.04,5.0,22.88,8,14.88,Debit Card,Cancelled
ORD02720,CUST0459,PROD035,Running Shoes Pro,Sports,North,2022-02-24,5,132.74,10.0,597.32,275,322.32,Bank Transfer,Processing
ORD02721,CUST0060,PROD034,Cycling Helmet,Sports,Central,2023-12-06,2,82.46,10.0,148.43,64,84.43,PayPal,Processing
ORD02722,CUST0299,PROD041,Business Analytics Guide,Books,East,2023-03-13,2,41.84,0.0,83.67,24,59.67,Bank Transfer,Delivered
ORD02723,CUST0480,PROD045,Leadership Principles,Books,North,2023-01-25,5,32.66,0.0,163.31,40,123.31,Credit Card,Delivered
ORD02724,CUST0363,PROD009,USB-C Hub 7-in-1,Electronics,North,2024-08-28,2,62.33,0.0,124.65,40,84.65,Debit Card,Delivered
ORD02725,CUST0481,PROD041,Business Analytics Guide,Books,South,2024-05-24,1,45.07,0.0,45.07,12,33.07,Bank Transfer,Delivered
ORD02726,CUST0068,PROD034,Cycling Helmet,Sports,South,2022-04-11,5,86.52,0.0,432.61,160,272.61,Cash,Delivered
ORD02727,CUST0275,PROD025,Blender Pro 1000W,Home & Garden,West,2024-10-16,1,93.71,20.0,74.97,35,39.97,Debit Card,Processing
ORD02728,CUST0374,PROD046,Finance for Managers,Books,South,2023-02-14,4,43.57,0.0,174.28,52,122.28,Bank Transfer,Delivered
ORD02729,CUST0198,PROD060,Collagen Powder 300g,Food & Beverage,West,2024-03-22,1,43.69,20.0,34.95,16,18.95,Cash,Delivered
ORD02730,CUST0161,PROD003,Smart Watch Ultra,Electronics,East,2023-01-10,1,381.36,5.0,362.3,140,222.3,Bank Transfer,Cancelled
ORD02731,CUST0199,PROD009,USB-C Hub 7-in-1,Electronics,East,2023-06-21,5,63.24,20.0,252.97,100,152.97,Bank Transfer,Delivered
ORD02732,CUST0065,PROD042,Python Programming,Books,Central,2023-10-27,4,57.79,0.0,231.17,60,171.17,Debit Card,Delivered
ORD02733,CUST0316,PROD012,Denim Jeans Slim,Clothing,Central,2023-03-20,2,73.34,0.0,146.68,56,90.68,Cash,Delivered
ORD02734,CUST0418,PROD063,Car Phone Mount,Automotive,South,2022-08-06,5,23.96,0.0,119.8,45,74.8,PayPal,Delivered
ORD02735,CUST0414,PROD006,Gaming Mouse,Electronics,North,2022-11-12,2,73.92,0.0,147.84,56,91.84,Bank Transfer,Delivered
ORD02736,CUST0012,PROD064,Seat Covers Set,Automotive,Central,2023-01-10,5,86.79,0.0,433.94,160,273.94,Debit Card,Delivered
ORD02737,CUST0189,PROD029,Throw Blanket Soft,Home & Garden,East,2022-04-11,4,52.16,15.0,177.36,80,97.36,Bank Transfer,Cancelled
ORD02738,CUST0303,PROD069,LED Car Lights Kit,Automotive,West,2023-05-17,1,37.49,0.0,37.49,14,23.49,Cash,Delivered
ORD02739,CUST0299,PROD015,Sport T-Shirt,Clothing,East,2024-03-23,4,33.43,20.0,106.98,48,58.98,Debit Card,Delivered
ORD02740,CUST0358,PROD006,Gaming Mouse,Electronics,Central,2023-10-08,2,84.64,0.0,169.27,56,113.27,Credit Card,Shipped
ORD02741,CUST0089,PROD020,Knit Sweater,Clothing,South,2023-10-26,2,67.7,15.0,115.1,60,55.1,Credit Card,Delivered
ORD02742,CUST0439,PROD035,Running Shoes Pro,Sports,East,2024-02-29,2,126.45,0.0,252.91,110,142.91,Cash,Processing
ORD02743,CUST0240,PROD041,Business Analytics Guide,Books,Central,2024-03-28,2,45.64,15.0,77.58,24,53.58,Bank Transfer,Shipped
ORD02744,CUST0370,PROD014,Wool Winter Coat,Clothing,North,2024-03-01,1,181.96,0.0,181.96,75,106.96,Bank Transfer,Delivered
ORD02745,CUST0237,PROD063,Car Phone Mount,Automotive,South,2023-10-15,3,25.34,20.0,60.82,27,33.82,Debit Card,Cancelled
ORD02746,CUST0180,PROD011,Classic White Shirt,Clothing,West,2022-05-18,3,44.95,15.0,114.62,45,69.62,PayPal,Delivered
ORD02747,CUST0061,PROD013,Casual Sneakers,Clothing,North,2023-12-02,3,93.64,0.0,280.91,120,160.91,Cash,Cancelled
ORD02748,CUST0405,PROD023,Coffee Maker Deluxe,Home & Garden,North,2022-07-07,5,134.7,10.0,606.15,260,346.15,Debit Card,Delivered
ORD02749,CUST0140,PROD011,Classic White Shirt,Clothing,North,2024-07-12,5,48.97,20.0,195.87,75,120.87,Debit Card,Delivered
ORD02750,CUST0017,PROD048,SQL Mastery,Books,East,2022-01-02,2,37.95,0.0,75.91,22,53.91,Bank Transfer,Returned
ORD02751,CUST0240,PROD040,Water Bottle 1L,Sports,Central,2022-01-31,1,22.54,15.0,19.16,8,11.16,Bank Transfer,Delivered
ORD02752,CUST0263,PROD040,Water Bottle 1L,Sports,West,2022-07-03,2,21.15,0.0,42.31,16,26.31,Cash,Delivered
ORD02753,CUST0180,PROD055,Olive Oil Extra Virgin,Food & Beverage,West,2024-05-30,5,27.46,10.0,123.57,45,78.57,Cash,Shipped
ORD02754,CUST0163,PROD067,Steering Wheel Cover,Automotive,Central,2024-04-11,1,29.39,10.0,26.45,11,15.45,Bank Transfer,Delivered
ORD02755,CUST0192,PROD028,Storage Ottoman,Home & Garden,South,2022-12-04,4,74.86,5.0,284.46,128,156.46,Debit Card,Delivered
ORD02756,CUST0472,PROD054,Mixed Nuts 500g,Food & Beverage,East,2023-01-15,2,23.7,5.0,45.03,16,29.03,Credit Card,Delivered
ORD02757,CUST0410,PROD049,Entrepreneurship Now,Books,South,2023-11-26,5,39.34,10.0,177.03,45,132.03,Cash,Delivered
ORD02758,CUST0337,PROD040,Water Bottle 1L,Sports,North,2024-05-10,3,20.84,15.0,53.15,24,29.15,Debit Card,Cancelled
ORD02759,CUST0460,PROD006,Gaming Mouse,Electronics,Central,2023-09-25,2,72.92,0.0,145.84,56,89.84,Bank Transfer,Delivered
ORD02760,CUST0247,PROD003,Smart Watch Ultra,Electronics,North,2023-01-21,1,380.68,15.0,323.57,140,183.57,Cash,Shipped
ORD02761,CUST0163,PROD035,Running Shoes Pro,Sports,Central,2023-01-08,2,119.32,0.0,238.63,110,128.63,Debit Card,Delivered
ORD02762,CUST0020,PROD010,External SSD 1TB,Electronics,Central,2022-05-22,3,159.2,20.0,382.07,195,187.07,PayPal,Delivered
ORD02763,CUST0402,PROD002,Wireless Headphones,Electronics,West,2024-02-14,3,218.63,10.0,590.3,240,350.3,Bank Transfer,Processing
ORD02764,CUST0474,PROD064,Seat Covers Set,Automotive,Central,2023-08-05,4,71.21,0.0,284.84,128,156.84,Credit Card,Delivered
ORD02765,CUST0168,PROD042,Python Programming,Books,North,2024-08-08,4,52.87,10.0,190.32,60,130.32,Bank Transfer,Delivered
ORD02766,CUST0449,PROD058,Almond Milk 1L,Food & Beverage,North,2023-09-02,5,7.92,5.0,37.6,10,27.6,PayPal,Cancelled
ORD02767,CUST0271,PROD013,Casual Sneakers,Clothing,South,2022-07-02,4,101.01,5.0,383.83,160,223.83,PayPal,Delivered
ORD02768,CUST0151,PROD033,Dumbbell Set 20kg,Sports,North,2022-03-11,3,95.37,0.0,286.11,126,160.11,Credit Card,Delivered
ORD02769,CUST0497,PROD049,Entrepreneurship Now,Books,North,2023-12-24,3,37.43,5.0,106.68,27,79.68,Debit Card,Delivered
ORD02770,CUST0171,PROD001,Laptop Pro 15,Electronics,South,2024-03-01,3,1215.61,10.0,3282.15,2250,1032.15,Debit Card,Returned
ORD02771,CUST0141,PROD003,Smart Watch Ultra,Electronics,East,2024-06-22,1,321.77,15.0,273.51,140,133.51,Cash,Shipped
ORD02772,CUST0471,PROD027,LED Desk Lamp,Home & Garden,Central,2022-10-09,5,46.76,0.0,233.82,90,143.82,PayPal,Delivered
ORD02773,CUST0049,PROD064,Seat Covers Set,Automotive,North,2024-01-30,5,78.46,0.0,392.31,160,232.31,Debit Card,Delivered
ORD02774,CUST0023,PROD042,Python Programming,Books,Central,2022-08-14,2,55.32,5.0,105.11,30,75.11,Bank Transfer,Shipped
ORD02775,CUST0109,PROD041,Business Analytics Guide,Books,North,2024-05-23,3,42.61,0.0,127.84,36,91.84,PayPal,Shipped
ORD02776,CUST0232,PROD007,Mechanical Keyboard,Electronics,Central,2024-12-10,5,138.03,20.0,552.11,260,292.11,Cash,Processing
ORD02777,CUST0426,PROD033,Dumbbell Set 20kg,Sports,Central,2024-03-16,3,96.52,5.0,275.09,126,149.09,Bank Transfer,Delivered
ORD02778,CUST0086,PROD045,Leadership Principles,Books,East,2023-11-08,3,34.4,0.0,103.19,24,79.19,Debit Card,Delivered
ORD02779,CUST0050,PROD055,Olive Oil Extra Virgin,Food & Beverage,East,2023-06-12,1,29.63,0.0,29.63,9,20.63,Cash,Delivered
ORD02780,CUST0137,PROD043,Data Science Handbook,Books,West,2023-05-16,5,61.65,15.0,262.02,90,172.02,PayPal,Delivered
ORD02781,CUST0481,PROD014,Wool Winter Coat,Clothing,South,2024-07-12,3,178.66,0.0,535.98,225,310.98,Bank Transfer,Delivered
ORD02782,CUST0121,PROD032,Resistance Bands Set,Sports,West,2024-12-12,5,27.09,0.0,135.47,50,85.47,Credit Card,Delivered
ORD02783,CUST0100,PROD058,Almond Milk 1L,Food & Beverage,Central,2024-10-22,4,7.41,15.0,25.18,8,17.18,Bank Transfer,Shipped
ORD02784,CUST0058,PROD048,SQL Mastery,Books,North,2023-03-24,5,43.42,10.0,195.39,55,140.39,Cash,Delivered
ORD02785,CUST0193,PROD008,Webcam HD 1080p,Electronics,Central,2023-07-07,1,65.54,0.0,65.54,25,40.54,Credit Card,Returned
ORD02786,CUST0018,PROD046,Finance for Managers,Books,Central,2024-07-01,2,43.79,0.0,87.58,26,61.58,Credit Card,Cancelled
ORD02787,CUST0072,PROD055,Olive Oil Extra Virgin,Food & Beverage,South,2022-03-30,4,27.03,20.0,86.5,36,50.5,Cash,Delivered
ORD02788,CUST0267,PROD012,Denim Jeans Slim,Clothing,East,2023-08-11,4,76.95,5.0,292.43,112,180.43,Cash,Delivered
ORD02789,CUST0309,PROD020,Knit Sweater,Clothing,Central,2022-09-15,1,71.17,0.0,71.17,30,41.17,PayPal,Delivered
ORD02790,CUST0354,PROD025,Blender Pro 1000W,Home & Garden,Central,2024-06-05,3,86.89,0.0,260.67,105,155.67,Debit Card,Shipped
ORD02791,CUST0382,PROD023,Coffee Maker Deluxe,Home & Garden,Central,2023-04-03,5,117.51,0.0,587.54,260,327.54,Debit Card,Cancelled
ORD02792,CUST0186,PROD043,Data Science Handbook,Books,West,2023-12-30,1,60.27,0.0,60.27,18,42.27,Debit Card,Shipped
ORD02793,CUST0206,PROD010,External SSD 1TB,Electronics,East,2024-08-03,3,159.68,20.0,383.24,195,188.24,PayPal,Delivered
ORD02794,CUST0092,PROD066,Car Vacuum Cleaner,Automotive,East,2024-03-13,2,53.14,0.0,106.28,44,62.28,Bank Transfer,Returned
ORD02795,CUST0135,PROD062,Tire Inflator Auto,Automotive,South,2024-05-31,1,48.8,10.0,43.92,18,25.92,Debit Card,Cancelled
ORD02796,CUST0462,PROD051,Premium Coffee Beans 1kg,Food & Beverage,North,2023-06-19,3,32.34,0.0,97.01,30,67.01,PayPal,Shipped
ORD02797,CUST0059,PROD011,Classic White Shirt,Clothing,Central,2024-03-23,4,46.27,0.0,185.07,60,125.07,Debit Card,Cancelled
ORD02798,CUST0219,PROD041,Business Analytics Guide,Books,West,2024-01-30,1,48.47,0.0,48.47,12,36.47,Debit Card,Delivered
ORD02799,CUST0236,PROD011,Classic White Shirt,Clothing,West,2024-04-14,2,53.24,15.0,90.51,30,60.51,Debit Card,Delivered
ORD02800,CUST0224,PROD018,Polo Shirt Premium,Clothing,South,2023-05-25,2,62.53,0.0,125.06,44,81.06,Debit Card,Delivered
ORD02801,CUST0366,PROD031,Yoga Mat Premium,Sports,East,2023-03-02,1,40.67,0.0,40.67,18,22.67,Bank Transfer,Shipped
ORD02802,CUST0332,PROD017,Formal Trousers,Clothing,West,2024-05-01,5,93.3,15.0,396.52,175,221.52,Bank Transfer,Processing
ORD02803,CUST0411,PROD054,Mixed Nuts 500g,Food & Beverage,Central,2022-02-27,1,24.25,15.0,20.61,8,12.61,PayPal,Shipped
ORD02804,CUST0060,PROD011,Classic White Shirt,Clothing,Central,2022-10-16,5,52.53,5.0,249.52,75,174.52,Cash,Returned
ORD02805,CUST0158,PROD012,Denim Jeans Slim,Clothing,East,2022-11-10,1,81.32,5.0,77.25,28,49.25,Bank Transfer,Cancelled
ORD02806,CUST0106,PROD001,Laptop Pro 15,Electronics,Central,2022-05-12,4,1143.24,0.0,4572.96,3000,1572.96,PayPal,Delivered
ORD02807,CUST0043,PROD010,External SSD 1TB,Electronics,North,2023-10-15,1,138.72,10.0,124.85,65,59.85,PayPal,Cancelled
ORD02808,CUST0261,PROD052,Organic Green Tea 100g,Food & Beverage,Central,2022-12-01,2,19.13,10.0,34.44,10,24.44,PayPal,Delivered
ORD02809,CUST0157,PROD041,Business Analytics Guide,Books,North,2023-11-24,2,44.54,0.0,89.07,24,65.07,Debit Card,Delivered
ORD02810,CUST0352,PROD055,Olive Oil Extra Virgin,Food & Beverage,South,2022-10-01,5,30.77,10.0,138.45,45,93.45,Debit Card,Delivered
ORD02811,CUST0303,PROD051,Premium Coffee Beans 1kg,Food & Beverage,West,2022-02-03,2,30.91,10.0,55.64,20,35.64,Credit Card,Delivered
ORD02812,CUST0413,PROD038,Foam Roller,Sports,Central,2022-01-21,2,31.65,0.0,63.31,24,39.31,PayPal,Delivered
ORD02813,CUST0197,PROD029,Throw Blanket Soft,Home & Garden,Central,2024-06-22,1,57.57,0.0,57.57,20,37.57,Bank Transfer,Processing
ORD02814,CUST0275,PROD020,Knit Sweater,Clothing,West,2024-01-18,1,74.06,5.0,70.36,30,40.36,Debit Card,Processing
ORD02815,CUST0292,PROD049,Entrepreneurship Now,Books,South,2023-12-13,3,34.19,15.0,87.19,27,60.19,Credit Card,Delivered
ORD02816,CUST0296,PROD036,Gym Gloves,Sports,North,2024-01-29,2,22.78,0.0,45.56,18,27.56,Debit Card,Shipped
ORD02817,CUST0050,PROD036,Gym Gloves,Sports,East,2023-06-14,4,23.35,0.0,93.41,36,57.41,Debit Card,Delivered
ORD02818,CUST0292,PROD059,Energy Drink Pack x24,Food & Beverage,South,2022-09-27,1,32.39,0.0,32.39,12,20.39,Bank Transfer,Delivered
ORD02819,CUST0453,PROD068,Car Air Freshener x5,Automotive,North,2022-02-03,1,14.86,0.0,14.86,5,9.86,Debit Card,Shipped
ORD02820,CUST0325,PROD053,Protein Powder Vanilla,Food & Beverage,Central,2022-09-29,3,50.07,0.0,150.22,60,90.22,Credit Card,Delivered
ORD02821,CUST0405,PROD035,Running Shoes Pro,Sports,North,2024-04-27,3,133.14,10.0,359.48,165,194.48,Bank Transfer,Shipped
ORD02822,CUST0160,PROD027,LED Desk Lamp,Home & Garden,North,2022-07-28,4,46.28,15.0,157.35,72,85.35,Bank Transfer,Delivered
ORD02823,CUST0262,PROD043,Data Science Handbook,Books,North,2023-06-18,4,59.88,20.0,191.6,72,119.6,Cash,Cancelled
ORD02824,CUST0266,PROD016,Leather Belt,Clothing,South,2023-01-10,3,40.95,0.0,122.85,54,68.85,Cash,Delivered
ORD02825,CUST0227,PROD016,Leather Belt,Clothing,South,2024-06-21,2,47.6,5.0,90.44,36,54.44,Debit Card,Delivered
ORD02826,CUST0280,PROD057,Granola Bars x12,Food & Beverage,North,2022-05-12,2,20.48,10.0,36.87,14,22.87,Credit Card,Processing
ORD02827,CUST0344,PROD025,Blender Pro 1000W,Home & Garden,North,2023-12-04,4,87.12,10.0,313.62,140,173.62,PayPal,Shipped
ORD02828,CUST0043,PROD045,Leadership Principles,Books,North,2024-11-04,2,34.86,5.0,66.24,16,50.24,Debit Card,Shipped
ORD02829,CUST0346,PROD048,SQL Mastery,Books,South,2024-07-13,5,44.26,0.0,221.32,55,166.32,Debit Card,Delivered
ORD02830,CUST0277,PROD053,Protein Powder Vanilla,Food & Beverage,Central,2022-06-23,1,60.27,0.0,60.27,20,40.27,Cash,Delivered
ORD02831,CUST0421,PROD006,Gaming Mouse,Electronics,West,2024-11-17,1,74.82,0.0,74.82,28,46.82,Cash,Delivered
ORD02832,CUST0030,PROD059,Energy Drink Pack x24,Food & Beverage,North,2022-04-13,1,34.68,0.0,34.68,12,22.68,Bank Transfer,Delivered
ORD02833,CUST0329,PROD011,Classic White Shirt,Clothing,Central,2022-03-15,2,49.96,0.0,99.93,30,69.93,Credit Card,Delivered
ORD02834,CUST0491,PROD057,Granola Bars x12,Food & Beverage,South,2023-05-31,3,20.58,0.0,61.75,21,40.75,Credit Card,Delivered
ORD02835,CUST0234,PROD031,Yoga Mat Premium,Sports,North,2022-12-20,2,41.78,5.0,79.38,36,43.38,Bank Transfer,Shipped
ORD02836,CUST0211,PROD024,Electric Kettle 1.7L,Home & Garden,West,2023-05-27,2,49.56,0.0,99.13,36,63.13,Debit Card,Delivered
ORD02837,CUST0191,PROD029,Throw Blanket Soft,Home & Garden,Central,2023-08-16,2,51.09,5.0,97.07,40,57.07,Debit Card,Delivered
ORD02838,CUST0205,PROD069,LED Car Lights Kit,Automotive,Central,2023-10-19,3,35.64,15.0,90.88,42,48.88,Bank Transfer,Processing
ORD02839,CUST0360,PROD059,Energy Drink Pack x24,Food & Beverage,East,2023-01-29,2,36.68,0.0,73.36,24,49.36,Cash,Processing
ORD02840,CUST0130,PROD044,Marketing Strategy,Books,East,2023-02-19,3,36.44,5.0,103.85,30,73.85,Credit Card,Delivered
ORD02841,CUST0046,PROD015,Sport T-Shirt,Clothing,East,2024-11-28,4,35.06,10.0,126.22,48,78.22,PayPal,Delivered
ORD02842,CUST0417,PROD063,Car Phone Mount,Automotive,North,2024-08-09,1,26.52,0.0,26.52,9,17.52,PayPal,Shipped
ORD02843,CUST0319,PROD061,Car Dash Cam 4K,Automotive,West,2024-02-13,5,102.65,0.0,513.25,210,303.25,Cash,Processing
ORD02844,CUST0082,PROD065,Jump Starter Pack,Automotive,Central,2023-10-04,2,94.13,5.0,178.84,76,102.84,Bank Transfer,Delivered
ORD02845,CUST0021,PROD031,Yoga Mat Premium,Sports,West,2023-01-08,4,44.34,15.0,150.77,72,78.77,Debit Card,Delivered
ORD02846,CUST0357,PROD061,Car Dash Cam 4K,Automotive,East,2023-10-11,4,93.72,0.0,374.87,168,206.87,Bank Transfer,Cancelled
ORD02847,CUST0385,PROD061,Car Dash Cam 4K,Automotive,North,2024-08-29,3,104.84,0.0,314.51,126,188.51,PayPal,Delivered
ORD02848,CUST0382,PROD058,Almond Milk 1L,Food & Beverage,Central,2022-02-05,4,7.33,5.0,27.85,8,19.85,PayPal,Delivered
ORD02849,CUST0249,PROD048,SQL Mastery,Books,Central,2022-10-18,5,38.92,15.0,165.43,55,110.43,PayPal,Delivered
ORD02850,CUST0142,PROD027,LED Desk Lamp,Home & Garden,Central,2022-11-19,2,45.83,0.0,91.67,36,55.67,Credit Card,Delivered
ORD02851,CUST0057,PROD058,Almond Milk 1L,Food & Beverage,South,2024-04-20,2,7.27,10.0,13.08,4,9.08,PayPal,Delivered
ORD02852,CUST0244,PROD066,Car Vacuum Cleaner,Automotive,Central,2024-04-03,2,54.29,5.0,103.16,44,59.16,Debit Card,Shipped
ORD02853,CUST0384,PROD035,Running Shoes Pro,Sports,Central,2022-12-19,5,134.75,15.0,572.67,275,297.67,Debit Card,Delivered
ORD02854,CUST0116,PROD027,LED Desk Lamp,Home & Garden,West,2024-02-12,1,43.52,0.0,43.52,18,25.52,Cash,Delivered
ORD02855,CUST0016,PROD032,Resistance Bands Set,Sports,West,2023-11-27,1,27.23,15.0,23.14,10,13.14,Credit Card,Delivered
ORD02856,CUST0460,PROD027,LED Desk Lamp,Home & Garden,Central,2022-03-24,1,42.95,10.0,38.66,18,20.66,Debit Card,Shipped
ORD02857,CUST0445,PROD021,Robot Vacuum Cleaner,Home & Garden,Central,2022-11-18,1,318.07,0.0,318.07,140,178.07,Debit Card,Cancelled
ORD02858,CUST0485,PROD041,Business Analytics Guide,Books,East,2022-07-13,2,47.54,0.0,95.08,24,71.08,PayPal,Delivered
ORD02859,CUST0048,PROD041,Business Analytics Guide,Books,West,2022-08-19,3,45.34,20.0,108.83,36,72.83,Bank Transfer,Delivered
ORD02860,CUST0225,PROD069,LED Car Lights Kit,Automotive,East,2024-10-19,4,33.59,0.0,134.34,56,78.34,Credit Card,Processing
ORD02861,CUST0054,PROD035,Running Shoes Pro,Sports,West,2022-08-13,5,124.53,10.0,560.38,275,285.38,Cash,Delivered
ORD02862,CUST0402,PROD067,Steering Wheel Cover,Automotive,West,2023-09-26,3,30.45,20.0,73.08,33,40.08,Credit Card,Delivered
ORD02863,CUST0283,PROD050,Digital Marketing,Books,Central,2024-03-06,2,40.56,10.0,73.01,22,51.01,Bank Transfer,Delivered
ORD02864,CUST0340,PROD053,Protein Powder Vanilla,Food & Beverage,South,2024-12-10,4,52.19,0.0,208.76,80,128.76,Cash,Delivered
ORD02865,CUST0459,PROD034,Cycling Helmet,Sports,North,2024-03-05,4,75.55,20.0,241.77,128,113.77,Bank Transfer,Shipped
ORD02866,CUST0248,PROD050,Digital Marketing,Books,Central,2022-09-01,5,39.48,0.0,197.41,55,142.41,Debit Card,Delivered
ORD02867,CUST0439,PROD061,Car Dash Cam 4K,Automotive,East,2023-01-05,1,101.19,15.0,86.01,42,44.01,Bank Transfer,Processing
ORD02868,CUST0441,PROD041,Business Analytics Guide,Books,East,2023-01-02,1,42.24,0.0,42.24,12,30.24,PayPal,Shipped
ORD02869,CUST0296,PROD009,USB-C Hub 7-in-1,Electronics,North,2022-04-04,3,55.02,0.0,165.07,60,105.07,Cash,Delivered
ORD02870,CUST0349,PROD013,Casual Sneakers,Clothing,North,2022-08-19,3,99.42,10.0,268.44,120,148.44,Cash,Processing
ORD02871,CUST0357,PROD048,SQL Mastery,Books,East,2022-08-18,1,41.76,10.0,37.58,11,26.58,Bank Transfer,Delivered
ORD02872,CUST0298,PROD035,Running Shoes Pro,Sports,South,2024-04-12,5,131.82,10.0,593.2,275,318.2,PayPal,Delivered
ORD02873,CUST0359,PROD020,Knit Sweater,Clothing,South,2024-12-14,1,77.28,10.0,69.55,30,39.55,Debit Card,Delivered
ORD02874,CUST0337,PROD020,Knit Sweater,Clothing,North,2022-02-10,1,70.79,5.0,67.25,30,37.25,Bank Transfer,Delivered
ORD02875,CUST0281,PROD048,SQL Mastery,Books,North,2022-12-11,1,38.32,0.0,38.32,11,27.32,Debit Card,Shipped
ORD02876,CUST0244,PROD021,Robot Vacuum Cleaner,Home & Garden,Central,2023-11-21,2,301.63,0.0,603.26,280,323.26,Credit Card,Delivered
ORD02877,CUST0297,PROD057,Granola Bars x12,Food & Beverage,East,2022-04-06,3,23.36,0.0,70.09,21,49.09,Debit Card,Cancelled
ORD02878,CUST0157,PROD058,Almond Milk 1L,Food & Beverage,North,2023-04-27,5,8.34,0.0,41.68,10,31.68,Cash,Shipped
ORD02879,CUST0100,PROD032,Resistance Bands Set,Sports,Central,2024-05-05,5,27.09,20.0,108.37,50,58.37,Cash,Processing
ORD02880,CUST0315,PROD059,Energy Drink Pack x24,Food & Beverage,South,2022-05-08,1,34.66,10.0,31.19,12,19.19,Bank Transfer,Delivered
ORD02881,CUST0378,PROD012,Denim Jeans Slim,Clothing,South,2024-07-25,4,85.85,20.0,274.72,112,162.72,Debit Card,Delivered
ORD02882,CUST0156,PROD066,Car Vacuum Cleaner,Automotive,East,2023-02-28,5,56.2,5.0,266.97,110,156.97,Debit Card,Delivered
ORD02883,CUST0204,PROD058,Almond Milk 1L,Food & Beverage,South,2024-09-17,4,8.64,0.0,34.56,8,26.56,Cash,Delivered
ORD02884,CUST0277,PROD011,Classic White Shirt,Clothing,Central,2022-08-22,5,53.05,20.0,212.19,75,137.19,Bank Transfer,Delivered
ORD02885,CUST0316,PROD060,Collagen Powder 300g,Food & Beverage,Central,2024-07-20,1,42.73,10.0,38.46,16,22.46,PayPal,Returned
ORD02886,CUST0444,PROD027,LED Desk Lamp,Home & Garden,North,2022-08-11,1,49.26,0.0,49.26,18,31.26,Debit Card,Shipped
ORD02887,CUST0103,PROD056,Dark Chocolate Bar 72%,Food & Beverage,West,2022-11-18,2,12.96,15.0,22.03,8,14.03,Cash,Delivered
ORD02888,CUST0141,PROD024,Electric Kettle 1.7L,Home & Garden,East,2024-11-06,2,47.52,0.0,95.05,36,59.05,Bank Transfer,Shipped
ORD02889,CUST0126,PROD031,Yoga Mat Premium,Sports,North,2022-05-10,5,44.79,15.0,190.37,90,100.37,Credit Card,Delivered
ORD02890,CUST0020,PROD002,Wireless Headphones,Electronics,Central,2024-09-14,4,194.45,15.0,661.13,320,341.13,Credit Card,Delivered
ORD02891,CUST0115,PROD053,Protein Powder Vanilla,Food & Beverage,West,2024-01-29,5,51.34,15.0,218.18,100,118.18,Cash,Delivered
ORD02892,CUST0248,PROD053,Protein Powder Vanilla,Food & Beverage,Central,2023-06-30,2,57.97,10.0,104.35,40,64.35,Debit Card,Delivered
ORD02893,CUST0109,PROD028,Storage Ottoman,Home & Garden,North,2024-06-29,4,69.25,10.0,249.31,128,121.31,Credit Card,Delivered
ORD02894,CUST0254,PROD051,Premium Coffee Beans 1kg,Food & Beverage,Central,2024-05-08,5,34.26,15.0,145.61,50,95.61,Debit Card,Delivered
ORD02895,CUST0049,PROD020,Knit Sweater,Clothing,North,2023-09-05,3,77.41,0.0,232.23,90,142.23,Credit Card,Returned
ORD02896,CUST0013,PROD013,Casual Sneakers,Clothing,West,2022-11-05,4,92.66,15.0,315.05,160,155.05,Bank Transfer,Delivered
ORD02897,CUST0399,PROD061,Car Dash Cam 4K,Automotive,West,2022-12-16,5,106.32,10.0,478.46,210,268.46,Credit Card,Delivered
ORD02898,CUST0490,PROD022,Air Purifier Pro,Home & Garden,South,2024-07-06,2,239.44,10.0,430.99,220,210.99,Cash,Delivered
ORD02899,CUST0095,PROD040,Water Bottle 1L,Sports,Central,2022-11-29,3,21.24,10.0,57.33,24,33.33,PayPal,Shipped
ORD02900,CUST0117,PROD054,Mixed Nuts 500g,Food & Beverage,South,2022-01-19,4,25.14,0.0,100.57,32,68.57,Cash,Cancelled
ORD02901,CUST0148,PROD044,Marketing Strategy,Books,Central,2022-02-16,4,36.24,5.0,137.7,40,97.7,Debit Card,Processing
ORD02902,CUST0115,PROD032,Resistance Bands Set,Sports,West,2024-04-23,4,29.52,0.0,118.09,40,78.09,Credit Card,Processing
ORD02903,CUST0356,PROD054,Mixed Nuts 500g,Food & Beverage,South,2024-03-22,4,21.7,0.0,86.81,32,54.81,Cash,Processing
ORD02904,CUST0030,PROD036,Gym Gloves,Sports,North,2024-07-25,3,25.93,5.0,73.9,27,46.9,PayPal,Delivered
ORD02905,CUST0196,PROD006,Gaming Mouse,Electronics,South,2023-08-06,4,75.46,10.0,271.65,112,159.65,Debit Card,Processing
ORD02906,CUST0418,PROD040,Water Bottle 1L,Sports,South,2024-10-29,3,20.3,5.0,57.84,24,33.84,Debit Card,Delivered
ORD02907,CUST0318,PROD057,Granola Bars x12,Food & Beverage,East,2024-07-27,5,23.95,0.0,119.76,35,84.76,Debit Card,Delivered
ORD02908,CUST0434,PROD047,Machine Learning A-Z,Books,North,2024-12-28,1,79.16,0.0,79.16,20,59.16,Cash,Delivered
ORD02909,CUST0318,PROD055,Olive Oil Extra Virgin,Food & Beverage,East,2023-06-28,3,26.97,20.0,64.73,27,37.73,Cash,Delivered
ORD02910,CUST0279,PROD004,Bluetooth Speaker,Electronics,West,2024-11-20,4,95.69,0.0,382.76,140,242.76,Debit Card,Delivered
ORD02911,CUST0426,PROD007,Mechanical Keyboard,Electronics,Central,2022-03-06,2,126.38,5.0,240.12,104,136.12,Credit Card,Delivered
ORD02912,CUST0013,PROD069,LED Car Lights Kit,Automotive,West,2023-08-17,5,35.71,0.0,178.56,70,108.56,Credit Card,Processing
ORD02913,CUST0230,PROD029,Throw Blanket Soft,Home & Garden,West,2023-01-02,3,55.38,0.0,166.14,60,106.14,PayPal,Delivered
ORD02914,CUST0161,PROD004,Bluetooth Speaker,Electronics,East,2023-03-30,1,90.0,10.0,81.0,35,46.0,Cash,Delivered
ORD02915,CUST0284,PROD055,Olive Oil Extra Virgin,Food & Beverage,South,2022-03-26,3,27.9,15.0,71.15,27,44.15,Cash,Delivered
ORD02916,CUST0294,PROD029,Throw Blanket Soft,Home & Garden,South,2024-08-28,3,58.67,15.0,149.6,60,89.6,Credit Card,Delivered
ORD02917,CUST0042,PROD058,Almond Milk 1L,Food & Beverage,South,2024-05-01,2,7.22,5.0,13.72,4,9.72,PayPal,Cancelled
ORD02918,CUST0266,PROD044,Marketing Strategy,Books,South,2022-04-07,1,35.82,15.0,30.45,10,20.45,PayPal,Shipped
ORD02919,CUST0011,PROD056,Dark Chocolate Bar 72%,Food & Beverage,East,2024-04-05,1,12.22,20.0,9.78,4,5.78,Cash,Delivered
ORD02920,CUST0396,PROD004,Bluetooth Speaker,Electronics,Central,2023-02-21,1,96.32,0.0,96.32,35,61.32,Bank Transfer,Delivered
ORD02921,CUST0250,PROD016,Leather Belt,Clothing,North,2023-06-19,5,42.22,5.0,200.57,90,110.57,Cash,Shipped
ORD02922,CUST0242,PROD047,Machine Learning A-Z,Books,East,2023-08-26,4,71.26,0.0,285.05,80,205.05,Cash,Processing
ORD02923,CUST0096,PROD056,Dark Chocolate Bar 72%,Food & Beverage,West,2022-02-09,1,12.07,0.0,12.07,4,8.07,Bank Transfer,Cancelled
ORD02924,CUST0329,PROD024,Electric Kettle 1.7L,Home & Garden,Central,2022-03-13,1,45.21,20.0,36.17,18,18.17,Debit Card,Delivered
ORD02925,CUST0361,PROD023,Coffee Maker Deluxe,Home & Garden,North,2022-09-09,1,122.06,0.0,122.06,52,70.06,PayPal,Cancelled
ORD02926,CUST0087,PROD012,Denim Jeans Slim,Clothing,North,2023-06-01,2,80.6,0.0,161.21,56,105.21,Bank Transfer,Delivered
ORD02927,CUST0364,PROD068,Car Air Freshener x5,Automotive,North,2023-12-04,4,15.18,5.0,57.67,20,37.67,PayPal,Delivered
ORD02928,CUST0450,PROD063,Car Phone Mount,Automotive,Central,2022-03-21,4,23.21,20.0,74.27,36,38.27,Debit Card,Delivered
ORD02929,CUST0352,PROD029,Throw Blanket Soft,Home & Garden,South,2023-12-06,5,56.07,20.0,224.28,100,124.28,Bank Transfer,Delivered
ORD02930,CUST0176,PROD036,Gym Gloves,Sports,West,2024-05-21,2,23.42,20.0,37.47,18,19.47,Debit Card,Delivered
ORD02931,CUST0466,PROD067,Steering Wheel Cover,Automotive,North,2022-01-17,3,27.47,15.0,70.04,33,37.04,PayPal,Delivered
ORD02932,CUST0457,PROD010,External SSD 1TB,Electronics,Central,2022-03-02,3,148.97,5.0,424.56,195,229.56,Bank Transfer,Delivered
ORD02933,CUST0223,PROD027,LED Desk Lamp,Home & Garden,South,2023-08-14,3,43.85,0.0,131.55,54,77.55,Cash,Delivered
ORD02934,CUST0304,PROD058,Almond Milk 1L,Food & Beverage,Central,2022-12-16,1,8.56,20.0,6.85,2,4.85,Debit Card,Delivered
ORD02935,CUST0188,PROD063,Car Phone Mount,Automotive,West,2023-10-03,1,24.95,0.0,24.95,9,15.95,Debit Card,Delivered
ORD02936,CUST0025,PROD032,Resistance Bands Set,Sports,South,2023-12-14,2,26.69,15.0,45.37,20,25.37,Cash,Delivered
ORD02937,CUST0122,PROD062,Tire Inflator Auto,Automotive,Central,2023-05-26,4,41.65,0.0,166.6,72,94.6,Credit Card,Cancelled
ORD02938,CUST0169,PROD038,Foam Roller,Sports,South,2022-05-20,4,33.16,20.0,106.1,48,58.1,Debit Card,Shipped
ORD02939,CUST0402,PROD010,External SSD 1TB,Electronics,West,2024-08-06,4,138.78,20.0,444.1,260,184.1,PayPal,Delivered
ORD02940,CUST0266,PROD038,Foam Roller,Sports,South,2023-05-20,5,33.93,0.0,169.63,60,109.63,PayPal,Delivered
ORD02941,CUST0115,PROD005,"4K Monitor 27""",Electronics,West,2022-12-17,2,457.6,0.0,915.2,440,475.2,Debit Card,Shipped
ORD02942,CUST0113,PROD014,Wool Winter Coat,Clothing,Central,2023-12-11,2,197.04,0.0,394.09,150,244.09,Credit Card,Delivered
ORD02943,CUST0045,PROD045,Leadership Principles,Books,South,2024-10-25,3,31.93,10.0,86.21,24,62.21,Credit Card,Delivered
ORD02944,CUST0489,PROD023,Coffee Maker Deluxe,Home & Garden,West,2022-04-23,3,139.74,10.0,377.3,156,221.3,Credit Card,Delivered
ORD02945,CUST0302,PROD040,Water Bottle 1L,Sports,West,2022-07-09,3,21.77,0.0,65.32,24,41.32,PayPal,Delivered
ORD02946,CUST0020,PROD058,Almond Milk 1L,Food & Beverage,Central,2024-01-20,2,7.77,0.0,15.54,4,11.54,PayPal,Delivered
ORD02947,CUST0329,PROD002,Wireless Headphones,Electronics,Central,2024-12-19,3,183.56,20.0,440.55,240,200.55,Bank Transfer,Delivered
ORD02948,CUST0445,PROD053,Protein Powder Vanilla,Food & Beverage,Central,2023-09-07,5,54.55,0.0,272.77,100,172.77,PayPal,Processing
ORD02949,CUST0223,PROD009,USB-C Hub 7-in-1,Electronics,South,2023-02-21,1,57.03,5.0,54.18,20,34.18,Cash,Delivered
ORD02950,CUST0281,PROD070,Car Wax Premium,Automotive,North,2023-04-01,2,25.9,0.0,51.8,20,31.8,Bank Transfer,Delivered
ORD02951,CUST0262,PROD068,Car Air Freshener x5,Automotive,North,2022-05-21,2,14.22,15.0,24.17,10,14.17,Cash,Cancelled
ORD02952,CUST0166,PROD067,Steering Wheel Cover,Automotive,North,2023-01-09,4,31.53,10.0,113.51,44,69.51,Bank Transfer,Delivered
ORD02953,CUST0364,PROD040,Water Bottle 1L,Sports,North,2022-12-25,5,20.1,20.0,80.4,40,40.4,Debit Card,Delivered
ORD02954,CUST0066,PROD060,Collagen Powder 300g,Food & Beverage,West,2024-08-31,2,40.59,20.0,64.94,32,32.94,Cash,Delivered
ORD02955,CUST0242,PROD010,External SSD 1TB,Electronics,East,2023-10-10,1,143.44,0.0,143.44,65,78.44,Bank Transfer,Shipped
ORD02956,CUST0396,PROD016,Leather Belt,Clothing,Central,2024-04-16,3,47.99,0.0,143.96,54,89.96,PayPal,Shipped
ORD02957,CUST0401,PROD051,Premium Coffee Beans 1kg,Food & Beverage,West,2024-09-15,5,29.12,10.0,131.04,50,81.04,Cash,Cancelled
ORD02958,CUST0459,PROD027,LED Desk Lamp,Home & Garden,North,2023-12-31,4,46.67,0.0,186.68,72,114.68,PayPal,Delivered
ORD02959,CUST0330,PROD015,Sport T-Shirt,Clothing,East,2024-02-21,4,32.11,5.0,122.03,48,74.03,Bank Transfer,Shipped
ORD02960,CUST0305,PROD016,Leather Belt,Clothing,North,2022-11-29,5,47.78,10.0,215.02,90,125.02,Credit Card,Returned
ORD02961,CUST0050,PROD056,Dark Chocolate Bar 72%,Food & Beverage,East,2023-04-05,2,12.75,0.0,25.51,8,17.51,Cash,Shipped
ORD02962,CUST0456,PROD057,Granola Bars x12,Food & Beverage,Central,2023-06-11,4,22.57,5.0,85.76,28,57.76,PayPal,Returned
ORD02963,CUST0166,PROD020,Knit Sweater,Clothing,North,2023-12-01,1,76.64,10.0,68.98,30,38.98,Cash,Processing
ORD02964,CUST0458,PROD069,LED Car Lights Kit,Automotive,South,2022-03-17,1,31.84,10.0,28.65,14,14.65,Cash,Delivered
ORD02965,CUST0051,PROD051,Premium Coffee Beans 1kg,Food & Beverage,East,2023-04-12,5,28.91,0.0,144.54,50,94.54,PayPal,Delivered
ORD02966,CUST0054,PROD014,Wool Winter Coat,Clothing,West,2022-06-24,5,192.57,15.0,818.42,375,443.42,Cash,Delivered
ORD02967,CUST0407,PROD056,Dark Chocolate Bar 72%,Food & Beverage,South,2023-08-12,2,12.36,5.0,23.49,8,15.49,PayPal,Shipped
ORD02968,CUST0247,PROD060,Collagen Powder 300g,Food & Beverage,North,2024-11-19,5,43.18,20.0,172.71,80,92.71,Cash,Shipped
ORD02969,CUST0338,PROD019,Running Shorts,Clothing,West,2024-01-30,4,39.23,0.0,156.94,60,96.94,Bank Transfer,Delivered
ORD02970,CUST0026,PROD055,Olive Oil Extra Virgin,Food & Beverage,South,2023-12-15,5,25.91,10.0,116.59,45,71.59,Credit Card,Processing
ORD02971,CUST0146,PROD061,Car Dash Cam 4K,Automotive,West,2022-04-16,2,91.94,5.0,174.69,84,90.69,Cash,Delivered
ORD02972,CUST0488,PROD035,Running Shoes Pro,Sports,East,2022-06-01,2,123.82,10.0,222.88,110,112.88,Debit Card,Shipped
ORD02973,CUST0319,PROD064,Seat Covers Set,Automotive,West,2024-07-14,1,78.4,0.0,78.4,32,46.4,Cash,Delivered
ORD02974,CUST0178,PROD044,Marketing Strategy,Books,East,2023-06-22,3,40.36,20.0,96.87,30,66.87,PayPal,Processing
ORD02975,CUST0471,PROD013,Casual Sneakers,Clothing,Central,2023-02-27,4,94.93,20.0,303.78,160,143.78,Debit Card,Delivered
ORD02976,CUST0429,PROD002,Wireless Headphones,Electronics,East,2024-03-12,5,183.27,0.0,916.36,400,516.36,Debit Card,Shipped
ORD02977,CUST0324,PROD007,Mechanical Keyboard,Electronics,West,2023-03-06,5,129.07,20.0,516.29,260,256.29,Bank Transfer,Processing
ORD02978,CUST0160,PROD040,Water Bottle 1L,Sports,North,2022-08-22,1,22.34,10.0,20.11,8,12.11,Bank Transfer,Processing
ORD02979,CUST0222,PROD029,Throw Blanket Soft,Home & Garden,West,2022-06-13,3,59.9,0.0,179.69,60,119.69,Cash,Delivered
ORD02980,CUST0024,PROD008,Webcam HD 1080p,Electronics,North,2022-02-16,5,71.16,20.0,284.65,125,159.65,Cash,Shipped
ORD02981,CUST0078,PROD068,Car Air Freshener x5,Automotive,South,2022-12-08,1,14.84,10.0,13.35,5,8.35,Credit Card,Delivered
ORD02982,CUST0127,PROD044,Marketing Strategy,Books,North,2022-10-30,5,40.75,5.0,193.55,50,143.55,Cash,Delivered
ORD02983,CUST0219,PROD039,Pull-Up Bar,Sports,West,2024-02-05,1,56.41,15.0,47.95,22,25.95,PayPal,Shipped
ORD02984,CUST0458,PROD061,Car Dash Cam 4K,Automotive,South,2022-02-12,4,108.13,0.0,432.53,168,264.53,PayPal,Delivered
ORD02985,CUST0154,PROD024,Electric Kettle 1.7L,Home & Garden,North,2024-03-19,1,51.41,0.0,51.41,18,33.41,Credit Card,Delivered
ORD02986,CUST0024,PROD007,Mechanical Keyboard,Electronics,North,2022-06-13,1,122.51,20.0,98.01,52,46.01,Cash,Delivered
ORD02987,CUST0089,PROD052,Organic Green Tea 100g,Food & Beverage,South,2024-08-29,3,16.68,20.0,40.04,15,25.04,PayPal,Delivered
ORD02988,CUST0289,PROD068,Car Air Freshener x5,Automotive,Central,2023-05-14,4,13.63,0.0,54.51,20,34.51,Cash,Delivered
ORD02989,CUST0136,PROD015,Sport T-Shirt,Clothing,East,2024-12-31,1,37.49,15.0,31.87,12,19.87,Credit Card,Delivered
ORD02990,CUST0425,PROD061,Car Dash Cam 4K,Automotive,South,2023-11-03,1,106.51,0.0,106.51,42,64.51,Debit Card,Shipped
ORD02991,CUST0184,PROD049,Entrepreneurship Now,Books,West,2023-02-28,4,32.9,0.0,131.61,36,95.61,Cash,Delivered
ORD02992,CUST0080,PROD039,Pull-Up Bar,Sports,North,2024-02-16,4,51.04,5.0,193.95,88,105.95,Credit Card,Delivered
ORD02993,CUST0241,PROD034,Cycling Helmet,Sports,East,2023-12-16,5,82.49,5.0,391.81,160,231.81,Cash,Delivered
ORD02994,CUST0443,PROD011,Classic White Shirt,Clothing,Central,2023-12-25,2,51.93,0.0,103.85,30,73.85,Credit Card,Shipped
ORD02995,CUST0071,PROD063,Car Phone Mount,Automotive,West,2023-10-21,4,22.95,15.0,78.04,36,42.04,PayPal,Delivered
ORD02996,CUST0241,PROD018,Polo Shirt Premium,Clothing,East,2023-05-20,1,66.96,20.0,53.57,22,31.57,Bank Transfer,Processing
ORD02997,CUST0184,PROD033,Dumbbell Set 20kg,Sports,West,2023-05-06,5,88.77,0.0,443.87,210,233.87,PayPal,Delivered
ORD02998,CUST0363,PROD014,Wool Winter Coat,Clothing,North,2022-08-25,1,184.46,0.0,184.46,75,109.46,Bank Transfer,Returned
ORD02999,CUST0025,PROD069,LED Car Lights Kit,Automotive,South,2022-03-29,2,37.37,0.0,74.74,28,46.74,Bank Transfer,Delivered
ORD03000,CUST0069,PROD060,Collagen Powder 300g,Food & Beverage,Central,2024-07-24,1,48.2,10.0,43.38,16,27.38,Cash,Delivered
ORD03001,CUST0451,PROD005,"4K Monitor 27""",Electronics,West,2024-02-14,4,405.42,0.0,1621.69,880,741.69,PayPal,Delivered
ORD03002,CUST0230,PROD057,Granola Bars x12,Food & Beverage,West,2022-06-18,4,23.35,0.0,93.41,28,65.41,Credit Card,Processing
ORD03003,CUST0410,PROD001,Laptop Pro 15,Electronics,South,2024-04-24,1,1088.39,0.0,1088.39,750,338.39,Cash,Returned
ORD03004,CUST0202,PROD017,Formal Trousers,Clothing,South,2024-08-03,3,91.4,0.0,274.19,105,169.19,PayPal,Delivered
ORD03005,CUST0500,PROD040,Water Bottle 1L,Sports,South,2023-09-06,4,23.44,0.0,93.78,32,61.78,PayPal,Returned
ORD03006,CUST0069,PROD003,Smart Watch Ultra,Electronics,Central,2022-03-18,2,360.82,10.0,649.47,280,369.47,Credit Card,Delivered
ORD03007,CUST0446,PROD034,Cycling Helmet,Sports,South,2023-03-15,1,75.27,5.0,71.51,32,39.51,Bank Transfer,Delivered
ORD03008,CUST0187,PROD010,External SSD 1TB,Electronics,West,2022-10-03,5,160.1,0.0,800.48,325,475.48,PayPal,Shipped
ORD03009,CUST0113,PROD048,SQL Mastery,Books,Central,2024-07-17,1,42.24,10.0,38.02,11,27.02,Debit Card,Delivered
ORD03010,CUST0346,PROD009,USB-C Hub 7-in-1,Electronics,South,2023-03-09,1,59.89,10.0,53.9,20,33.9,Credit Card,Delivered
ORD03011,CUST0455,PROD006,Gaming Mouse,Electronics,North,2024-04-03,3,82.08,20.0,197.0,84,113.0,Cash,Shipped
ORD03012,CUST0484,PROD020,Knit Sweater,Clothing,North,2022-01-08,5,70.11,10.0,315.47,150,165.47,Cash,Processing
ORD03013,CUST0390,PROD046,Finance for Managers,Books,South,2023-07-24,5,48.09,20.0,192.35,65,127.35,PayPal,Cancelled
ORD03014,CUST0317,PROD032,Resistance Bands Set,Sports,North,2023-12-20,1,31.06,0.0,31.06,10,21.06,PayPal,Delivered
ORD03015,CUST0403,PROD066,Car Vacuum Cleaner,Automotive,South,2024-07-18,2,58.8,0.0,117.61,44,73.61,Bank Transfer,Delivered
ORD03016,CUST0144,PROD010,External SSD 1TB,Electronics,West,2023-02-07,1,153.23,5.0,145.56,65,80.56,Cash,Returned
ORD03017,CUST0387,PROD044,Marketing Strategy,Books,Central,2022-09-03,1,39.96,20.0,31.97,10,21.97,PayPal,Processing
ORD03018,CUST0069,PROD008,Webcam HD 1080p,Electronics,Central,2022-03-13,2,66.31,0.0,132.62,50,82.62,Cash,Delivered
ORD03019,CUST0049,PROD013,Casual Sneakers,Clothing,North,2024-12-06,1,95.14,0.0,95.14,40,55.14,Cash,Delivered
ORD03020,CUST0108,PROD020,Knit Sweater,Clothing,West,2024-01-06,5,70.84,0.0,354.18,150,204.18,Debit Card,Delivered
ORD03021,CUST0350,PROD059,Energy Drink Pack x24,Food & Beverage,West,2024-08-30,4,31.6,0.0,126.39,48,78.39,Credit Card,Delivered
ORD03022,CUST0263,PROD035,Running Shoes Pro,Sports,West,2022-01-18,5,116.42,0.0,582.11,275,307.11,PayPal,Delivered
ORD03023,CUST0037,PROD052,Organic Green Tea 100g,Food & Beverage,South,2024-05-08,1,16.87,0.0,16.87,5,11.87,Bank Transfer,Delivered
ORD03024,CUST0213,PROD046,Finance for Managers,Books,East,2023-06-26,2,52.51,0.0,105.02,26,79.02,Credit Card,Shipped
ORD03025,CUST0461,PROD015,Sport T-Shirt,Clothing,Central,2022-12-15,2,37.76,10.0,67.97,24,43.97,Credit Card,Shipped
ORD03026,CUST0028,PROD032,Resistance Bands Set,Sports,South,2023-12-31,4,28.78,0.0,115.11,40,75.11,PayPal,Processing
ORD03027,CUST0282,PROD042,Python Programming,Books,West,2022-05-16,1,50.12,15.0,42.6,15,27.6,Bank Transfer,Shipped
ORD03028,CUST0497,PROD050,Digital Marketing,Books,North,2023-07-12,1,40.52,0.0,40.52,11,29.52,PayPal,Delivered
ORD03029,CUST0069,PROD019,Running Shorts,Clothing,Central,2023-05-07,5,43.2,0.0,216.02,75,141.02,Cash,Delivered
ORD03030,CUST0264,PROD054,Mixed Nuts 500g,Food & Beverage,East,2023-09-26,1,26.18,0.0,26.18,8,18.18,Debit Card,Processing
ORD03031,CUST0397,PROD017,Formal Trousers,Clothing,South,2024-08-11,1,90.56,15.0,76.97,35,41.97,Cash,Delivered
ORD03032,CUST0151,PROD055,Olive Oil Extra Virgin,Food & Beverage,North,2024-03-09,3,30.05,10.0,81.13,27,54.13,Bank Transfer,Delivered
ORD03033,CUST0207,PROD065,Jump Starter Pack,Automotive,Central,2022-12-30,3,81.49,5.0,232.25,114,118.25,PayPal,Processing
ORD03034,CUST0128,PROD024,Electric Kettle 1.7L,Home & Garden,West,2023-01-15,3,44.24,20.0,106.17,54,52.17,Debit Card,Delivered
ORD03035,CUST0096,PROD059,Energy Drink Pack x24,Food & Beverage,West,2022-07-24,1,35.23,10.0,31.71,12,19.71,Credit Card,Delivered
ORD03036,CUST0260,PROD015,Sport T-Shirt,Clothing,West,2023-09-18,4,35.18,0.0,140.72,48,92.72,Bank Transfer,Delivered
ORD03037,CUST0144,PROD020,Knit Sweater,Clothing,West,2024-08-30,1,69.74,5.0,66.25,30,36.25,Bank Transfer,Shipped
ORD03038,CUST0476,PROD053,Protein Powder Vanilla,Food & Beverage,South,2022-12-14,1,59.78,0.0,59.78,20,39.78,Credit Card,Delivered
ORD03039,CUST0413,PROD062,Tire Inflator Auto,Automotive,Central,2023-11-18,2,44.02,20.0,70.43,36,34.43,Bank Transfer,Shipped
ORD03040,CUST0273,PROD007,Mechanical Keyboard,Electronics,South,2022-05-24,5,125.4,5.0,595.64,260,335.64,Cash,Delivered
ORD03041,CUST0169,PROD010,External SSD 1TB,Electronics,South,2022-01-21,3,147.95,10.0,399.47,195,204.47,PayPal,Delivered
ORD03042,CUST0016,PROD004,Bluetooth Speaker,Electronics,West,2022-07-16,4,84.43,0.0,337.73,140,197.73,Cash,Returned
ORD03043,CUST0047,PROD034,Cycling Helmet,Sports,East,2022-02-23,4,74.52,5.0,283.16,128,155.16,Credit Card,Delivered
ORD03044,CUST0274,PROD036,Gym Gloves,Sports,Central,2022-03-12,4,23.36,0.0,93.43,36,57.43,Credit Card,Delivered
ORD03045,CUST0254,PROD023,Coffee Maker Deluxe,Home & Garden,Central,2024-02-19,5,117.16,10.0,527.24,260,267.24,Bank Transfer,Cancelled
ORD03046,CUST0106,PROD059,Energy Drink Pack x24,Food & Beverage,Central,2024-03-09,4,32.5,0.0,129.99,48,81.99,Credit Card,Processing
ORD03047,CUST0369,PROD016,Leather Belt,Clothing,East,2023-06-04,3,48.33,15.0,123.24,54,69.24,PayPal,Shipped
ORD03048,CUST0378,PROD027,LED Desk Lamp,Home & Garden,South,2022-08-18,4,41.5,0.0,165.99,72,93.99,Cash,Processing
ORD03049,CUST0034,PROD052,Organic Green Tea 100g,Food & Beverage,South,2022-05-21,4,19.2,5.0,72.97,20,52.97,PayPal,Delivered
ORD03050,CUST0376,PROD055,Olive Oil Extra Virgin,Food & Beverage,North,2024-04-13,1,30.71,0.0,30.71,9,21.71,Debit Card,Processing
ORD03051,CUST0243,PROD016,Leather Belt,Clothing,West,2023-08-24,2,42.15,0.0,84.31,36,48.31,Credit Card,Shipped
ORD03052,CUST0344,PROD034,Cycling Helmet,Sports,North,2022-02-01,2,76.51,0.0,153.02,64,89.02,Cash,Delivered
ORD03053,CUST0293,PROD018,Polo Shirt Premium,Clothing,South,2022-06-18,2,70.91,15.0,120.54,44,76.54,Credit Card,Delivered
ORD03054,CUST0253,PROD031,Yoga Mat Premium,Sports,South,2023-09-17,4,47.68,5.0,181.19,72,109.19,Debit Card,Delivered
ORD03055,CUST0288,PROD049,Entrepreneurship Now,Books,South,2022-02-16,2,37.26,5.0,70.79,18,52.79,PayPal,Delivered
ORD03056,CUST0149,PROD044,Marketing Strategy,Books,Central,2023-04-06,2,37.77,0.0,75.55,20,55.55,Bank Transfer,Shipped
ORD03057,CUST0197,PROD036,Gym Gloves,Sports,Central,2023-09-07,5,22.62,15.0,96.14,45,51.14,Debit Card,Delivered
ORD03058,CUST0353,PROD006,Gaming Mouse,Electronics,West,2023-12-08,3,80.33,0.0,241.0,84,157.0,Credit Card,Delivered
ORD03059,CUST0369,PROD004,Bluetooth Speaker,Electronics,East,2022-09-27,1,81.99,15.0,69.69,35,34.69,Credit Card,Delivered
ORD03060,CUST0101,PROD016,Leather Belt,Clothing,South,2022-07-06,2,47.75,10.0,85.95,36,49.95,Bank Transfer,Returned
ORD03061,CUST0286,PROD030,Garden Hose 50ft,Home & Garden,North,2023-08-08,5,68.93,5.0,327.42,140,187.42,PayPal,Delivered
ORD03062,CUST0428,PROD010,External SSD 1TB,Electronics,Central,2024-05-26,5,154.2,0.0,771.0,325,446.0,Debit Card,Delivered
ORD03063,CUST0469,PROD014,Wool Winter Coat,Clothing,West,2022-05-01,1,189.01,0.0,189.01,75,114.01,PayPal,Delivered
ORD03064,CUST0219,PROD022,Air Purifier Pro,Home & Garden,West,2022-02-18,5,261.41,5.0,1241.7,550,691.7,Cash,Returned
ORD03065,CUST0107,PROD027,LED Desk Lamp,Home & Garden,North,2022-08-13,5,40.79,0.0,203.96,90,113.96,Cash,Processing
ORD03066,CUST0041,PROD012,Denim Jeans Slim,Clothing,North,2022-09-25,1,78.01,0.0,78.01,28,50.01,Credit Card,Delivered
ORD03067,CUST0313,PROD051,Premium Coffee Beans 1kg,Food & Beverage,North,2024-12-19,2,31.32,15.0,53.24,20,33.24,Debit Card,Processing
ORD03068,CUST0127,PROD050,Digital Marketing,Books,North,2023-10-30,2,38.23,0.0,76.46,22,54.46,Cash,Delivered
ORD03069,CUST0450,PROD055,Olive Oil Extra Virgin,Food & Beverage,Central,2024-07-08,1,28.02,0.0,28.02,9,19.02,Debit Card,Delivered
ORD03070,CUST0455,PROD054,Mixed Nuts 500g,Food & Beverage,North,2024-12-16,4,23.13,5.0,87.89,32,55.89,Debit Card,Delivered
ORD03071,CUST0024,PROD039,Pull-Up Bar,Sports,North,2022-01-20,2,50.23,0.0,100.45,44,56.45,Debit Card,Shipped
ORD03072,CUST0462,PROD046,Finance for Managers,Books,North,2024-10-03,2,51.52,0.0,103.03,26,77.03,PayPal,Delivered
ORD03073,CUST0494,PROD066,Car Vacuum Cleaner,Automotive,West,2023-03-03,2,49.52,0.0,99.04,44,55.04,Credit Card,Delivered
ORD03074,CUST0192,PROD021,Robot Vacuum Cleaner,Home & Garden,South,2024-02-11,2,316.54,15.0,538.11,280,258.11,Bank Transfer,Delivered
ORD03075,CUST0011,PROD014,Wool Winter Coat,Clothing,East,2022-08-16,5,170.28,10.0,766.27,375,391.27,Cash,Delivered
ORD03076,CUST0309,PROD059,Energy Drink Pack x24,Food & Beverage,Central,2022-07-04,1,33.26,5.0,31.6,12,19.6,Credit Card,Delivered
ORD03077,CUST0094,PROD002,Wireless Headphones,Electronics,East,2022-07-09,4,201.7,15.0,685.76,320,365.76,Debit Card,Processing
ORD03078,CUST0413,PROD015,Sport T-Shirt,Clothing,Central,2022-10-12,4,32.91,5.0,125.06,48,77.06,Cash,Shipped
ORD03079,CUST0448,PROD056,Dark Chocolate Bar 72%,Food & Beverage,East,2024-07-30,5,10.91,0.0,54.54,20,34.54,Cash,Processing
ORD03080,CUST0310,PROD026,Plant Pot Set x3,Home & Garden,Central,2023-11-21,3,39.34,20.0,94.41,42,52.41,Credit Card,Cancelled
ORD03081,CUST0394,PROD043,Data Science Handbook,Books,South,2024-05-20,4,71.5,5.0,271.7,72,199.7,Debit Card,Delivered
ORD03082,CUST0424,PROD047,Machine Learning A-Z,Books,North,2022-02-17,5,76.55,10.0,344.47,100,244.47,Cash,Delivered
ORD03083,CUST0260,PROD018,Polo Shirt Premium,Clothing,West,2023-03-25,2,64.15,0.0,128.3,44,84.3,Debit Card,Returned
ORD03084,CUST0482,PROD066,Car Vacuum Cleaner,Automotive,East,2022-06-18,1,55.26,0.0,55.26,22,33.26,PayPal,Delivered
ORD03085,CUST0483,PROD056,Dark Chocolate Bar 72%,Food & Beverage,East,2024-01-27,3,11.59,0.0,34.77,12,22.77,Cash,Returned
ORD03086,CUST0342,PROD063,Car Phone Mount,Automotive,South,2023-09-25,2,27.36,0.0,54.73,18,36.73,PayPal,Processing
ORD03087,CUST0186,PROD051,Premium Coffee Beans 1kg,Food & Beverage,West,2022-01-25,1,31.12,0.0,31.12,10,21.12,Debit Card,Delivered
ORD03088,CUST0394,PROD058,Almond Milk 1L,Food & Beverage,South,2024-04-21,1,7.91,5.0,7.52,2,5.52,Cash,Shipped
ORD03089,CUST0144,PROD065,Jump Starter Pack,Automotive,West,2023-05-28,3,90.46,15.0,230.67,114,116.67,PayPal,Cancelled
ORD03090,CUST0122,PROD031,Yoga Mat Premium,Sports,Central,2024-06-03,4,41.83,0.0,167.34,72,95.34,Credit Card,Delivered
ORD03091,CUST0300,PROD018,Polo Shirt Premium,Clothing,East,2022-10-10,3,69.96,15.0,178.39,66,112.39,Credit Card,Processing
ORD03092,CUST0297,PROD006,Gaming Mouse,Electronics,East,2022-07-07,5,73.5,0.0,367.52,140,227.52,Debit Card,Delivered
ORD03093,CUST0159,PROD027,LED Desk Lamp,Home & Garden,East,2023-08-15,1,41.84,5.0,39.75,18,21.75,Debit Card,Delivered
ORD03094,CUST0492,PROD028,Storage Ottoman,Home & Garden,North,2023-12-11,5,80.81,5.0,383.84,160,223.84,PayPal,Shipped
ORD03095,CUST0276,PROD023,Coffee Maker Deluxe,Home & Garden,North,2022-10-06,4,121.97,0.0,487.87,208,279.87,Debit Card,Delivered
ORD03096,CUST0046,PROD002,Wireless Headphones,Electronics,East,2022-11-24,2,192.81,5.0,366.34,160,206.34,Credit Card,Delivered
ORD03097,CUST0499,PROD069,LED Car Lights Kit,Automotive,Central,2022-06-28,2,35.84,20.0,57.34,28,29.34,Cash,Returned
ORD03098,CUST0174,PROD063,Car Phone Mount,Automotive,Central,2023-11-11,1,25.24,15.0,21.46,9,12.46,Bank Transfer,Cancelled
ORD03099,CUST0339,PROD049,Entrepreneurship Now,Books,North,2022-12-28,3,34.89,0.0,104.67,27,77.67,PayPal,Shipped
ORD03100,CUST0462,PROD018,Polo Shirt Premium,Clothing,North,2024-03-25,1,69.98,0.0,69.98,22,47.98,Bank Transfer,Shipped
ORD03101,CUST0064,PROD010,External SSD 1TB,Electronics,West,2023-03-25,1,141.98,5.0,134.88,65,69.88,Credit Card,Delivered
ORD03102,CUST0194,PROD053,Protein Powder Vanilla,Food & Beverage,Central,2022-09-19,5,52.17,0.0,260.83,100,160.83,Bank Transfer,Delivered
ORD03103,CUST0132,PROD066,Car Vacuum Cleaner,Automotive,West,2022-07-03,2,51.71,0.0,103.41,44,59.41,Cash,Shipped
ORD03104,CUST0313,PROD054,Mixed Nuts 500g,Food & Beverage,North,2024-05-24,1,23.28,0.0,23.28,8,15.28,Credit Card,Shipped
ORD03105,CUST0497,PROD036,Gym Gloves,Sports,North,2023-06-26,5,26.08,0.0,130.38,45,85.38,Bank Transfer,Shipped
ORD03106,CUST0090,PROD061,Car Dash Cam 4K,Automotive,North,2024-06-10,3,93.54,20.0,224.5,126,98.5,PayPal,Delivered
ORD03107,CUST0360,PROD062,Tire Inflator Auto,Automotive,East,2022-04-05,3,46.4,0.0,139.19,54,85.19,Bank Transfer,Delivered
ORD03108,CUST0068,PROD003,Smart Watch Ultra,Electronics,South,2023-03-25,3,340.82,0.0,1022.46,420,602.46,Credit Card,Shipped
ORD03109,CUST0381,PROD051,Premium Coffee Beans 1kg,Food & Beverage,North,2023-11-13,2,28.84,5.0,54.8,20,34.8,Debit Card,Returned
ORD03110,CUST0433,PROD057,Granola Bars x12,Food & Beverage,East,2023-09-26,4,23.52,0.0,94.08,28,66.08,Debit Card,Delivered
ORD03111,CUST0180,PROD027,LED Desk Lamp,Home & Garden,West,2024-05-13,1,44.92,5.0,42.67,18,24.67,Cash,Delivered
ORD03112,CUST0432,PROD029,Throw Blanket Soft,Home & Garden,Central,2023-10-13,1,57.74,0.0,57.74,20,37.74,Bank Transfer,Shipped
ORD03113,CUST0152,PROD019,Running Shorts,Clothing,West,2023-01-11,4,41.61,0.0,166.42,60,106.42,Cash,Delivered
ORD03114,CUST0060,PROD007,Mechanical Keyboard,Electronics,Central,2024-05-06,4,140.22,15.0,476.75,208,268.75,Bank Transfer,Returned
ORD03115,CUST0327,PROD017,Formal Trousers,Clothing,South,2022-09-24,3,97.61,10.0,263.54,105,158.54,Bank Transfer,Cancelled
ORD03116,CUST0031,PROD011,Classic White Shirt,Clothing,North,2024-04-17,5,48.43,20.0,193.73,75,118.73,PayPal,Processing
ORD03117,CUST0153,PROD059,Energy Drink Pack x24,Food & Beverage,North,2023-08-24,4,34.77,0.0,139.08,48,91.08,Debit Card,Delivered
ORD03118,CUST0464,PROD008,Webcam HD 1080p,Electronics,West,2023-03-02,3,62.31,5.0,177.58,75,102.58,Credit Card,Processing
ORD03119,CUST0441,PROD031,Yoga Mat Premium,Sports,East,2023-09-14,5,45.59,0.0,227.95,90,137.95,Debit Card,Delivered
ORD03120,CUST0479,PROD040,Water Bottle 1L,Sports,North,2023-10-04,3,23.37,0.0,70.11,24,46.11,Credit Card,Delivered
ORD03121,CUST0344,PROD063,Car Phone Mount,Automotive,North,2024-05-08,4,25.24,0.0,100.95,36,64.95,Debit Card,Delivered
ORD03122,CUST0184,PROD011,Classic White Shirt,Clothing,West,2024-06-05,3,50.03,20.0,120.06,45,75.06,PayPal,Delivered
ORD03123,CUST0318,PROD057,Granola Bars x12,Food & Beverage,East,2023-06-10,5,23.26,0.0,116.28,35,81.28,Bank Transfer,Shipped
ORD03124,CUST0332,PROD021,Robot Vacuum Cleaner,Home & Garden,West,2023-07-21,3,307.54,0.0,922.62,420,502.62,Credit Card,Delivered
ORD03125,CUST0245,PROD057,Granola Bars x12,Food & Beverage,East,2024-10-06,2,22.21,0.0,44.41,14,30.41,Cash,Delivered
ORD03126,CUST0473,PROD041,Business Analytics Guide,Books,East,2023-05-26,1,48.21,5.0,45.8,12,33.8,Debit Card,Delivered
ORD03127,CUST0404,PROD064,Seat Covers Set,Automotive,West,2023-11-22,5,83.57,10.0,376.04,160,216.04,Cash,Processing
ORD03128,CUST0025,PROD008,Webcam HD 1080p,Electronics,South,2022-05-13,5,69.23,10.0,311.54,125,186.54,Bank Transfer,Delivered
ORD03129,CUST0267,PROD059,Energy Drink Pack x24,Food & Beverage,East,2024-04-09,4,33.32,20.0,106.62,48,58.62,Credit Card,Delivered
ORD03130,CUST0364,PROD052,Organic Green Tea 100g,Food & Beverage,North,2022-07-21,1,19.77,0.0,19.77,5,14.77,Credit Card,Delivered
ORD03131,CUST0025,PROD021,Robot Vacuum Cleaner,Home & Garden,South,2024-01-30,3,280.83,15.0,716.1,420,296.1,PayPal,Delivered
ORD03132,CUST0156,PROD063,Car Phone Mount,Automotive,East,2023-01-17,2,26.82,0.0,53.63,18,35.63,Bank Transfer,Delivered
ORD03133,CUST0459,PROD046,Finance for Managers,Books,North,2024-12-17,4,43.24,0.0,172.96,52,120.96,Bank Transfer,Delivered
ORD03134,CUST0040,PROD024,Electric Kettle 1.7L,Home & Garden,East,2024-10-31,4,44.62,0.0,178.47,72,106.47,Debit Card,Delivered
ORD03135,CUST0277,PROD053,Protein Powder Vanilla,Food & Beverage,Central,2023-02-17,1,56.04,10.0,50.44,20,30.44,Cash,Shipped
ORD03136,CUST0366,PROD041,Business Analytics Guide,Books,East,2022-04-12,1,41.31,0.0,41.31,12,29.31,Credit Card,Cancelled
ORD03137,CUST0376,PROD003,Smart Watch Ultra,Electronics,North,2023-03-06,3,378.25,5.0,1078.0,420,658.0,Credit Card,Delivered
ORD03138,CUST0175,PROD044,Marketing Strategy,Books,South,2024-10-13,1,38.68,5.0,36.75,10,26.75,Cash,Delivered
ORD03139,CUST0040,PROD046,Finance for Managers,Books,East,2022-08-03,4,51.69,0.0,206.75,52,154.75,PayPal,Shipped
ORD03140,CUST0349,PROD057,Granola Bars x12,Food & Beverage,North,2022-04-15,5,20.94,10.0,94.22,35,59.22,PayPal,Processing
ORD03141,CUST0319,PROD054,Mixed Nuts 500g,Food & Beverage,West,2024-08-13,5,23.18,0.0,115.89,40,75.89,Credit Card,Shipped
ORD03142,CUST0145,PROD016,Leather Belt,Clothing,West,2022-06-07,2,49.12,0.0,98.25,36,62.25,Debit Card,Delivered
ORD03143,CUST0117,PROD022,Air Purifier Pro,Home & Garden,South,2022-12-06,1,225.23,0.0,225.23,110,115.23,Cash,Delivered
ORD03144,CUST0331,PROD004,Bluetooth Speaker,Electronics,East,2024-06-27,5,93.36,5.0,443.44,175,268.44,Debit Card,Processing
ORD03145,CUST0242,PROD037,Jump Rope Speed,Sports,East,2022-04-26,2,18.88,5.0,35.87,14,21.87,Credit Card,Delivered
ORD03146,CUST0372,PROD006,Gaming Mouse,Electronics,East,2024-11-14,1,83.41,5.0,79.24,28,51.24,Debit Card,Delivered
ORD03147,CUST0446,PROD025,Blender Pro 1000W,Home & Garden,South,2023-02-20,5,95.75,10.0,430.87,175,255.87,Bank Transfer,Delivered
ORD03148,CUST0129,PROD011,Classic White Shirt,Clothing,Central,2024-10-01,1,49.35,5.0,46.88,15,31.88,PayPal,Processing
ORD03149,CUST0184,PROD063,Car Phone Mount,Automotive,West,2022-03-24,4,26.89,10.0,96.81,36,60.81,Credit Card,Cancelled
ORD03150,CUST0096,PROD032,Resistance Bands Set,Sports,West,2022-01-15,2,30.73,10.0,55.31,20,35.31,Credit Card,Shipped
ORD03151,CUST0414,PROD001,Laptop Pro 15,Electronics,North,2024-01-21,3,1191.73,10.0,3217.66,2250,967.66,Credit Card,Delivered
ORD03152,CUST0250,PROD023,Coffee Maker Deluxe,Home & Garden,North,2023-06-11,3,121.11,20.0,290.66,156,134.66,Debit Card,Delivered
ORD03153,CUST0257,PROD064,Seat Covers Set,Automotive,South,2024-03-20,2,73.66,20.0,117.86,64,53.86,Credit Card,Delivered
ORD03154,CUST0494,PROD008,Webcam HD 1080p,Electronics,West,2022-03-19,4,70.41,20.0,225.32,100,125.32,Bank Transfer,Delivered
ORD03155,CUST0428,PROD021,Robot Vacuum Cleaner,Home & Garden,Central,2024-07-22,3,292.92,5.0,834.84,420,414.84,Credit Card,Delivered
ORD03156,CUST0264,PROD030,Garden Hose 50ft,Home & Garden,East,2024-06-25,3,59.36,10.0,160.28,84,76.28,Credit Card,Delivered
ORD03157,CUST0402,PROD058,Almond Milk 1L,Food & Beverage,West,2024-01-17,2,7.34,0.0,14.69,4,10.69,Credit Card,Processing
ORD03158,CUST0139,PROD044,Marketing Strategy,Books,South,2023-09-03,2,37.15,0.0,74.3,20,54.3,Bank Transfer,Cancelled
ORD03159,CUST0431,PROD061,Car Dash Cam 4K,Automotive,South,2023-03-22,2,96.31,20.0,154.09,84,70.09,Cash,Processing
ORD03160,CUST0003,PROD024,Electric Kettle 1.7L,Home & Garden,South,2022-11-17,3,52.42,15.0,133.66,54,79.66,Credit Card,Shipped
ORD03161,CUST0435,PROD029,Throw Blanket Soft,Home & Garden,North,2023-03-31,5,51.01,10.0,229.53,100,129.53,PayPal,Delivered
ORD03162,CUST0054,PROD048,SQL Mastery,Books,West,2023-03-28,1,37.89,0.0,37.89,11,26.89,Bank Transfer,Shipped
ORD03163,CUST0299,PROD008,Webcam HD 1080p,Electronics,East,2022-06-02,1,66.47,0.0,66.47,25,41.47,Credit Card,Delivered
ORD03164,CUST0302,PROD050,Digital Marketing,Books,West,2024-01-25,1,39.02,15.0,33.16,11,22.16,PayPal,Processing
ORD03165,CUST0280,PROD001,Laptop Pro 15,Electronics,North,2024-03-05,3,1177.03,20.0,2824.87,2250,574.87,Debit Card,Delivered
ORD03166,CUST0417,PROD037,Jump Rope Speed,Sports,North,2023-11-07,2,18.28,0.0,36.55,14,22.55,Credit Card,Delivered
ORD03167,CUST0377,PROD048,SQL Mastery,Books,North,2022-02-04,1,45.2,0.0,45.2,11,34.2,Bank Transfer,Delivered
ORD03168,CUST0106,PROD053,Protein Powder Vanilla,Food & Beverage,Central,2022-11-15,4,55.06,20.0,176.2,80,96.2,Cash,Processing
ORD03169,CUST0492,PROD029,Throw Blanket Soft,Home & Garden,North,2022-09-08,3,54.7,10.0,147.68,60,87.68,PayPal,Delivered
ORD03170,CUST0440,PROD039,Pull-Up Bar,Sports,North,2022-08-16,2,55.51,0.0,111.01,44,67.01,Bank Transfer,Cancelled
ORD03171,CUST0500,PROD024,Electric Kettle 1.7L,Home & Garden,South,2023-11-06,1,45.41,10.0,40.87,18,22.87,PayPal,Processing
ORD03172,CUST0103,PROD029,Throw Blanket Soft,Home & Garden,West,2024-10-16,5,50.58,0.0,252.92,100,152.92,PayPal,Delivered
ORD03173,CUST0335,PROD070,Car Wax Premium,Automotive,Central,2022-04-04,5,27.79,0.0,138.93,50,88.93,Bank Transfer,Delivered
ORD03174,CUST0160,PROD045,Leadership Principles,Books,North,2023-08-29,3,31.58,15.0,80.54,24,56.54,PayPal,Processing
ORD03175,CUST0146,PROD049,Entrepreneurship Now,Books,West,2024-05-15,4,35.77,0.0,143.09,36,107.09,PayPal,Delivered
ORD03176,CUST0378,PROD056,Dark Chocolate Bar 72%,Food & Beverage,South,2022-07-28,1,11.91,0.0,11.91,4,7.91,Cash,Delivered
ORD03177,CUST0087,PROD018,Polo Shirt Premium,Clothing,North,2024-01-11,4,68.97,20.0,220.71,88,132.71,Bank Transfer,Delivered
ORD03178,CUST0204,PROD025,Blender Pro 1000W,Home & Garden,South,2023-04-16,4,91.93,0.0,367.72,140,227.72,Debit Card,Delivered
ORD03179,CUST0277,PROD017,Formal Trousers,Clothing,Central,2023-10-14,3,97.52,10.0,263.31,105,158.31,Credit Card,Processing
ORD03180,CUST0448,PROD061,Car Dash Cam 4K,Automotive,East,2024-06-24,3,105.36,20.0,252.87,126,126.87,PayPal,Delivered
ORD03181,CUST0246,PROD040,Water Bottle 1L,Sports,East,2023-10-27,4,22.76,5.0,86.47,32,54.47,Credit Card,Delivered
ORD03182,CUST0444,PROD034,Cycling Helmet,Sports,North,2022-12-20,3,75.2,20.0,180.48,96,84.48,Bank Transfer,Shipped
ORD03183,CUST0050,PROD064,Seat Covers Set,Automotive,East,2024-04-04,2,85.22,0.0,170.43,64,106.43,Cash,Delivered
ORD03184,CUST0429,PROD021,Robot Vacuum Cleaner,Home & Garden,East,2023-09-07,1,295.93,5.0,281.14,140,141.14,PayPal,Delivered
ORD03185,CUST0277,PROD068,Car Air Freshener x5,Automotive,Central,2024-07-01,4,15.55,0.0,62.2,20,42.2,Bank Transfer,Cancelled
ORD03186,CUST0356,PROD059,Energy Drink Pack x24,Food & Beverage,South,2023-02-27,3,32.96,10.0,88.99,36,52.99,Bank Transfer,Delivered
ORD03187,CUST0270,PROD038,Foam Roller,Sports,West,2022-10-11,3,35.73,0.0,107.18,36,71.18,Cash,Delivered
ORD03188,CUST0416,PROD006,Gaming Mouse,Electronics,Central,2024-10-29,4,80.7,5.0,306.65,112,194.65,Credit Card,Processing
ORD03189,CUST0032,PROD018,Polo Shirt Premium,Clothing,Central,2024-11-24,5,71.42,10.0,321.38,110,211.38,Debit Card,Delivered
ORD03190,CUST0262,PROD063,Car Phone Mount,Automotive,North,2023-11-17,3,26.39,0.0,79.16,27,52.16,Credit Card,Delivered
ORD03191,CUST0457,PROD027,LED Desk Lamp,Home & Garden,Central,2022-02-22,5,48.99,10.0,220.47,90,130.47,Debit Card,Delivered
ORD03192,CUST0405,PROD012,Denim Jeans Slim,Clothing,North,2024-05-06,1,86.22,0.0,86.22,28,58.22,Cash,Cancelled
ORD03193,CUST0176,PROD035,Running Shoes Pro,Sports,West,2024-05-28,3,136.13,0.0,408.4,165,243.4,Debit Card,Shipped
ORD03194,CUST0145,PROD012,Denim Jeans Slim,Clothing,West,2023-10-21,4,78.21,15.0,265.93,112,153.93,Bank Transfer,Delivered
ORD03195,CUST0017,PROD066,Car Vacuum Cleaner,Automotive,East,2024-08-06,4,57.32,0.0,229.27,88,141.27,PayPal,Delivered
ORD03196,CUST0420,PROD018,Polo Shirt Premium,Clothing,East,2022-06-07,5,67.66,0.0,338.29,110,228.29,Debit Card,Processing
ORD03197,CUST0026,PROD055,Olive Oil Extra Virgin,Food & Beverage,South,2024-12-15,3,26.02,0.0,78.07,27,51.07,Bank Transfer,Delivered
ORD03198,CUST0145,PROD052,Organic Green Tea 100g,Food & Beverage,West,2024-04-04,2,17.84,0.0,35.68,10,25.68,Debit Card,Delivered
ORD03199,CUST0316,PROD003,Smart Watch Ultra,Electronics,Central,2022-12-27,2,379.97,0.0,759.94,280,479.94,Bank Transfer,Delivered
ORD03200,CUST0410,PROD023,Coffee Maker Deluxe,Home & Garden,South,2022-06-03,4,137.52,15.0,467.56,208,259.56,Bank Transfer,Delivered
ORD03201,CUST0112,PROD018,Polo Shirt Premium,Clothing,West,2022-09-05,4,59.89,0.0,239.54,88,151.54,Credit Card,Processing
ORD03202,CUST0089,PROD053,Protein Powder Vanilla,Food & Beverage,South,2022-11-19,5,59.21,0.0,296.07,100,196.07,Credit Card,Delivered
ORD03203,CUST0392,PROD004,Bluetooth Speaker,Electronics,South,2024-04-07,5,89.95,0.0,449.76,175,274.76,PayPal,Delivered
ORD03204,CUST0132,PROD070,Car Wax Premium,Automotive,West,2022-08-01,4,30.55,0.0,122.2,40,82.2,Debit Card,Delivered
ORD03205,CUST0186,PROD021,Robot Vacuum Cleaner,Home & Garden,West,2023-01-02,2,270.87,0.0,541.74,280,261.74,Bank Transfer,Returned
ORD03206,CUST0375,PROD052,Organic Green Tea 100g,Food & Beverage,South,2022-01-29,1,19.79,0.0,19.79,5,14.79,Debit Card,Shipped
ORD03207,CUST0259,PROD047,Machine Learning A-Z,Books,South,2023-07-05,4,76.74,0.0,306.94,80,226.94,Bank Transfer,Delivered
ORD03208,CUST0091,PROD043,Data Science Handbook,Books,Central,2022-05-27,4,64.54,20.0,206.53,72,134.53,Credit Card,Cancelled
ORD03209,CUST0144,PROD069,LED Car Lights Kit,Automotive,West,2022-06-14,4,37.97,5.0,144.27,56,88.27,Credit Card,Cancelled
ORD03210,CUST0100,PROD056,Dark Chocolate Bar 72%,Food & Beverage,Central,2022-01-23,1,11.5,0.0,11.5,4,7.5,Debit Card,Delivered
ORD03211,CUST0244,PROD059,Energy Drink Pack x24,Food & Beverage,Central,2024-07-28,2,33.28,0.0,66.55,24,42.55,Bank Transfer,Delivered
ORD03212,CUST0266,PROD027,LED Desk Lamp,Home & Garden,South,2022-08-20,4,41.94,0.0,167.76,72,95.76,Bank Transfer,Delivered
ORD03213,CUST0477,PROD027,LED Desk Lamp,Home & Garden,North,2023-05-10,5,40.55,0.0,202.74,90,112.74,Cash,Delivered
ORD03214,CUST0359,PROD044,Marketing Strategy,Books,South,2024-03-25,3,36.18,0.0,108.53,30,78.53,PayPal,Shipped
ORD03215,CUST0454,PROD070,Car Wax Premium,Automotive,North,2023-10-28,1,29.11,0.0,29.11,10,19.11,Cash,Delivered
ORD03216,CUST0317,PROD031,Yoga Mat Premium,Sports,North,2024-08-04,2,49.42,5.0,93.9,36,57.9,Debit Card,Delivered
ORD03217,CUST0094,PROD067,Steering Wheel Cover,Automotive,East,2022-06-28,2,31.29,0.0,62.58,22,40.58,Bank Transfer,Delivered
ORD03218,CUST0278,PROD010,External SSD 1TB,Electronics,West,2022-04-08,3,163.15,10.0,440.51,195,245.51,Bank Transfer,Delivered
ORD03219,CUST0141,PROD008,Webcam HD 1080p,Electronics,East,2024-05-31,4,68.35,15.0,232.37,100,132.37,PayPal,Processing
ORD03220,CUST0116,PROD034,Cycling Helmet,Sports,West,2024-07-18,2,79.84,0.0,159.67,64,95.67,PayPal,Returned
ORD03221,CUST0229,PROD022,Air Purifier Pro,Home & Garden,West,2024-09-28,3,255.15,15.0,650.62,330,320.62,Cash,Delivered
ORD03222,CUST0361,PROD023,Coffee Maker Deluxe,Home & Garden,North,2024-07-16,1,129.15,10.0,116.23,52,64.23,Bank Transfer,Delivered
ORD03223,CUST0008,PROD060,Collagen Powder 300g,Food & Beverage,East,2022-01-06,4,47.23,0.0,188.93,64,124.93,Bank Transfer,Processing
ORD03224,CUST0459,PROD035,Running Shoes Pro,Sports,North,2022-02-14,2,117.25,0.0,234.5,110,124.5,Credit Card,Delivered
ORD03225,CUST0226,PROD029,Throw Blanket Soft,Home & Garden,South,2022-12-18,5,50.01,0.0,250.06,100,150.06,Credit Card,Cancelled
ORD03226,CUST0449,PROD045,Leadership Principles,Books,North,2023-09-05,2,32.77,0.0,65.53,16,49.53,PayPal,Delivered
ORD03227,CUST0261,PROD056,Dark Chocolate Bar 72%,Food & Beverage,Central,2022-03-12,5,11.34,0.0,56.7,20,36.7,PayPal,Returned
ORD03228,CUST0462,PROD016,Leather Belt,Clothing,North,2023-05-22,2,42.06,0.0,84.12,36,48.12,Debit Card,Delivered
ORD03229,CUST0253,PROD055,Olive Oil Extra Virgin,Food & Beverage,South,2022-03-25,2,29.73,15.0,50.55,18,32.55,PayPal,Delivered
ORD03230,CUST0018,PROD033,Dumbbell Set 20kg,Sports,Central,2022-05-02,1,91.1,15.0,77.44,42,35.44,Debit Card,Returned
ORD03231,CUST0058,PROD054,Mixed Nuts 500g,Food & Beverage,North,2023-08-04,3,25.42,15.0,64.83,24,40.83,Credit Card,Delivered
ORD03232,CUST0213,PROD002,Wireless Headphones,Electronics,East,2024-04-09,5,199.17,10.0,896.27,400,496.27,Cash,Delivered
ORD03233,CUST0116,PROD012,Denim Jeans Slim,Clothing,West,2023-03-03,5,74.16,20.0,296.64,140,156.64,Debit Card,Delivered
ORD03234,CUST0050,PROD024,Electric Kettle 1.7L,Home & Garden,East,2022-11-29,3,52.43,5.0,149.42,54,95.42,Debit Card,Delivered
ORD03235,CUST0168,PROD005,"4K Monitor 27""",Electronics,North,2022-09-28,1,478.07,0.0,478.07,220,258.07,PayPal,Delivered
ORD03236,CUST0168,PROD028,Storage Ottoman,Home & Garden,North,2023-04-18,1,69.39,20.0,55.52,32,23.52,PayPal,Processing
ORD03237,CUST0355,PROD069,LED Car Lights Kit,Automotive,East,2022-07-05,2,37.66,0.0,75.32,28,47.32,Bank Transfer,Processing
ORD03238,CUST0155,PROD031,Yoga Mat Premium,Sports,North,2024-03-15,3,48.67,10.0,131.41,54,77.41,Cash,Shipped
ORD03239,CUST0372,PROD055,Olive Oil Extra Virgin,Food & Beverage,East,2022-04-26,1,26.0,5.0,24.7,9,15.7,Bank Transfer,Delivered
ORD03240,CUST0013,PROD009,USB-C Hub 7-in-1,Electronics,West,2024-09-12,4,56.75,0.0,226.98,80,146.98,PayPal,Delivered
ORD03241,CUST0312,PROD036,Gym Gloves,Sports,South,2022-01-31,4,23.41,20.0,74.92,36,38.92,PayPal,Shipped
ORD03242,CUST0227,PROD063,Car Phone Mount,Automotive,South,2023-02-21,4,24.21,20.0,77.47,36,41.47,Credit Card,Delivered
ORD03243,CUST0097,PROD038,Foam Roller,Sports,North,2023-01-06,4,34.62,15.0,117.72,48,69.72,Debit Card,Delivered
ORD03244,CUST0259,PROD046,Finance for Managers,Books,South,2024-02-02,2,50.14,0.0,100.27,26,74.27,Bank Transfer,Cancelled
ORD03245,CUST0218,PROD042,Python Programming,Books,North,2023-07-16,4,53.0,15.0,180.21,60,120.21,Cash,Shipped
ORD03246,CUST0486,PROD068,Car Air Freshener x5,Automotive,Central,2024-03-27,3,14.65,0.0,43.95,15,28.95,Credit Card,Cancelled
ORD03247,CUST0317,PROD057,Granola Bars x12,Food & Beverage,North,2024-05-21,1,21.77,20.0,17.42,7,10.42,Debit Card,Delivered
ORD03248,CUST0300,PROD037,Jump Rope Speed,Sports,East,2022-11-21,5,20.53,0.0,102.65,35,67.65,Debit Card,Delivered
ORD03249,CUST0094,PROD041,Business Analytics Guide,Books,East,2023-01-27,2,46.85,0.0,93.69,24,69.69,PayPal,Shipped
ORD03250,CUST0454,PROD029,Throw Blanket Soft,Home & Garden,North,2023-11-11,3,49.61,0.0,148.83,60,88.83,PayPal,Delivered
ORD03251,CUST0392,PROD042,Python Programming,Books,South,2022-10-13,1,55.9,0.0,55.9,15,40.9,PayPal,Delivered
ORD03252,CUST0228,PROD063,Car Phone Mount,Automotive,Central,2022-04-12,5,26.76,5.0,127.09,45,82.09,Cash,Delivered
ORD03253,CUST0326,PROD024,Electric Kettle 1.7L,Home & Garden,North,2022-10-14,3,48.67,0.0,146.0,54,92.0,PayPal,Shipped
ORD03254,CUST0276,PROD055,Olive Oil Extra Virgin,Food & Beverage,North,2023-05-30,2,26.06,0.0,52.12,18,34.12,Cash,Delivered
ORD03255,CUST0279,PROD024,Electric Kettle 1.7L,Home & Garden,West,2023-06-05,3,50.96,10.0,137.6,54,83.6,Credit Card,Delivered
ORD03256,CUST0346,PROD070,Car Wax Premium,Automotive,South,2022-01-16,3,29.52,5.0,84.14,30,54.14,Bank Transfer,Delivered
ORD03257,CUST0419,PROD007,Mechanical Keyboard,Electronics,East,2024-10-06,4,137.5,0.0,550.01,208,342.01,Debit Card,Cancelled
ORD03258,CUST0325,PROD026,Plant Pot Set x3,Home & Garden,Central,2022-12-15,5,39.7,10.0,178.64,70,108.64,Bank Transfer,Delivered
ORD03259,CUST0449,PROD057,Granola Bars x12,Food & Beverage,North,2024-01-04,5,23.95,0.0,119.74,35,84.74,PayPal,Delivered
ORD03260,CUST0382,PROD069,LED Car Lights Kit,Automotive,Central,2023-08-17,4,33.42,10.0,120.33,56,64.33,PayPal,Shipped
ORD03261,CUST0319,PROD051,Premium Coffee Beans 1kg,Food & Beverage,West,2024-01-06,5,32.19,20.0,128.78,50,78.78,Cash,Delivered
ORD03262,CUST0435,PROD036,Gym Gloves,Sports,North,2023-10-19,4,26.05,5.0,99.0,36,63.0,Debit Card,Delivered
ORD03263,CUST0230,PROD007,Mechanical Keyboard,Electronics,West,2022-12-19,1,135.18,0.0,135.18,52,83.18,Bank Transfer,Delivered
ORD03264,CUST0103,PROD048,SQL Mastery,Books,West,2022-12-11,3,40.36,0.0,121.09,33,88.09,PayPal,Shipped
ORD03265,CUST0289,PROD067,Steering Wheel Cover,Automotive,Central,2022-06-14,5,28.37,10.0,127.68,55,72.68,Debit Card,Delivered
ORD03266,CUST0420,PROD026,Plant Pot Set x3,Home & Garden,East,2023-12-19,1,40.99,10.0,36.89,14,22.89,Debit Card,Delivered
ORD03267,CUST0493,PROD054,Mixed Nuts 500g,Food & Beverage,North,2024-04-10,2,25.23,0.0,50.47,16,34.47,Bank Transfer,Delivered
ORD03268,CUST0428,PROD019,Running Shorts,Clothing,Central,2024-04-22,2,42.75,0.0,85.49,30,55.49,Debit Card,Shipped
ORD03269,CUST0348,PROD036,Gym Gloves,Sports,South,2022-07-05,2,26.46,0.0,52.93,18,34.93,PayPal,Delivered
ORD03270,CUST0371,PROD036,Gym Gloves,Sports,North,2022-12-25,5,22.56,0.0,112.79,45,67.79,Cash,Shipped
ORD03271,CUST0134,PROD051,Premium Coffee Beans 1kg,Food & Beverage,Central,2024-05-05,4,29.89,15.0,101.62,40,61.62,Bank Transfer,Delivered
ORD03272,CUST0006,PROD004,Bluetooth Speaker,Electronics,West,2024-04-19,4,80.1,20.0,256.33,140,116.33,PayPal,Processing
ORD03273,CUST0493,PROD069,LED Car Lights Kit,Automotive,North,2022-04-18,5,34.03,0.0,170.15,70,100.15,Debit Card,Delivered
ORD03274,CUST0497,PROD036,Gym Gloves,Sports,North,2023-08-07,1,22.59,0.0,22.59,9,13.59,Cash,Delivered
ORD03275,CUST0102,PROD004,Bluetooth Speaker,Electronics,West,2022-06-22,5,84.01,0.0,420.04,175,245.04,Debit Card,Delivered
ORD03276,CUST0167,PROD037,Jump Rope Speed,Sports,East,2022-12-30,2,17.71,20.0,28.33,14,14.33,Bank Transfer,Delivered
ORD03277,CUST0450,PROD053,Protein Powder Vanilla,Food & Beverage,Central,2023-04-01,4,58.87,15.0,200.17,80,120.17,Credit Card,Delivered
ORD03278,CUST0342,PROD060,Collagen Powder 300g,Food & Beverage,South,2022-02-13,5,41.79,5.0,198.51,80,118.51,Credit Card,Delivered
ORD03279,CUST0095,PROD027,LED Desk Lamp,Home & Garden,Central,2023-07-30,4,41.5,15.0,141.09,72,69.09,Bank Transfer,Processing
ORD03280,CUST0054,PROD059,Energy Drink Pack x24,Food & Beverage,West,2022-04-23,4,38.33,20.0,122.65,48,74.65,Debit Card,Delivered
ORD03281,CUST0331,PROD024,Electric Kettle 1.7L,Home & Garden,East,2023-03-24,5,51.09,0.0,255.45,90,165.45,Credit Card,Delivered
ORD03282,CUST0165,PROD053,Protein Powder Vanilla,Food & Beverage,East,2023-10-29,2,54.59,0.0,109.19,40,69.19,PayPal,Delivered
ORD03283,CUST0292,PROD059,Energy Drink Pack x24,Food & Beverage,South,2024-06-29,4,36.11,20.0,115.56,48,67.56,Debit Card,Shipped
ORD03284,CUST0091,PROD006,Gaming Mouse,Electronics,Central,2023-02-26,2,83.53,0.0,167.05,56,111.05,Credit Card,Shipped
ORD03285,CUST0448,PROD063,Car Phone Mount,Automotive,East,2023-06-15,3,26.06,5.0,74.28,27,47.28,PayPal,Delivered
ORD03286,CUST0399,PROD033,Dumbbell Set 20kg,Sports,West,2023-02-14,1,87.03,0.0,87.03,42,45.03,PayPal,Delivered
ORD03287,CUST0490,PROD049,Entrepreneurship Now,Books,South,2023-02-07,4,33.69,5.0,128.01,36,92.01,Bank Transfer,Delivered
ORD03288,CUST0418,PROD055,Olive Oil Extra Virgin,Food & Beverage,South,2024-09-03,4,30.21,20.0,96.67,36,60.67,Credit Card,Delivered
ORD03289,CUST0385,PROD020,Knit Sweater,Clothing,North,2023-03-03,3,76.57,0.0,229.7,90,139.7,Cash,Returned
ORD03290,CUST0315,PROD060,Collagen Powder 300g,Food & Beverage,South,2023-07-23,4,47.78,5.0,181.56,64,117.56,PayPal,Cancelled
ORD03291,CUST0496,PROD004,Bluetooth Speaker,Electronics,South,2022-07-24,5,89.9,0.0,449.49,175,274.49,Credit Card,Processing
ORD03292,CUST0250,PROD024,Electric Kettle 1.7L,Home & Garden,North,2024-10-09,5,50.13,0.0,250.66,90,160.66,Debit Card,Delivered
ORD03293,CUST0451,PROD014,Wool Winter Coat,Clothing,West,2023-01-10,1,203.45,0.0,203.45,75,128.45,Cash,Delivered
ORD03294,CUST0168,PROD027,LED Desk Lamp,Home & Garden,North,2023-09-23,3,47.44,0.0,142.33,54,88.33,Bank Transfer,Delivered
ORD03295,CUST0374,PROD002,Wireless Headphones,Electronics,South,2023-07-05,3,196.15,0.0,588.45,240,348.45,Debit Card,Delivered
ORD03296,CUST0466,PROD050,Digital Marketing,Books,North,2024-03-07,5,38.04,10.0,171.2,55,116.2,Credit Card,Delivered
ORD03297,CUST0462,PROD028,Storage Ottoman,Home & Garden,North,2023-08-24,5,73.05,0.0,365.23,160,205.23,Bank Transfer,Processing
ORD03298,CUST0305,PROD031,Yoga Mat Premium,Sports,North,2022-10-08,4,45.53,0.0,182.14,72,110.14,PayPal,Shipped
ORD03299,CUST0011,PROD005,"4K Monitor 27""",Electronics,East,2022-12-21,2,451.41,15.0,767.4,440,327.4,PayPal,Delivered
ORD03300,CUST0422,PROD058,Almond Milk 1L,Food & Beverage,North,2022-01-25,1,8.15,0.0,8.15,2,6.15,Cash,Cancelled
ORD03301,CUST0033,PROD036,Gym Gloves,Sports,Central,2023-10-03,4,26.21,0.0,104.84,36,68.84,Debit Card,Delivered
ORD03302,CUST0227,PROD067,Steering Wheel Cover,Automotive,South,2023-07-25,2,27.96,10.0,50.33,22,28.33,Cash,Delivered
ORD03303,CUST0408,PROD054,Mixed Nuts 500g,Food & Beverage,South,2022-03-08,5,25.35,5.0,120.41,40,80.41,Cash,Delivered
ORD03304,CUST0146,PROD038,Foam Roller,Sports,West,2024-05-25,1,33.63,20.0,26.91,12,14.91,Bank Transfer,Shipped
ORD03305,CUST0489,PROD024,Electric Kettle 1.7L,Home & Garden,West,2023-08-25,2,48.56,10.0,87.42,36,51.42,PayPal,Delivered
ORD03306,CUST0097,PROD022,Air Purifier Pro,Home & Garden,North,2024-07-25,1,243.83,5.0,231.64,110,121.64,Credit Card,Delivered
ORD03307,CUST0001,PROD062,Tire Inflator Auto,Automotive,North,2024-07-13,3,48.41,0.0,145.22,54,91.22,Bank Transfer,Processing
ORD03308,CUST0325,PROD014,Wool Winter Coat,Clothing,Central,2022-09-27,4,198.64,5.0,754.83,300,454.83,Cash,Cancelled
ORD03309,CUST0279,PROD036,Gym Gloves,Sports,West,2022-05-18,3,25.8,15.0,65.78,27,38.78,Credit Card,Delivered
ORD03310,CUST0298,PROD050,Digital Marketing,Books,South,2024-11-25,5,40.57,0.0,202.85,55,147.85,Debit Card,Delivered
ORD03311,CUST0168,PROD042,Python Programming,Books,North,2022-12-08,5,58.77,0.0,293.87,75,218.87,Cash,Delivered
ORD03312,CUST0009,PROD030,Garden Hose 50ft,Home & Garden,South,2022-03-25,4,66.95,20.0,214.23,112,102.23,Cash,Delivered
ORD03313,CUST0218,PROD006,Gaming Mouse,Electronics,North,2023-08-18,2,76.84,20.0,122.95,56,66.95,Bank Transfer,Delivered
ORD03314,CUST0337,PROD007,Mechanical Keyboard,Electronics,North,2022-03-16,2,134.31,5.0,255.19,104,151.19,PayPal,Cancelled
ORD03315,CUST0378,PROD036,Gym Gloves,Sports,South,2024-11-08,2,23.56,5.0,44.76,18,26.76,Bank Transfer,Shipped
ORD03316,CUST0316,PROD032,Resistance Bands Set,Sports,Central,2023-03-09,1,30.84,5.0,29.3,10,19.3,Credit Card,Delivered
ORD03317,CUST0145,PROD065,Jump Starter Pack,Automotive,West,2022-10-05,2,93.18,5.0,177.04,76,101.04,Bank Transfer,Cancelled
ORD03318,CUST0370,PROD046,Finance for Managers,Books,North,2024-08-31,5,49.37,20.0,197.47,65,132.47,Credit Card,Shipped
ORD03319,CUST0233,PROD063,Car Phone Mount,Automotive,Central,2024-11-14,4,25.04,10.0,90.15,36,54.15,Bank Transfer,Delivered
ORD03320,CUST0207,PROD012,Denim Jeans Slim,Clothing,Central,2024-10-25,3,81.78,20.0,196.28,84,112.28,Credit Card,Delivered
ORD03321,CUST0349,PROD062,Tire Inflator Auto,Automotive,North,2023-02-25,5,44.23,0.0,221.16,90,131.16,Debit Card,Shipped
ORD03322,CUST0250,PROD002,Wireless Headphones,Electronics,North,2024-10-28,4,218.4,0.0,873.6,320,553.6,PayPal,Processing
ORD03323,CUST0197,PROD039,Pull-Up Bar,Sports,Central,2023-10-23,1,58.78,15.0,49.96,22,27.96,PayPal,Delivered
ORD03324,CUST0080,PROD045,Leadership Principles,Books,North,2022-10-12,1,33.24,0.0,33.24,8,25.24,PayPal,Shipped
ORD03325,CUST0271,PROD032,Resistance Bands Set,Sports,South,2024-05-15,1,29.26,5.0,27.8,10,17.8,Bank Transfer,Delivered
ORD03326,CUST0332,PROD045,Leadership Principles,Books,West,2024-03-11,2,30.0,0.0,59.99,16,43.99,Credit Card,Delivered
ORD03327,CUST0129,PROD041,Business Analytics Guide,Books,Central,2022-11-30,5,48.88,15.0,207.73,60,147.73,Credit Card,Delivered
ORD03328,CUST0038,PROD063,Car Phone Mount,Automotive,North,2022-12-30,5,26.7,0.0,133.48,45,88.48,Cash,Processing
ORD03329,CUST0079,PROD036,Gym Gloves,Sports,East,2022-11-24,4,23.1,0.0,92.4,36,56.4,Bank Transfer,Shipped
ORD03330,CUST0186,PROD036,Gym Gloves,Sports,West,2023-02-22,2,24.82,5.0,47.15,18,29.15,Credit Card,Delivered
ORD03331,CUST0495,PROD036,Gym Gloves,Sports,West,2023-09-23,5,23.81,5.0,113.11,45,68.11,Cash,Delivered
ORD03332,CUST0337,PROD043,Data Science Handbook,Books,North,2022-03-03,2,67.83,10.0,122.1,36,86.1,Cash,Shipped
ORD03333,CUST0265,PROD030,Garden Hose 50ft,Home & Garden,North,2023-04-26,1,67.27,0.0,67.27,28,39.27,PayPal,Delivered
ORD03334,CUST0216,PROD005,"4K Monitor 27""",Electronics,East,2022-02-09,1,430.4,20.0,344.32,220,124.32,Cash,Shipped
ORD03335,CUST0126,PROD043,Data Science Handbook,Books,North,2024-05-07,4,58.85,5.0,223.62,72,151.62,Cash,Delivered
ORD03336,CUST0472,PROD054,Mixed Nuts 500g,Food & Beverage,East,2023-11-28,5,23.71,0.0,118.54,40,78.54,PayPal,Delivered
ORD03337,CUST0342,PROD065,Jump Starter Pack,Automotive,South,2024-12-22,2,97.16,0.0,194.33,76,118.33,Debit Card,Delivered
ORD03338,CUST0391,PROD032,Resistance Bands Set,Sports,Central,2024-11-15,3,29.92,0.0,89.76,30,59.76,Credit Card,Shipped
ORD03339,CUST0262,PROD052,Organic Green Tea 100g,Food & Beverage,North,2022-06-04,4,18.81,0.0,75.24,20,55.24,Bank Transfer,Delivered
ORD03340,CUST0140,PROD007,Mechanical Keyboard,Electronics,North,2022-01-12,4,132.46,15.0,450.36,208,242.36,PayPal,Shipped
ORD03341,CUST0033,PROD031,Yoga Mat Premium,Sports,Central,2022-08-22,3,48.45,10.0,130.81,54,76.81,Cash,Cancelled
ORD03342,CUST0187,PROD028,Storage Ottoman,Home & Garden,West,2022-04-17,1,73.19,20.0,58.56,32,26.56,PayPal,Cancelled
ORD03343,CUST0189,PROD053,Protein Powder Vanilla,Food & Beverage,East,2022-10-18,5,50.52,0.0,252.62,100,152.62,Debit Card,Cancelled
ORD03344,CUST0324,PROD038,Foam Roller,Sports,West,2022-04-05,1,34.83,10.0,31.35,12,19.35,Debit Card,Delivered
ORD03345,CUST0121,PROD015,Sport T-Shirt,Clothing,West,2023-09-04,1,34.62,0.0,34.62,12,22.62,Debit Card,Delivered
ORD03346,CUST0212,PROD032,Resistance Bands Set,Sports,West,2022-03-06,5,29.82,20.0,119.26,50,69.26,Credit Card,Delivered
ORD03347,CUST0239,PROD021,Robot Vacuum Cleaner,Home & Garden,North,2024-04-03,2,300.72,10.0,541.29,280,261.29,Bank Transfer,Delivered
ORD03348,CUST0039,PROD004,Bluetooth Speaker,Electronics,South,2023-08-30,3,95.1,0.0,285.29,105,180.29,Credit Card,Shipped
ORD03349,CUST0139,PROD048,SQL Mastery,Books,South,2022-02-09,4,39.04,10.0,140.53,44,96.53,Cash,Returned
ORD03350,CUST0059,PROD029,Throw Blanket Soft,Home & Garden,Central,2023-01-12,4,56.44,0.0,225.78,80,145.78,Credit Card,Delivered
ORD03351,CUST0429,PROD064,Seat Covers Set,Automotive,East,2022-01-05,4,85.91,15.0,292.08,128,164.08,Credit Card,Shipped
ORD03352,CUST0013,PROD018,Polo Shirt Premium,Clothing,West,2024-02-28,1,60.73,5.0,57.69,22,35.69,Bank Transfer,Delivered
ORD03353,CUST0206,PROD029,Throw Blanket Soft,Home & Garden,East,2022-02-01,5,49.86,0.0,249.32,100,149.32,Credit Card,Delivered
ORD03354,CUST0130,PROD070,Car Wax Premium,Automotive,East,2022-09-03,4,25.52,20.0,81.66,40,41.66,Debit Card,Returned
ORD03355,CUST0282,PROD037,Jump Rope Speed,Sports,West,2024-05-12,2,19.66,0.0,39.31,14,25.31,PayPal,Delivered
ORD03356,CUST0132,PROD030,Garden Hose 50ft,Home & Garden,West,2023-10-30,5,63.46,15.0,269.7,140,129.7,Debit Card,Shipped
ORD03357,CUST0412,PROD009,USB-C Hub 7-in-1,Electronics,East,2023-11-16,5,61.13,5.0,290.37,100,190.37,Credit Card,Delivered
ORD03358,CUST0215,PROD041,Business Analytics Guide,Books,North,2022-01-23,3,47.79,15.0,121.88,36,85.88,Debit Card,Delivered
ORD03359,CUST0241,PROD049,Entrepreneurship Now,Books,East,2024-02-05,2,35.34,0.0,70.67,18,52.67,Cash,Delivered
ORD03360,CUST0035,PROD005,"4K Monitor 27""",Electronics,West,2022-11-16,2,446.27,0.0,892.54,440,452.54,Credit Card,Delivered
ORD03361,CUST0061,PROD035,Running Shoes Pro,Sports,North,2023-06-30,5,127.74,20.0,510.98,275,235.98,Credit Card,Delivered
ORD03362,CUST0297,PROD008,Webcam HD 1080p,Electronics,East,2024-02-11,4,62.11,20.0,198.75,100,98.75,PayPal,Delivered
ORD03363,CUST0226,PROD011,Classic White Shirt,Clothing,South,2023-10-14,2,52.38,15.0,89.04,30,59.04,PayPal,Delivered
ORD03364,CUST0468,PROD044,Marketing Strategy,Books,West,2023-12-28,2,39.51,5.0,75.06,20,55.06,PayPal,Delivered
ORD03365,CUST0134,PROD010,External SSD 1TB,Electronics,Central,2022-06-12,5,158.39,20.0,633.57,325,308.57,PayPal,Processing
ORD03366,CUST0039,PROD033,Dumbbell Set 20kg,Sports,South,2023-07-25,1,97.38,20.0,77.91,42,35.91,Bank Transfer,Processing
ORD03367,CUST0244,PROD010,External SSD 1TB,Electronics,Central,2023-07-12,5,150.39,0.0,751.97,325,426.97,PayPal,Cancelled
ORD03368,CUST0376,PROD069,LED Car Lights Kit,Automotive,North,2024-07-14,4,33.24,0.0,132.97,56,76.97,PayPal,Cancelled
ORD03369,CUST0402,PROD059,Energy Drink Pack x24,Food & Beverage,West,2024-03-30,4,32.57,0.0,130.26,48,82.26,Debit Card,Delivered
ORD03370,CUST0048,PROD066,Car Vacuum Cleaner,Automotive,West,2022-03-20,4,53.94,5.0,204.96,88,116.96,Cash,Processing
ORD03371,CUST0160,PROD024,Electric Kettle 1.7L,Home & Garden,North,2024-12-19,4,46.88,0.0,187.52,72,115.52,Debit Card,Delivered
ORD03372,CUST0070,PROD052,Organic Green Tea 100g,Food & Beverage,North,2023-09-28,5,19.14,20.0,76.56,25,51.56,Debit Card,Delivered
ORD03373,CUST0467,PROD065,Jump Starter Pack,Automotive,East,2022-04-14,3,83.41,10.0,225.21,114,111.21,Bank Transfer,Delivered
ORD03374,CUST0026,PROD016,Leather Belt,Clothing,South,2024-04-21,5,46.08,0.0,230.39,90,140.39,Bank Transfer,Delivered
ORD03375,CUST0222,PROD046,Finance for Managers,Books,West,2022-05-29,4,52.31,10.0,188.3,52,136.3,Cash,Delivered
ORD03376,CUST0237,PROD012,Denim Jeans Slim,Clothing,South,2023-01-23,3,77.06,10.0,208.05,84,124.05,Cash,Shipped
ORD03377,CUST0235,PROD005,"4K Monitor 27""",Electronics,North,2022-11-13,5,487.33,10.0,2193.0,1100,1093.0,Cash,Delivered
ORD03378,CUST0477,PROD010,External SSD 1TB,Electronics,North,2023-10-19,5,156.0,20.0,623.99,325,298.99,Bank Transfer,Delivered
ORD03379,CUST0093,PROD030,Garden Hose 50ft,Home & Garden,South,2024-08-08,4,64.36,0.0,257.45,112,145.45,PayPal,Cancelled
ORD03380,CUST0238,PROD029,Throw Blanket Soft,Home & Garden,Central,2024-06-07,1,52.81,0.0,52.81,20,32.81,PayPal,Delivered
ORD03381,CUST0239,PROD017,Formal Trousers,Clothing,North,2022-04-11,5,96.97,20.0,387.86,175,212.86,PayPal,Cancelled
ORD03382,CUST0097,PROD009,USB-C Hub 7-in-1,Electronics,North,2023-05-21,1,56.96,10.0,51.27,20,31.27,Cash,Shipped
ORD03383,CUST0261,PROD028,Storage Ottoman,Home & Garden,Central,2022-06-23,2,82.37,5.0,156.49,64,92.49,Credit Card,Delivered
ORD03384,CUST0045,PROD014,Wool Winter Coat,Clothing,South,2022-05-17,3,181.35,15.0,462.43,225,237.43,Bank Transfer,Cancelled
ORD03385,CUST0371,PROD019,Running Shorts,Clothing,North,2022-10-28,5,43.88,0.0,219.42,75,144.42,PayPal,Shipped
ORD03386,CUST0248,PROD006,Gaming Mouse,Electronics,Central,2023-04-10,1,84.86,15.0,72.13,28,44.13,Cash,Delivered
ORD03387,CUST0440,PROD010,External SSD 1TB,Electronics,North,2023-09-08,1,134.6,10.0,121.14,65,56.14,Cash,Delivered
ORD03388,CUST0292,PROD002,Wireless Headphones,Electronics,South,2022-11-08,5,197.81,0.0,989.05,400,589.05,Cash,Shipped
ORD03389,CUST0443,PROD032,Resistance Bands Set,Sports,Central,2024-06-09,3,30.93,5.0,88.15,30,58.15,PayPal,Delivered
ORD03390,CUST0191,PROD052,Organic Green Tea 100g,Food & Beverage,Central,2022-10-05,3,19.47,0.0,58.41,15,43.41,Cash,Returned
ORD03391,CUST0160,PROD043,Data Science Handbook,Books,North,2022-11-06,1,65.24,0.0,65.24,18,47.24,PayPal,Processing
ORD03392,CUST0047,PROD055,Olive Oil Extra Virgin,Food & Beverage,East,2022-03-05,5,30.42,5.0,144.5,45,99.5,Bank Transfer,Shipped
ORD03393,CUST0235,PROD034,Cycling Helmet,Sports,North,2022-07-29,5,86.0,10.0,387.02,160,227.02,Cash,Delivered
ORD03394,CUST0421,PROD023,Coffee Maker Deluxe,Home & Garden,West,2022-03-11,3,126.48,0.0,379.44,156,223.44,Credit Card,Delivered
ORD03395,CUST0028,PROD047,Machine Learning A-Z,Books,South,2024-01-17,2,73.84,0.0,147.68,40,107.68,Bank Transfer,Shipped
ORD03396,CUST0425,PROD040,Water Bottle 1L,Sports,South,2024-04-17,1,23.92,5.0,22.72,8,14.72,Cash,Delivered
ORD03397,CUST0474,PROD012,Denim Jeans Slim,Clothing,Central,2024-09-10,2,83.07,15.0,141.22,56,85.22,PayPal,Processing
ORD03398,CUST0004,PROD056,Dark Chocolate Bar 72%,Food & Beverage,South,2022-01-14,3,11.39,0.0,34.18,12,22.18,Bank Transfer,Delivered
ORD03399,CUST0253,PROD015,Sport T-Shirt,Clothing,South,2022-12-01,3,33.08,0.0,99.24,36,63.24,Debit Card,Delivered
ORD03400,CUST0319,PROD019,Running Shorts,Clothing,West,2023-10-09,4,38.61,0.0,154.46,60,94.46,Bank Transfer,Delivered
ORD03401,CUST0244,PROD020,Knit Sweater,Clothing,Central,2023-02-07,2,68.6,0.0,137.2,60,77.2,Credit Card,Delivered
ORD03402,CUST0111,PROD002,Wireless Headphones,Electronics,East,2022-06-26,5,209.42,0.0,1047.1,400,647.1,Credit Card,Delivered
ORD03403,CUST0152,PROD049,Entrepreneurship Now,Books,West,2023-11-15,5,37.76,10.0,169.91,45,124.91,Cash,Shipped
ORD03404,CUST0226,PROD052,Organic Green Tea 100g,Food & Beverage,South,2023-02-11,5,17.94,0.0,89.72,25,64.72,Bank Transfer,Delivered
ORD03405,CUST0346,PROD056,Dark Chocolate Bar 72%,Food & Beverage,South,2023-09-03,2,12.74,20.0,20.39,8,12.39,PayPal,Delivered
ORD03406,CUST0220,PROD002,Wireless Headphones,Electronics,Central,2024-07-07,3,200.99,0.0,602.96,240,362.96,PayPal,Delivered
ORD03407,CUST0207,PROD041,Business Analytics Guide,Books,Central,2022-02-22,4,47.25,10.0,170.09,48,122.09,Bank Transfer,Cancelled
ORD03408,CUST0300,PROD010,External SSD 1TB,Electronics,East,2023-04-07,3,163.5,0.0,490.49,195,295.49,Bank Transfer,Delivered
ORD03409,CUST0367,PROD003,Smart Watch Ultra,Electronics,North,2022-06-06,5,319.08,5.0,1515.61,700,815.61,Credit Card,Returned
ORD03410,CUST0025,PROD041,Business Analytics Guide,Books,South,2024-01-02,1,44.85,0.0,44.85,12,32.85,Debit Card,Cancelled
ORD03411,CUST0435,PROD065,Jump Starter Pack,Automotive,North,2023-12-12,1,84.87,5.0,80.63,38,42.63,Debit Card,Returned
ORD03412,CUST0053,PROD007,Mechanical Keyboard,Electronics,North,2022-03-17,5,137.1,10.0,616.95,260,356.95,PayPal,Delivered
ORD03413,CUST0384,PROD041,Business Analytics Guide,Books,Central,2023-12-07,3,45.4,0.0,136.2,36,100.2,Credit Card,Delivered
ORD03414,CUST0305,PROD002,Wireless Headphones,Electronics,North,2024-07-14,3,189.9,20.0,455.75,240,215.75,Cash,Delivered
ORD03415,CUST0234,PROD028,Storage Ottoman,Home & Garden,North,2024-01-20,2,76.53,0.0,153.07,64,89.07,Bank Transfer,Delivered
ORD03416,CUST0258,PROD013,Casual Sneakers,Clothing,East,2024-10-04,4,85.55,0.0,342.2,160,182.2,Credit Card,Delivered
ORD03417,CUST0061,PROD050,Digital Marketing,Books,North,2022-01-26,3,38.55,0.0,115.65,33,82.65,Credit Card,Delivered
ORD03418,CUST0407,PROD056,Dark Chocolate Bar 72%,Food & Beverage,South,2022-02-07,2,12.25,20.0,19.6,8,11.6,Cash,Delivered
ORD03419,CUST0163,PROD053,Protein Powder Vanilla,Food & Beverage,Central,2022-06-16,5,49.77,0.0,248.83,100,148.83,Cash,Delivered
ORD03420,CUST0452,PROD067,Steering Wheel Cover,Automotive,North,2022-11-25,1,27.48,0.0,27.48,11,16.48,Cash,Delivered
ORD03421,CUST0119,PROD002,Wireless Headphones,Electronics,East,2023-07-25,1,205.37,10.0,184.83,80,104.83,Cash,Delivered
ORD03422,CUST0315,PROD003,Smart Watch Ultra,Electronics,South,2024-03-13,3,325.09,15.0,828.98,420,408.98,PayPal,Delivered
ORD03423,CUST0055,PROD005,"4K Monitor 27""",Electronics,South,2024-02-22,3,467.28,15.0,1191.58,660,531.58,Cash,Delivered
ORD03424,CUST0169,PROD067,Steering Wheel Cover,Automotive,South,2023-02-22,2,28.09,5.0,53.36,22,31.36,Debit Card,Delivered
ORD03425,CUST0341,PROD032,Resistance Bands Set,Sports,North,2023-01-24,5,31.82,0.0,159.08,50,109.08,PayPal,Cancelled
ORD03426,CUST0309,PROD007,Mechanical Keyboard,Electronics,Central,2024-10-27,5,139.32,20.0,557.28,260,297.28,Bank Transfer,Delivered
ORD03427,CUST0205,PROD046,Finance for Managers,Books,Central,2024-11-01,5,48.56,0.0,242.8,65,177.8,Cash,Delivered
ORD03428,CUST0329,PROD004,Bluetooth Speaker,Electronics,Central,2022-08-29,5,92.55,0.0,462.74,175,287.74,Cash,Processing
ORD03429,CUST0155,PROD013,Casual Sneakers,Clothing,North,2023-08-01,2,87.0,0.0,174.0,80,94.0,Debit Card,Processing
ORD03430,CUST0142,PROD046,Finance for Managers,Books,Central,2024-02-15,1,44.12,10.0,39.71,13,26.71,PayPal,Delivered
ORD03431,CUST0088,PROD049,Entrepreneurship Now,Books,East,2022-04-07,3,33.57,5.0,95.68,27,68.68,Debit Card,Delivered
ORD03432,CUST0284,PROD022,Air Purifier Pro,Home & Garden,South,2022-09-02,1,253.68,5.0,241.0,110,131.0,Credit Card,Delivered
ORD03433,CUST0331,PROD051,Premium Coffee Beans 1kg,Food & Beverage,East,2024-07-20,2,29.74,0.0,59.48,20,39.48,Debit Card,Shipped
ORD03434,CUST0432,PROD004,Bluetooth Speaker,Electronics,Central,2024-08-21,1,88.57,0.0,88.57,35,53.57,PayPal,Shipped
ORD03435,CUST0081,PROD047,Machine Learning A-Z,Books,Central,2023-08-30,4,75.26,20.0,240.83,80,160.83,Credit Card,Cancelled
ORD03436,CUST0298,PROD062,Tire Inflator Auto,Automotive,South,2022-10-09,2,41.22,20.0,65.95,36,29.95,Credit Card,Delivered
ORD03437,CUST0112,PROD001,Laptop Pro 15,Electronics,West,2022-05-31,5,1217.35,15.0,5173.74,3750,1423.74,Debit Card,Delivered
ORD03438,CUST0168,PROD034,Cycling Helmet,Sports,North,2024-05-12,4,83.8,5.0,318.45,128,190.45,Debit Card,Cancelled
ORD03439,CUST0191,PROD055,Olive Oil Extra Virgin,Food & Beverage,Central,2023-01-04,2,27.03,20.0,43.25,18,25.25,Cash,Delivered
ORD03440,CUST0222,PROD032,Resistance Bands Set,Sports,West,2022-01-06,3,27.45,0.0,82.34,30,52.34,Debit Card,Shipped
ORD03441,CUST0039,PROD020,Knit Sweater,Clothing,South,2022-05-31,5,72.02,0.0,360.09,150,210.09,PayPal,Delivered
ORD03442,CUST0073,PROD013,Casual Sneakers,Clothing,South,2024-07-07,1,89.61,5.0,85.13,40,45.13,Cash,Delivered
ORD03443,CUST0183,PROD021,Robot Vacuum Cleaner,Home & Garden,North,2023-11-09,1,292.62,0.0,292.62,140,152.62,Bank Transfer,Delivered
ORD03444,CUST0088,PROD061,Car Dash Cam 4K,Automotive,East,2024-06-07,1,96.45,0.0,96.45,42,54.45,Cash,Cancelled
ORD03445,CUST0445,PROD036,Gym Gloves,Sports,Central,2022-06-29,4,23.83,0.0,95.32,36,59.32,Cash,Delivered
ORD03446,CUST0220,PROD014,Wool Winter Coat,Clothing,Central,2022-09-05,1,202.59,10.0,182.33,75,107.33,Credit Card,Delivered
ORD03447,CUST0442,PROD008,Webcam HD 1080p,Electronics,North,2022-12-04,1,73.22,0.0,73.22,25,48.22,Credit Card,Delivered
ORD03448,CUST0170,PROD021,Robot Vacuum Cleaner,Home & Garden,West,2022-10-05,1,305.48,0.0,305.48,140,165.48,Debit Card,Shipped
ORD03449,CUST0403,PROD019,Running Shorts,Clothing,South,2024-07-31,3,42.57,15.0,108.57,45,63.57,Cash,Delivered
ORD03450,CUST0276,PROD047,Machine Learning A-Z,Books,North,2022-08-18,5,74.15,0.0,370.75,100,270.75,Bank Transfer,Delivered
ORD03451,CUST0417,PROD060,Collagen Powder 300g,Food & Beverage,North,2024-12-28,4,40.89,20.0,130.84,64,66.84,Bank Transfer,Delivered
ORD03452,CUST0298,PROD018,Polo Shirt Premium,Clothing,South,2024-10-06,3,67.1,0.0,201.3,66,135.3,PayPal,Returned
ORD03453,CUST0358,PROD053,Protein Powder Vanilla,Food & Beverage,Central,2022-10-08,1,53.01,15.0,45.06,20,25.06,Cash,Returned
ORD03454,CUST0472,PROD010,External SSD 1TB,Electronics,East,2023-07-31,3,161.69,0.0,485.06,195,290.06,Cash,Delivered
ORD03455,CUST0483,PROD054,Mixed Nuts 500g,Food & Beverage,East,2022-02-03,5,22.18,10.0,99.81,40,59.81,Cash,Delivered
ORD03456,CUST0289,PROD007,Mechanical Keyboard,Electronics,Central,2023-12-19,5,121.55,20.0,486.21,260,226.21,PayPal,Processing
ORD03457,CUST0003,PROD009,USB-C Hub 7-in-1,Electronics,South,2024-03-26,4,54.95,0.0,219.81,80,139.81,Cash,Processing
ORD03458,CUST0455,PROD004,Bluetooth Speaker,Electronics,North,2024-01-30,2,82.3,10.0,148.13,70,78.13,Bank Transfer,Delivered
ORD03459,CUST0431,PROD005,"4K Monitor 27""",Electronics,South,2024-04-14,4,406.09,20.0,1299.48,880,419.48,Bank Transfer,Delivered
ORD03460,CUST0177,PROD033,Dumbbell Set 20kg,Sports,South,2024-05-10,2,85.61,5.0,162.66,84,78.66,Credit Card,Delivered
ORD03461,CUST0432,PROD060,Collagen Powder 300g,Food & Beverage,Central,2023-08-30,4,48.27,0.0,193.09,64,129.09,Bank Transfer,Cancelled
ORD03462,CUST0304,PROD036,Gym Gloves,Sports,Central,2024-04-11,1,23.16,0.0,23.16,9,14.16,Credit Card,Delivered
ORD03463,CUST0315,PROD029,Throw Blanket Soft,Home & Garden,South,2024-01-18,1,50.28,0.0,50.28,20,30.28,Credit Card,Delivered
ORD03464,CUST0472,PROD004,Bluetooth Speaker,Electronics,East,2023-04-17,1,87.63,20.0,70.11,35,35.11,Credit Card,Delivered
ORD03465,CUST0249,PROD018,Polo Shirt Premium,Clothing,Central,2022-04-21,3,65.35,10.0,176.43,66,110.43,Credit Card,Delivered
ORD03466,CUST0124,PROD004,Bluetooth Speaker,Electronics,Central,2023-01-03,3,85.48,0.0,256.44,105,151.44,Debit Card,Delivered
ORD03467,CUST0436,PROD053,Protein Powder Vanilla,Food & Beverage,South,2023-09-22,4,55.74,0.0,222.96,80,142.96,Bank Transfer,Returned
ORD03468,CUST0426,PROD025,Blender Pro 1000W,Home & Garden,Central,2024-01-19,2,81.83,20.0,130.92,70,60.92,PayPal,Shipped
ORD03469,CUST0337,PROD057,Granola Bars x12,Food & Beverage,North,2024-08-15,5,20.04,15.0,85.17,35,50.17,Bank Transfer,Delivered
ORD03470,CUST0416,PROD043,Data Science Handbook,Books,Central,2022-06-13,5,66.78,10.0,300.53,90,210.53,Bank Transfer,Delivered
ORD03471,CUST0286,PROD004,Bluetooth Speaker,Electronics,North,2023-09-08,4,90.44,5.0,343.66,140,203.66,PayPal,Delivered
ORD03472,CUST0010,PROD006,Gaming Mouse,Electronics,South,2022-09-10,5,74.81,0.0,374.07,140,234.07,Cash,Delivered
ORD03473,CUST0139,PROD009,USB-C Hub 7-in-1,Electronics,South,2024-07-31,4,59.55,0.0,238.22,80,158.22,PayPal,Shipped
ORD03474,CUST0498,PROD052,Organic Green Tea 100g,Food & Beverage,South,2022-04-11,2,19.69,15.0,33.48,10,23.48,Bank Transfer,Processing
ORD03475,CUST0487,PROD019,Running Shorts,Clothing,West,2022-07-01,5,40.03,20.0,160.12,75,85.12,Credit Card,Processing
ORD03476,CUST0441,PROD018,Polo Shirt Premium,Clothing,East,2022-07-25,5,60.91,0.0,304.56,110,194.56,Cash,Delivered
ORD03477,CUST0303,PROD021,Robot Vacuum Cleaner,Home & Garden,West,2024-09-28,2,282.08,20.0,451.32,280,171.32,Debit Card,Shipped
ORD03478,CUST0472,PROD066,Car Vacuum Cleaner,Automotive,East,2024-09-08,2,58.15,0.0,116.29,44,72.29,Debit Card,Delivered
ORD03479,CUST0496,PROD048,SQL Mastery,Books,South,2024-04-09,3,39.98,0.0,119.93,33,86.93,Cash,Cancelled
ORD03480,CUST0417,PROD060,Collagen Powder 300g,Food & Beverage,North,2023-10-22,2,47.37,20.0,75.79,32,43.79,Bank Transfer,Cancelled
ORD03481,CUST0183,PROD060,Collagen Powder 300g,Food & Beverage,North,2024-07-31,4,46.06,10.0,165.8,64,101.8,Debit Card,Delivered
ORD03482,CUST0182,PROD028,Storage Ottoman,Home & Garden,East,2024-06-18,4,81.28,10.0,292.6,128,164.6,Debit Card,Delivered
ORD03483,CUST0065,PROD052,Organic Green Tea 100g,Food & Beverage,Central,2024-12-31,3,18.55,0.0,55.64,15,40.64,Debit Card,Delivered
ORD03484,CUST0255,PROD048,SQL Mastery,Books,West,2023-01-09,1,42.63,0.0,42.63,11,31.63,Credit Card,Delivered
ORD03485,CUST0289,PROD027,LED Desk Lamp,Home & Garden,Central,2023-01-22,2,47.35,0.0,94.7,36,58.7,Cash,Delivered
ORD03486,CUST0180,PROD049,Entrepreneurship Now,Books,West,2022-10-11,2,39.32,5.0,74.71,18,56.71,Credit Card,Shipped
ORD03487,CUST0172,PROD013,Casual Sneakers,Clothing,West,2024-12-11,2,102.4,0.0,204.8,80,124.8,Bank Transfer,Delivered
ORD03488,CUST0081,PROD022,Air Purifier Pro,Home & Garden,Central,2023-10-20,1,240.45,0.0,240.45,110,130.45,PayPal,Delivered
ORD03489,CUST0080,PROD046,Finance for Managers,Books,North,2024-03-07,1,51.98,5.0,49.38,13,36.38,PayPal,Delivered
ORD03490,CUST0013,PROD041,Business Analytics Guide,Books,West,2022-05-23,2,45.46,0.0,90.92,24,66.92,Credit Card,Delivered
ORD03491,CUST0370,PROD026,Plant Pot Set x3,Home & Garden,North,2024-03-16,3,42.78,0.0,128.34,42,86.34,Debit Card,Delivered
ORD03492,CUST0264,PROD042,Python Programming,Books,East,2024-06-04,2,59.55,5.0,113.14,30,83.14,Bank Transfer,Delivered
ORD03493,CUST0397,PROD040,Water Bottle 1L,Sports,South,2023-03-24,2,23.93,5.0,45.47,16,29.47,Cash,Shipped
ORD03494,CUST0312,PROD037,Jump Rope Speed,Sports,South,2022-03-11,4,18.63,0.0,74.51,28,46.51,Bank Transfer,Delivered
ORD03495,CUST0122,PROD034,Cycling Helmet,Sports,Central,2024-06-26,1,74.38,0.0,74.38,32,42.38,Credit Card,Delivered
ORD03496,CUST0138,PROD045,Leadership Principles,Books,East,2022-03-12,3,32.73,0.0,98.2,24,74.2,Cash,Delivered
ORD03497,CUST0190,PROD002,Wireless Headphones,Electronics,Central,2023-09-16,2,204.18,0.0,408.36,160,248.36,Credit Card,Shipped
ORD03498,CUST0142,PROD062,Tire Inflator Auto,Automotive,Central,2023-09-02,1,41.69,5.0,39.61,18,21.61,PayPal,Delivered
ORD03499,CUST0099,PROD062,Tire Inflator Auto,Automotive,West,2024-06-08,4,47.53,0.0,190.13,72,118.13,Cash,Delivered
ORD03500,CUST0006,PROD015,Sport T-Shirt,Clothing,West,2024-07-17,4,32.46,10.0,116.87,48,68.87,Credit Card,Processing
ORD03501,CUST0016,PROD046,Finance for Managers,Books,West,2024-05-30,2,43.33,0.0,86.66,26,60.66,Debit Card,Shipped
ORD03502,CUST0274,PROD048,SQL Mastery,Books,Central,2023-01-26,5,43.36,0.0,216.82,55,161.82,Bank Transfer,Cancelled
ORD03503,CUST0456,PROD069,LED Car Lights Kit,Automotive,Central,2023-06-22,4,36.6,0.0,146.41,56,90.41,Cash,Delivered
ORD03504,CUST0333,PROD054,Mixed Nuts 500g,Food & Beverage,East,2023-10-08,5,23.93,10.0,107.69,40,67.69,Debit Card,Delivered
ORD03505,CUST0349,PROD004,Bluetooth Speaker,Electronics,North,2023-03-22,5,92.54,10.0,416.44,175,241.44,Bank Transfer,Shipped
ORD03506,CUST0305,PROD064,Seat Covers Set,Automotive,North,2023-07-23,5,83.58,0.0,417.88,160,257.88,Cash,Cancelled
ORD03507,CUST0347,PROD036,Gym Gloves,Sports,East,2024-11-02,4,22.67,15.0,77.08,36,41.08,Cash,Cancelled
ORD03508,CUST0280,PROD059,Energy Drink Pack x24,Food & Beverage,North,2023-10-05,1,37.57,10.0,33.81,12,21.81,Debit Card,Delivered
ORD03509,CUST0266,PROD003,Smart Watch Ultra,Electronics,South,2024-05-03,4,334.8,0.0,1339.21,560,779.21,Debit Card,Shipped
ORD03510,CUST0136,PROD013,Casual Sneakers,Clothing,East,2023-06-11,4,87.43,0.0,349.71,160,189.71,Debit Card,Shipped
ORD03511,CUST0070,PROD013,Casual Sneakers,Clothing,North,2024-12-28,1,98.05,0.0,98.05,40,58.05,PayPal,Shipped
ORD03512,CUST0375,PROD012,Denim Jeans Slim,Clothing,South,2023-11-27,2,75.07,0.0,150.15,56,94.15,Credit Card,Delivered
ORD03513,CUST0237,PROD066,Car Vacuum Cleaner,Automotive,South,2024-07-11,4,57.65,0.0,230.62,88,142.62,Debit Card,Cancelled
ORD03514,CUST0394,PROD033,Dumbbell Set 20kg,Sports,South,2024-12-23,3,96.82,0.0,290.45,126,164.45,Debit Card,Processing
ORD03515,CUST0339,PROD051,Premium Coffee Beans 1kg,Food & Beverage,North,2022-11-27,3,31.35,5.0,89.33,30,59.33,Cash,Shipped
ORD03516,CUST0042,PROD031,Yoga Mat Premium,Sports,South,2022-05-12,5,47.47,10.0,213.61,90,123.61,Debit Card,Cancelled
ORD03517,CUST0142,PROD047,Machine Learning A-Z,Books,Central,2022-09-21,2,71.28,15.0,121.18,40,81.18,Cash,Shipped
ORD03518,CUST0243,PROD006,Gaming Mouse,Electronics,West,2022-04-29,3,81.48,20.0,195.56,84,111.56,PayPal,Delivered
ORD03519,CUST0291,PROD043,Data Science Handbook,Books,West,2024-12-05,1,63.5,0.0,63.5,18,45.5,Debit Card,Shipped
ORD03520,CUST0162,PROD035,Running Shoes Pro,Sports,East,2023-06-08,5,132.67,5.0,630.21,275,355.21,PayPal,Delivered
ORD03521,CUST0197,PROD054,Mixed Nuts 500g,Food & Beverage,Central,2023-07-10,4,21.72,15.0,73.84,32,41.84,PayPal,Delivered
ORD03522,CUST0436,PROD014,Wool Winter Coat,Clothing,South,2024-06-27,5,180.28,20.0,721.12,375,346.12,Bank Transfer,Delivered
ORD03523,CUST0130,PROD009,USB-C Hub 7-in-1,Electronics,East,2023-05-10,1,63.2,20.0,50.56,20,30.56,Bank Transfer,Delivered
ORD03524,CUST0247,PROD005,"4K Monitor 27""",Electronics,North,2024-03-19,1,409.56,10.0,368.61,220,148.61,Credit Card,Delivered
ORD03525,CUST0333,PROD048,SQL Mastery,Books,East,2022-10-16,4,38.5,5.0,146.31,44,102.31,Debit Card,Delivered
ORD03526,CUST0196,PROD051,Premium Coffee Beans 1kg,Food & Beverage,South,2024-05-07,3,31.08,0.0,93.24,30,63.24,Bank Transfer,Shipped
ORD03527,CUST0348,PROD060,Collagen Powder 300g,Food & Beverage,South,2024-04-12,3,43.47,15.0,110.86,48,62.86,Cash,Cancelled
ORD03528,CUST0122,PROD034,Cycling Helmet,Sports,Central,2023-10-23,3,82.98,0.0,248.93,96,152.93,Bank Transfer,Delivered
ORD03529,CUST0156,PROD046,Finance for Managers,Books,East,2022-12-19,3,47.71,0.0,143.14,39,104.14,Credit Card,Delivered
ORD03530,CUST0376,PROD065,Jump Starter Pack,Automotive,North,2024-03-02,5,88.05,10.0,396.21,190,206.21,Bank Transfer,Processing
ORD03531,CUST0383,PROD004,Bluetooth Speaker,Electronics,Central,2022-09-29,3,92.26,0.0,276.79,105,171.79,Credit Card,Delivered
ORD03532,CUST0209,PROD068,Car Air Freshener x5,Automotive,North,2023-12-24,3,14.48,0.0,43.43,15,28.43,Debit Card,Cancelled
ORD03533,CUST0414,PROD045,Leadership Principles,Books,North,2023-09-12,3,29.24,10.0,78.95,24,54.95,Cash,Shipped
ORD03534,CUST0348,PROD021,Robot Vacuum Cleaner,Home & Garden,South,2023-08-30,1,277.69,20.0,222.16,140,82.16,Debit Card,Delivered
ORD03535,CUST0346,PROD036,Gym Gloves,Sports,South,2024-04-12,5,27.49,0.0,137.45,45,92.45,Cash,Processing
ORD03536,CUST0450,PROD025,Blender Pro 1000W,Home & Garden,Central,2023-10-14,4,95.54,15.0,324.83,140,184.83,Credit Card,Delivered
ORD03537,CUST0133,PROD008,Webcam HD 1080p,Electronics,North,2023-05-18,4,64.78,10.0,233.2,100,133.2,PayPal,Processing
ORD03538,CUST0015,PROD011,Classic White Shirt,Clothing,North,2023-07-03,2,53.08,10.0,95.54,30,65.54,Bank Transfer,Delivered
ORD03539,CUST0094,PROD010,External SSD 1TB,Electronics,East,2022-04-03,3,155.89,10.0,420.91,195,225.91,Cash,Shipped
ORD03540,CUST0262,PROD009,USB-C Hub 7-in-1,Electronics,North,2023-04-03,1,64.7,20.0,51.76,20,31.76,PayPal,Shipped
ORD03541,CUST0161,PROD026,Plant Pot Set x3,Home & Garden,East,2023-03-12,3,40.31,0.0,120.93,42,78.93,Cash,Processing
ORD03542,CUST0356,PROD028,Storage Ottoman,Home & Garden,South,2022-05-16,5,74.63,5.0,354.51,160,194.51,Cash,Cancelled
ORD03543,CUST0185,PROD017,Formal Trousers,Clothing,North,2022-10-04,3,86.09,0.0,258.28,105,153.28,Cash,Delivered
ORD03544,CUST0344,PROD019,Running Shorts,Clothing,North,2023-03-06,3,41.07,0.0,123.21,45,78.21,Cash,Delivered
ORD03545,CUST0372,PROD070,Car Wax Premium,Automotive,East,2023-10-13,1,27.8,0.0,27.8,10,17.8,Bank Transfer,Processing
ORD03546,CUST0478,PROD069,LED Car Lights Kit,Automotive,South,2024-10-04,3,38.41,0.0,115.24,42,73.24,Cash,Delivered
ORD03547,CUST0437,PROD025,Blender Pro 1000W,Home & Garden,North,2023-04-02,5,84.57,0.0,422.86,175,247.86,PayPal,Delivered
ORD03548,CUST0037,PROD017,Formal Trousers,Clothing,South,2022-04-03,2,91.81,5.0,174.44,70,104.44,Credit Card,Delivered
ORD03549,CUST0449,PROD019,Running Shorts,Clothing,North,2023-05-29,3,39.04,20.0,93.69,45,48.69,Credit Card,Processing
ORD03550,CUST0111,PROD006,Gaming Mouse,Electronics,East,2022-07-04,3,85.5,10.0,230.85,84,146.85,Debit Card,Delivered
ORD03551,CUST0222,PROD064,Seat Covers Set,Automotive,West,2023-07-29,5,84.4,0.0,421.98,160,261.98,Bank Transfer,Delivered
ORD03552,CUST0032,PROD027,LED Desk Lamp,Home & Garden,Central,2023-10-02,2,40.87,0.0,81.74,36,45.74,Cash,Shipped
ORD03553,CUST0288,PROD031,Yoga Mat Premium,Sports,South,2024-07-30,4,43.07,5.0,163.67,72,91.67,Bank Transfer,Delivered
ORD03554,CUST0112,PROD023,Coffee Maker Deluxe,Home & Garden,West,2024-01-19,1,133.03,0.0,133.03,52,81.03,Cash,Cancelled
ORD03555,CUST0436,PROD035,Running Shoes Pro,Sports,South,2023-07-02,5,134.72,0.0,673.59,275,398.59,Credit Card,Delivered
ORD03556,CUST0329,PROD023,Coffee Maker Deluxe,Home & Garden,Central,2022-09-22,5,124.36,15.0,528.51,260,268.51,Cash,Cancelled
ORD03557,CUST0177,PROD060,Collagen Powder 300g,Food & Beverage,South,2024-11-19,3,41.45,5.0,118.14,48,70.14,Debit Card,Delivered
ORD03558,CUST0090,PROD031,Yoga Mat Premium,Sports,North,2023-03-27,2,49.24,5.0,93.56,36,57.56,Credit Card,Shipped
ORD03559,CUST0285,PROD022,Air Purifier Pro,Home & Garden,West,2024-01-09,5,242.86,10.0,1092.88,550,542.88,PayPal,Delivered
ORD03560,CUST0244,PROD060,Collagen Powder 300g,Food & Beverage,Central,2024-05-10,4,43.13,10.0,155.28,64,91.28,Debit Card,Delivered
ORD03561,CUST0482,PROD021,Robot Vacuum Cleaner,Home & Garden,East,2024-06-27,2,310.95,5.0,590.8,280,310.8,Bank Transfer,Delivered
ORD03562,CUST0363,PROD046,Finance for Managers,Books,North,2023-03-14,1,46.77,20.0,37.41,13,24.41,Cash,Cancelled
ORD03563,CUST0094,PROD062,Tire Inflator Auto,Automotive,East,2022-07-04,4,45.37,0.0,181.47,72,109.47,PayPal,Processing
ORD03564,CUST0365,PROD056,Dark Chocolate Bar 72%,Food & Beverage,North,2024-02-21,3,12.77,10.0,34.48,12,22.48,PayPal,Delivered
ORD03565,CUST0105,PROD036,Gym Gloves,Sports,Central,2022-02-17,4,27.14,0.0,108.56,36,72.56,Debit Card,Delivered
ORD03566,CUST0421,PROD051,Premium Coffee Beans 1kg,Food & Beverage,West,2022-10-23,2,32.98,0.0,65.97,20,45.97,Bank Transfer,Shipped
ORD03567,CUST0305,PROD053,Protein Powder Vanilla,Food & Beverage,North,2022-02-25,2,59.22,0.0,118.45,40,78.45,Bank Transfer,Shipped
ORD03568,CUST0346,PROD053,Protein Powder Vanilla,Food & Beverage,South,2022-04-26,1,57.29,20.0,45.83,20,25.83,Bank Transfer,Delivered
ORD03569,CUST0260,PROD063,Car Phone Mount,Automotive,West,2023-07-13,5,25.64,5.0,121.78,45,76.78,Credit Card,Shipped
ORD03570,CUST0393,PROD014,Wool Winter Coat,Clothing,East,2023-07-29,4,207.31,10.0,746.32,300,446.32,PayPal,Shipped
ORD03571,CUST0264,PROD045,Leadership Principles,Books,East,2022-05-25,4,31.49,0.0,125.97,32,93.97,PayPal,Delivered
ORD03572,CUST0252,PROD017,Formal Trousers,Clothing,Central,2024-12-10,1,97.7,20.0,78.16,35,43.16,Cash,Delivered
ORD03573,CUST0117,PROD005,"4K Monitor 27""",Electronics,South,2022-03-23,4,472.41,5.0,1795.14,880,915.14,Cash,Delivered
ORD03574,CUST0321,PROD060,Collagen Powder 300g,Food & Beverage,South,2022-05-13,3,44.95,0.0,134.84,48,86.84,Cash,Delivered
ORD03575,CUST0043,PROD040,Water Bottle 1L,Sports,North,2024-01-27,5,24.15,20.0,96.58,40,56.58,Bank Transfer,Delivered
ORD03576,CUST0437,PROD040,Water Bottle 1L,Sports,North,2023-03-07,5,20.96,10.0,94.32,40,54.32,Bank Transfer,Delivered
ORD03577,CUST0258,PROD064,Seat Covers Set,Automotive,East,2024-12-11,1,84.71,0.0,84.71,32,52.71,Bank Transfer,Delivered
ORD03578,CUST0384,PROD058,Almond Milk 1L,Food & Beverage,Central,2022-11-06,2,8.15,15.0,13.85,4,9.85,Credit Card,Delivered
ORD03579,CUST0361,PROD054,Mixed Nuts 500g,Food & Beverage,North,2022-02-27,3,25.14,10.0,67.89,24,43.89,Cash,Delivered
ORD03580,CUST0448,PROD040,Water Bottle 1L,Sports,East,2024-12-07,4,23.53,20.0,75.29,32,43.29,Credit Card,Delivered
ORD03581,CUST0151,PROD015,Sport T-Shirt,Clothing,North,2022-10-02,1,36.04,5.0,34.24,12,22.24,Credit Card,Cancelled
ORD03582,CUST0151,PROD030,Garden Hose 50ft,Home & Garden,North,2024-03-05,5,58.98,0.0,294.88,140,154.88,Credit Card,Delivered
ORD03583,CUST0305,PROD039,Pull-Up Bar,Sports,North,2022-09-28,2,54.79,0.0,109.58,44,65.58,Cash,Delivered
ORD03584,CUST0136,PROD058,Almond Milk 1L,Food & Beverage,East,2024-03-04,5,8.17,0.0,40.85,10,30.85,Debit Card,Delivered
ORD03585,CUST0147,PROD039,Pull-Up Bar,Sports,North,2024-11-13,4,56.77,10.0,204.39,88,116.39,Bank Transfer,Cancelled
ORD03586,CUST0106,PROD051,Premium Coffee Beans 1kg,Food & Beverage,Central,2023-05-12,3,29.08,5.0,82.89,30,52.89,PayPal,Delivered
ORD03587,CUST0060,PROD042,Python Programming,Books,Central,2024-04-27,5,58.11,20.0,232.45,75,157.45,Debit Card,Returned
ORD03588,CUST0120,PROD063,Car Phone Mount,Automotive,Central,2023-01-27,3,24.27,5.0,69.17,27,42.17,Credit Card,Processing
ORD03589,CUST0003,PROD007,Mechanical Keyboard,Electronics,South,2024-06-24,2,135.19,20.0,216.3,104,112.3,Debit Card,Processing
ORD03590,CUST0046,PROD021,Robot Vacuum Cleaner,Home & Garden,East,2023-03-23,1,288.41,0.0,288.41,140,148.41,Credit Card,Shipped
ORD03591,CUST0461,PROD017,Formal Trousers,Clothing,Central,2023-10-14,4,92.13,0.0,368.54,140,228.54,PayPal,Delivered
ORD03592,CUST0285,PROD063,Car Phone Mount,Automotive,West,2022-07-11,5,24.89,10.0,112.01,45,67.01,Debit Card,Delivered
ORD03593,CUST0070,PROD023,Coffee Maker Deluxe,Home & Garden,North,2023-07-28,3,117.25,0.0,351.76,156,195.76,Cash,Delivered
ORD03594,CUST0064,PROD066,Car Vacuum Cleaner,Automotive,West,2022-08-03,1,52.92,0.0,52.92,22,30.92,Bank Transfer,Returned
ORD03595,CUST0087,PROD015,Sport T-Shirt,Clothing,North,2022-07-29,2,38.05,15.0,64.69,24,40.69,PayPal,Cancelled
ORD03596,CUST0367,PROD066,Car Vacuum Cleaner,Automotive,North,2023-02-11,4,55.39,5.0,210.49,88,122.49,Credit Card,Delivered
ORD03597,CUST0026,PROD028,Storage Ottoman,Home & Garden,South,2024-03-16,5,76.53,15.0,325.24,160,165.24,Credit Card,Delivered
ORD03598,CUST0470,PROD013,Casual Sneakers,Clothing,Central,2024-06-15,4,97.24,10.0,350.07,160,190.07,Credit Card,Cancelled
ORD03599,CUST0190,PROD007,Mechanical Keyboard,Electronics,Central,2022-10-19,2,132.58,0.0,265.16,104,161.16,PayPal,Delivered
ORD03600,CUST0177,PROD046,Finance for Managers,Books,South,2024-11-15,3,45.73,5.0,130.33,39,91.33,Cash,Processing
ORD03601,CUST0102,PROD035,Running Shoes Pro,Sports,West,2022-02-20,2,137.24,5.0,260.76,110,150.76,Bank Transfer,Returned
ORD03602,CUST0378,PROD003,Smart Watch Ultra,Electronics,South,2022-02-14,1,344.25,0.0,344.25,140,204.25,Cash,Delivered
ORD03603,CUST0298,PROD014,Wool Winter Coat,Clothing,South,2023-03-24,4,189.23,0.0,756.91,300,456.91,Credit Card,Delivered
ORD03604,CUST0087,PROD007,Mechanical Keyboard,Electronics,North,2024-10-17,3,127.79,0.0,383.36,156,227.36,Cash,Cancelled
ORD03605,CUST0300,PROD023,Coffee Maker Deluxe,Home & Garden,East,2022-10-29,4,122.12,10.0,439.65,208,231.65,Bank Transfer,Returned
ORD03606,CUST0466,PROD026,Plant Pot Set x3,Home & Garden,North,2023-03-03,1,36.17,20.0,28.93,14,14.93,Credit Card,Delivered
ORD03607,CUST0321,PROD039,Pull-Up Bar,Sports,South,2024-01-25,3,56.57,20.0,135.76,66,69.76,Debit Card,Delivered
ORD03608,CUST0323,PROD062,Tire Inflator Auto,Automotive,Central,2023-09-07,1,43.88,15.0,37.3,18,19.3,PayPal,Delivered
ORD03609,CUST0127,PROD069,LED Car Lights Kit,Automotive,North,2023-12-12,3,35.26,10.0,95.21,42,53.21,Bank Transfer,Processing
ORD03610,CUST0046,PROD042,Python Programming,Books,East,2022-02-19,4,59.51,0.0,238.06,60,178.06,PayPal,Processing
ORD03611,CUST0069,PROD010,External SSD 1TB,Electronics,Central,2024-08-22,3,145.69,15.0,371.5,195,176.5,Credit Card,Delivered
ORD03612,CUST0452,PROD048,SQL Mastery,Books,North,2024-01-01,5,40.18,0.0,200.9,55,145.9,Bank Transfer,Delivered
ORD03613,CUST0470,PROD043,Data Science Handbook,Books,Central,2022-08-24,4,59.33,0.0,237.31,72,165.31,PayPal,Delivered
ORD03614,CUST0140,PROD022,Air Purifier Pro,Home & Garden,North,2022-11-27,2,227.93,15.0,387.48,220,167.48,Credit Card,Delivered
ORD03615,CUST0150,PROD032,Resistance Bands Set,Sports,East,2022-05-28,3,31.27,0.0,93.81,30,63.81,Debit Card,Processing
ORD03616,CUST0229,PROD048,SQL Mastery,Books,West,2023-09-07,3,43.41,5.0,123.71,33,90.71,Credit Card,Shipped
ORD03617,CUST0468,PROD038,Foam Roller,Sports,West,2023-06-07,5,32.92,5.0,156.39,60,96.39,Bank Transfer,Delivered
ORD03618,CUST0043,PROD017,Formal Trousers,Clothing,North,2022-09-21,5,94.52,20.0,378.1,175,203.1,Debit Card,Delivered
ORD03619,CUST0321,PROD063,Car Phone Mount,Automotive,South,2023-08-15,2,27.36,20.0,43.77,18,25.77,Credit Card,Processing
ORD03620,CUST0332,PROD042,Python Programming,Books,West,2024-05-19,3,60.16,15.0,153.41,45,108.41,Credit Card,Delivered
ORD03621,CUST0194,PROD052,Organic Green Tea 100g,Food & Beverage,Central,2024-02-27,2,16.62,0.0,33.24,10,23.24,Bank Transfer,Delivered
ORD03622,CUST0373,PROD027,LED Desk Lamp,Home & Garden,North,2024-07-30,1,45.9,5.0,43.6,18,25.6,Bank Transfer,Delivered
ORD03623,CUST0367,PROD037,Jump Rope Speed,Sports,North,2022-06-09,1,17.63,0.0,17.63,7,10.63,Bank Transfer,Cancelled
ORD03624,CUST0355,PROD029,Throw Blanket Soft,Home & Garden,East,2023-07-24,2,58.42,0.0,116.85,40,76.85,Debit Card,Processing
ORD03625,CUST0366,PROD049,Entrepreneurship Now,Books,East,2022-09-20,2,37.3,0.0,74.59,18,56.59,PayPal,Shipped
ORD03626,CUST0283,PROD043,Data Science Handbook,Books,Central,2022-03-23,1,70.2,0.0,70.2,18,52.2,Bank Transfer,Returned
ORD03627,CUST0020,PROD058,Almond Milk 1L,Food & Beverage,Central,2023-03-29,4,7.98,10.0,28.73,8,20.73,Credit Card,Delivered
ORD03628,CUST0487,PROD060,Collagen Powder 300g,Food & Beverage,West,2024-07-15,5,41.15,0.0,205.75,80,125.75,PayPal,Delivered
ORD03629,CUST0336,PROD004,Bluetooth Speaker,Electronics,Central,2024-04-06,1,84.98,0.0,84.98,35,49.98,Cash,Delivered
ORD03630,CUST0214,PROD054,Mixed Nuts 500g,Food & Beverage,South,2023-05-18,3,21.9,0.0,65.7,24,41.7,Bank Transfer,Cancelled
ORD03631,CUST0348,PROD059,Energy Drink Pack x24,Food & Beverage,South,2024-06-08,3,32.48,20.0,77.95,36,41.95,Bank Transfer,Processing
ORD03632,CUST0221,PROD014,Wool Winter Coat,Clothing,Central,2022-08-14,5,184.6,5.0,876.87,375,501.87,Debit Card,Delivered
ORD03633,CUST0278,PROD046,Finance for Managers,Books,West,2022-05-17,5,48.81,20.0,195.25,65,130.25,PayPal,Shipped
ORD03634,CUST0142,PROD048,SQL Mastery,Books,Central,2024-02-21,5,43.12,0.0,215.62,55,160.62,Cash,Processing
ORD03635,CUST0319,PROD055,Olive Oil Extra Virgin,Food & Beverage,West,2023-01-10,4,29.04,5.0,110.34,36,74.34,PayPal,Processing
ORD03636,CUST0463,PROD036,Gym Gloves,Sports,Central,2023-09-04,5,22.72,0.0,113.62,45,68.62,Cash,Delivered
ORD03637,CUST0399,PROD015,Sport T-Shirt,Clothing,West,2023-01-02,3,33.9,15.0,86.45,36,50.45,Debit Card,Processing
ORD03638,CUST0447,PROD041,Business Analytics Guide,Books,Central,2023-07-10,3,48.83,0.0,146.48,36,110.48,Cash,Delivered
ORD03639,CUST0007,PROD018,Polo Shirt Premium,Clothing,South,2022-10-16,2,65.43,10.0,117.78,44,73.78,Debit Card,Delivered
ORD03640,CUST0281,PROD017,Formal Trousers,Clothing,North,2023-09-08,4,93.54,0.0,374.16,140,234.16,Credit Card,Delivered
ORD03641,CUST0027,PROD043,Data Science Handbook,Books,North,2024-01-10,3,63.41,15.0,161.7,54,107.7,Credit Card,Delivered
ORD03642,CUST0180,PROD025,Blender Pro 1000W,Home & Garden,West,2024-09-14,3,90.43,0.0,271.29,105,166.29,Debit Card,Delivered
ORD03643,CUST0465,PROD033,Dumbbell Set 20kg,Sports,Central,2022-08-23,3,92.5,10.0,249.75,126,123.75,Bank Transfer,Delivered
ORD03644,CUST0229,PROD005,"4K Monitor 27""",Electronics,West,2024-08-13,5,479.15,0.0,2395.75,1100,1295.75,Credit Card,Delivered
ORD03645,CUST0230,PROD014,Wool Winter Coat,Clothing,West,2022-01-17,3,170.63,0.0,511.88,225,286.88,PayPal,Delivered
ORD03646,CUST0331,PROD040,Water Bottle 1L,Sports,East,2024-10-11,4,21.67,10.0,78.01,32,46.01,Debit Card,Delivered
ORD03647,CUST0315,PROD014,Wool Winter Coat,Clothing,South,2024-12-18,3,189.08,0.0,567.23,225,342.23,Credit Card,Shipped
ORD03648,CUST0100,PROD044,Marketing Strategy,Books,Central,2024-09-10,2,34.85,0.0,69.7,20,49.7,Cash,Delivered
ORD03649,CUST0468,PROD022,Air Purifier Pro,Home & Garden,West,2022-07-08,1,236.56,5.0,224.73,110,114.73,Bank Transfer,Delivered
ORD03650,CUST0279,PROD025,Blender Pro 1000W,Home & Garden,West,2022-12-16,1,96.93,0.0,96.93,35,61.93,Bank Transfer,Processing
ORD03651,CUST0053,PROD038,Foam Roller,Sports,North,2022-06-08,5,34.69,0.0,173.46,60,113.46,Cash,Shipped
ORD03652,CUST0492,PROD052,Organic Green Tea 100g,Food & Beverage,North,2024-12-10,3,17.72,0.0,53.17,15,38.17,PayPal,Processing
ORD03653,CUST0133,PROD070,Car Wax Premium,Automotive,North,2022-04-19,4,28.8,15.0,97.91,40,57.91,Credit Card,Delivered
ORD03654,CUST0237,PROD047,Machine Learning A-Z,Books,South,2024-05-26,5,74.25,0.0,371.27,100,271.27,Credit Card,Delivered
ORD03655,CUST0305,PROD016,Leather Belt,Clothing,North,2023-06-24,2,46.86,0.0,93.72,36,57.72,Credit Card,Delivered
ORD03656,CUST0162,PROD061,Car Dash Cam 4K,Automotive,East,2022-04-19,2,92.97,0.0,185.93,84,101.93,Cash,Delivered
ORD03657,CUST0387,PROD003,Smart Watch Ultra,Electronics,Central,2023-11-18,3,377.61,0.0,1132.84,420,712.84,PayPal,Cancelled
ORD03658,CUST0113,PROD017,Formal Trousers,Clothing,Central,2022-10-10,2,85.23,0.0,170.46,70,100.46,Credit Card,Delivered
ORD03659,CUST0159,PROD064,Seat Covers Set,Automotive,East,2022-11-11,1,77.48,5.0,73.6,32,41.6,Credit Card,Delivered
ORD03660,CUST0014,PROD011,Classic White Shirt,Clothing,North,2022-06-04,3,47.23,10.0,127.53,45,82.53,Cash,Delivered
ORD03661,CUST0344,PROD005,"4K Monitor 27""",Electronics,North,2022-07-15,4,443.2,0.0,1772.79,880,892.79,Debit Card,Processing
ORD03662,CUST0191,PROD022,Air Purifier Pro,Home & Garden,Central,2024-11-29,2,230.51,20.0,368.82,220,148.82,Debit Card,Delivered
ORD03663,CUST0272,PROD037,Jump Rope Speed,Sports,Central,2022-03-06,3,17.98,10.0,48.55,21,27.55,Debit Card,Delivered
ORD03664,CUST0487,PROD044,Marketing Strategy,Books,West,2022-12-27,1,37.03,0.0,37.03,10,27.03,Credit Card,Delivered
ORD03665,CUST0028,PROD008,Webcam HD 1080p,Electronics,South,2022-04-05,1,63.67,0.0,63.67,25,38.67,PayPal,Delivered
ORD03666,CUST0489,PROD025,Blender Pro 1000W,Home & Garden,West,2023-03-05,2,90.35,0.0,180.7,70,110.7,Debit Card,Shipped
ORD03667,CUST0352,PROD062,Tire Inflator Auto,Automotive,South,2024-01-15,2,45.15,0.0,90.31,36,54.31,Debit Card,Delivered
ORD03668,CUST0341,PROD027,LED Desk Lamp,Home & Garden,North,2023-06-05,3,47.99,5.0,136.78,54,82.78,PayPal,Delivered
ORD03669,CUST0313,PROD005,"4K Monitor 27""",Electronics,North,2023-03-20,3,421.71,5.0,1201.87,660,541.87,PayPal,Processing
ORD03670,CUST0410,PROD003,Smart Watch Ultra,Electronics,South,2023-09-03,5,345.0,20.0,1380.01,700,680.01,Credit Card,Delivered
ORD03671,CUST0124,PROD036,Gym Gloves,Sports,Central,2024-11-14,4,24.65,0.0,98.59,36,62.59,Debit Card,Shipped
ORD03672,CUST0283,PROD050,Digital Marketing,Books,Central,2024-01-01,2,39.5,5.0,75.05,22,53.05,Bank Transfer,Shipped
ORD03673,CUST0467,PROD012,Denim Jeans Slim,Clothing,East,2023-05-12,3,81.56,10.0,220.21,84,136.21,PayPal,Delivered
ORD03674,CUST0035,PROD052,Organic Green Tea 100g,Food & Beverage,West,2024-08-24,2,17.48,20.0,27.97,10,17.97,Credit Card,Delivered
ORD03675,CUST0161,PROD009,USB-C Hub 7-in-1,Electronics,East,2022-12-30,4,64.69,5.0,245.81,80,165.81,PayPal,Processing
ORD03676,CUST0397,PROD008,Webcam HD 1080p,Electronics,South,2022-05-16,3,68.83,5.0,196.18,75,121.18,Debit Card,Delivered
ORD03677,CUST0003,PROD018,Polo Shirt Premium,Clothing,South,2023-05-20,5,59.29,5.0,281.62,110,171.62,Bank Transfer,Delivered
ORD03678,CUST0145,PROD049,Entrepreneurship Now,Books,West,2023-06-30,4,38.04,0.0,152.14,36,116.14,Debit Card,Delivered
ORD03679,CUST0328,PROD064,Seat Covers Set,Automotive,West,2024-01-30,2,75.66,5.0,143.75,64,79.75,PayPal,Cancelled
ORD03680,CUST0285,PROD012,Denim Jeans Slim,Clothing,West,2024-03-17,4,82.47,15.0,280.4,112,168.4,Debit Card,Delivered
ORD03681,CUST0068,PROD031,Yoga Mat Premium,Sports,South,2024-04-15,2,47.36,20.0,75.77,36,39.77,Cash,Delivered
ORD03682,CUST0359,PROD052,Organic Green Tea 100g,Food & Beverage,South,2023-11-26,2,16.75,0.0,33.51,10,23.51,Bank Transfer,Delivered
ORD03683,CUST0295,PROD026,Plant Pot Set x3,Home & Garden,North,2022-11-05,3,35.91,5.0,102.33,42,60.33,Credit Card,Delivered
ORD03684,CUST0488,PROD022,Air Purifier Pro,Home & Garden,East,2024-07-26,4,271.45,15.0,922.95,440,482.95,Cash,Cancelled
ORD03685,CUST0354,PROD058,Almond Milk 1L,Food & Beverage,Central,2023-10-26,3,7.54,15.0,19.23,6,13.23,PayPal,Delivered
ORD03686,CUST0165,PROD052,Organic Green Tea 100g,Food & Beverage,East,2023-11-04,5,18.9,0.0,94.48,25,69.48,Cash,Delivered
ORD03687,CUST0462,PROD044,Marketing Strategy,Books,North,2022-07-27,4,39.75,0.0,159.01,40,119.01,PayPal,Delivered
ORD03688,CUST0497,PROD016,Leather Belt,Clothing,North,2023-04-30,5,45.98,20.0,183.9,90,93.9,Cash,Processing
ORD03689,CUST0418,PROD035,Running Shoes Pro,Sports,South,2022-06-08,4,118.58,20.0,379.46,220,159.46,Debit Card,Shipped
ORD03690,CUST0119,PROD062,Tire Inflator Auto,Automotive,East,2024-10-21,1,41.41,20.0,33.13,18,15.13,Cash,Shipped
ORD03691,CUST0428,PROD050,Digital Marketing,Books,Central,2024-08-03,1,36.23,0.0,36.23,11,25.23,Bank Transfer,Processing
ORD03692,CUST0210,PROD055,Olive Oil Extra Virgin,Food & Beverage,South,2024-08-28,2,27.33,5.0,51.92,18,33.92,Debit Card,Processing
ORD03693,CUST0488,PROD021,Robot Vacuum Cleaner,Home & Garden,East,2022-01-09,1,285.48,10.0,256.93,140,116.93,Bank Transfer,Processing
ORD03694,CUST0375,PROD066,Car Vacuum Cleaner,Automotive,South,2022-02-09,5,59.36,5.0,281.95,110,171.95,PayPal,Delivered
ORD03695,CUST0374,PROD058,Almond Milk 1L,Food & Beverage,South,2022-08-30,2,8.77,0.0,17.53,4,13.53,Bank Transfer,Processing
ORD03696,CUST0207,PROD031,Yoga Mat Premium,Sports,Central,2023-09-02,4,44.07,0.0,176.29,72,104.29,PayPal,Processing
ORD03697,CUST0222,PROD052,Organic Green Tea 100g,Food & Beverage,West,2022-12-03,4,19.23,0.0,76.93,20,56.93,PayPal,Processing
ORD03698,CUST0016,PROD044,Marketing Strategy,Books,West,2023-02-25,2,38.74,5.0,73.61,20,53.61,Debit Card,Shipped
ORD03699,CUST0093,PROD066,Car Vacuum Cleaner,Automotive,South,2023-09-08,1,51.87,20.0,41.49,22,19.49,Cash,Delivered
ORD03700,CUST0297,PROD020,Knit Sweater,Clothing,East,2022-06-13,1,70.22,5.0,66.71,30,36.71,Bank Transfer,Shipped
ORD03701,CUST0141,PROD060,Collagen Powder 300g,Food & Beverage,East,2024-07-31,1,46.08,5.0,43.78,16,27.78,Credit Card,Delivered
ORD03702,CUST0370,PROD067,Steering Wheel Cover,Automotive,North,2023-04-05,2,28.01,10.0,50.41,22,28.41,Credit Card,Delivered
ORD03703,CUST0078,PROD060,Collagen Powder 300g,Food & Beverage,South,2024-03-08,1,42.03,20.0,33.62,16,17.62,Cash,Delivered
ORD03704,CUST0058,PROD046,Finance for Managers,Books,North,2024-04-01,2,48.65,0.0,97.3,26,71.3,Cash,Delivered
ORD03705,CUST0228,PROD016,Leather Belt,Clothing,Central,2022-06-16,2,42.54,0.0,85.08,36,49.08,PayPal,Delivered
ORD03706,CUST0075,PROD022,Air Purifier Pro,Home & Garden,South,2024-05-08,4,256.81,0.0,1027.23,440,587.23,PayPal,Delivered
ORD03707,CUST0039,PROD014,Wool Winter Coat,Clothing,South,2022-07-25,3,171.82,10.0,463.92,225,238.92,Cash,Processing
ORD03708,CUST0426,PROD062,Tire Inflator Auto,Automotive,Central,2023-06-28,1,47.06,0.0,47.06,18,29.06,Bank Transfer,Delivered
ORD03709,CUST0010,PROD025,Blender Pro 1000W,Home & Garden,South,2023-03-20,1,81.42,0.0,81.42,35,46.42,Cash,Delivered
ORD03710,CUST0275,PROD024,Electric Kettle 1.7L,Home & Garden,West,2024-03-31,1,53.66,10.0,48.29,18,30.29,Cash,Shipped
ORD03711,CUST0129,PROD070,Car Wax Premium,Automotive,Central,2022-06-20,1,25.47,0.0,25.47,10,15.47,Debit Card,Cancelled
ORD03712,CUST0461,PROD057,Granola Bars x12,Food & Beverage,Central,2022-03-21,2,22.13,20.0,35.41,14,21.41,Bank Transfer,Cancelled
ORD03713,CUST0004,PROD007,Mechanical Keyboard,Electronics,South,2022-09-01,4,139.73,0.0,558.93,208,350.93,Credit Card,Cancelled
ORD03714,CUST0345,PROD011,Classic White Shirt,Clothing,South,2022-03-23,2,46.96,0.0,93.92,30,63.92,Debit Card,Delivered
ORD03715,CUST0144,PROD046,Finance for Managers,Books,West,2023-11-06,3,48.51,0.0,145.54,39,106.54,Credit Card,Delivered
ORD03716,CUST0198,PROD037,Jump Rope Speed,Sports,West,2023-02-09,1,18.72,15.0,15.91,7,8.91,Bank Transfer,Delivered
ORD03717,CUST0391,PROD020,Knit Sweater,Clothing,Central,2022-07-16,4,80.06,10.0,288.22,120,168.22,Credit Card,Delivered
ORD03718,CUST0200,PROD016,Leather Belt,Clothing,East,2024-02-22,1,41.22,20.0,32.97,18,14.97,Bank Transfer,Delivered
ORD03719,CUST0272,PROD003,Smart Watch Ultra,Electronics,Central,2022-06-26,4,322.2,0.0,1288.79,560,728.79,Credit Card,Delivered
ORD03720,CUST0339,PROD049,Entrepreneurship Now,Books,North,2023-09-26,1,39.57,0.0,39.57,9,30.57,Bank Transfer,Shipped
ORD03721,CUST0300,PROD056,Dark Chocolate Bar 72%,Food & Beverage,East,2022-01-09,2,13.13,10.0,23.63,8,15.63,Cash,Processing
ORD03722,CUST0063,PROD048,SQL Mastery,Books,North,2022-06-30,3,38.57,0.0,115.72,33,82.72,Cash,Delivered
ORD03723,CUST0481,PROD047,Machine Learning A-Z,Books,South,2023-09-05,3,66.77,5.0,190.29,60,130.29,Credit Card,Processing
ORD03724,CUST0021,PROD040,Water Bottle 1L,Sports,West,2023-03-13,4,21.9,10.0,78.83,32,46.83,PayPal,Delivered
ORD03725,CUST0238,PROD022,Air Purifier Pro,Home & Garden,Central,2023-08-27,4,233.44,0.0,933.75,440,493.75,Debit Card,Delivered
ORD03726,CUST0401,PROD061,Car Dash Cam 4K,Automotive,West,2022-06-13,1,107.28,5.0,101.91,42,59.91,PayPal,Shipped
ORD03727,CUST0252,PROD009,USB-C Hub 7-in-1,Electronics,Central,2022-08-16,4,54.54,10.0,196.35,80,116.35,PayPal,Delivered
ORD03728,CUST0253,PROD028,Storage Ottoman,Home & Garden,South,2022-11-07,1,72.73,0.0,72.73,32,40.73,Credit Card,Shipped
ORD03729,CUST0077,PROD057,Granola Bars x12,Food & Beverage,North,2022-06-18,3,20.76,0.0,62.27,21,41.27,Bank Transfer,Delivered
ORD03730,CUST0061,PROD024,Electric Kettle 1.7L,Home & Garden,North,2024-06-06,2,47.91,5.0,91.02,36,55.02,Cash,Delivered
ORD03731,CUST0303,PROD064,Seat Covers Set,Automotive,West,2023-12-07,3,73.74,0.0,221.23,96,125.23,Debit Card,Processing
ORD03732,CUST0059,PROD016,Leather Belt,Clothing,Central,2024-10-14,3,48.54,0.0,145.62,54,91.62,Debit Card,Shipped
ORD03733,CUST0285,PROD012,Denim Jeans Slim,Clothing,West,2023-08-03,4,82.49,0.0,329.95,112,217.95,Bank Transfer,Delivered
ORD03734,CUST0213,PROD064,Seat Covers Set,Automotive,East,2023-07-20,5,79.41,0.0,397.03,160,237.03,Bank Transfer,Delivered
ORD03735,CUST0206,PROD028,Storage Ottoman,Home & Garden,East,2023-08-02,5,76.05,10.0,342.24,160,182.24,Debit Card,Returned
ORD03736,CUST0222,PROD013,Casual Sneakers,Clothing,West,2022-03-04,3,87.51,15.0,223.16,120,103.16,PayPal,Delivered
ORD03737,CUST0155,PROD067,Steering Wheel Cover,Automotive,North,2023-12-14,4,27.31,0.0,109.23,44,65.23,Cash,Delivered
ORD03738,CUST0432,PROD056,Dark Chocolate Bar 72%,Food & Beverage,Central,2022-10-26,2,11.88,15.0,20.19,8,12.19,Credit Card,Delivered
ORD03739,CUST0307,PROD017,Formal Trousers,Clothing,West,2024-03-09,4,82.47,15.0,280.41,140,140.41,PayPal,Delivered
ORD03740,CUST0066,PROD043,Data Science Handbook,Books,West,2022-02-23,3,63.48,0.0,190.43,54,136.43,Bank Transfer,Delivered
ORD03741,CUST0387,PROD013,Casual Sneakers,Clothing,Central,2022-03-29,1,91.09,15.0,77.42,40,37.42,PayPal,Delivered
ORD03742,CUST0039,PROD011,Classic White Shirt,Clothing,South,2023-04-01,1,53.77,5.0,51.08,15,36.08,Cash,Shipped
ORD03743,CUST0086,PROD004,Bluetooth Speaker,Electronics,East,2024-05-12,2,84.74,20.0,135.58,70,65.58,Cash,Delivered
ORD03744,CUST0308,PROD027,LED Desk Lamp,Home & Garden,West,2022-07-30,1,40.53,15.0,34.45,18,16.45,Bank Transfer,Delivered
ORD03745,CUST0322,PROD053,Protein Powder Vanilla,Food & Beverage,East,2022-05-01,3,60.37,20.0,144.89,60,84.89,Credit Card,Delivered
ORD03746,CUST0192,PROD066,Car Vacuum Cleaner,Automotive,South,2022-10-16,1,54.69,0.0,54.69,22,32.69,Debit Card,Delivered
ORD03747,CUST0184,PROD024,Electric Kettle 1.7L,Home & Garden,West,2022-08-16,1,47.54,20.0,38.03,18,20.03,Debit Card,Delivered
ORD03748,CUST0144,PROD035,Running Shoes Pro,Sports,West,2022-10-20,5,119.92,0.0,599.6,275,324.6,Cash,Delivered
ORD03749,CUST0181,PROD007,Mechanical Keyboard,Electronics,East,2022-01-27,5,123.27,0.0,616.33,260,356.33,Debit Card,Delivered
ORD03750,CUST0493,PROD012,Denim Jeans Slim,Clothing,North,2024-01-04,5,80.44,0.0,402.19,140,262.19,Credit Card,Delivered
ORD03751,CUST0397,PROD044,Marketing Strategy,Books,South,2022-07-08,1,39.72,10.0,35.75,10,25.75,PayPal,Delivered
ORD03752,CUST0066,PROD040,Water Bottle 1L,Sports,West,2022-08-26,2,21.44,20.0,34.31,16,18.31,Credit Card,Shipped
ORD03753,CUST0291,PROD043,Data Science Handbook,Books,West,2023-05-20,3,67.17,20.0,161.21,54,107.21,PayPal,Delivered
ORD03754,CUST0288,PROD007,Mechanical Keyboard,Electronics,South,2024-06-26,2,120.35,15.0,204.6,104,100.6,Cash,Delivered
ORD03755,CUST0266,PROD065,Jump Starter Pack,Automotive,South,2022-01-16,4,85.25,15.0,289.85,152,137.85,PayPal,Returned
ORD03756,CUST0098,PROD028,Storage Ottoman,Home & Garden,North,2022-03-25,5,78.89,10.0,354.99,160,194.99,Debit Card,Delivered
ORD03757,CUST0078,PROD023,Coffee Maker Deluxe,Home & Garden,South,2022-02-05,1,116.71,0.0,116.71,52,64.71,Credit Card,Shipped
ORD03758,CUST0297,PROD025,Blender Pro 1000W,Home & Garden,East,2023-11-06,2,85.46,10.0,153.83,70,83.83,PayPal,Cancelled
ORD03759,CUST0353,PROD005,"4K Monitor 27""",Electronics,West,2022-09-16,5,473.49,0.0,2367.43,1100,1267.43,PayPal,Delivered
ORD03760,CUST0327,PROD044,Marketing Strategy,Books,South,2024-04-19,4,36.39,15.0,123.72,40,83.72,Debit Card,Delivered
ORD03761,CUST0086,PROD063,Car Phone Mount,Automotive,East,2022-12-25,1,25.71,15.0,21.85,9,12.85,Cash,Cancelled
ORD03762,CUST0496,PROD008,Webcam HD 1080p,Electronics,South,2023-04-03,1,67.42,20.0,53.94,25,28.94,PayPal,Delivered
ORD03763,CUST0255,PROD019,Running Shorts,Clothing,West,2022-02-21,2,41.7,10.0,75.07,30,45.07,Credit Card,Shipped
ORD03764,CUST0473,PROD003,Smart Watch Ultra,Electronics,East,2022-07-19,2,371.61,10.0,668.9,280,388.9,Bank Transfer,Delivered
ORD03765,CUST0025,PROD065,Jump Starter Pack,Automotive,South,2023-05-06,4,90.71,0.0,362.85,152,210.85,PayPal,Processing
ORD03766,CUST0267,PROD057,Granola Bars x12,Food & Beverage,East,2023-10-24,3,23.83,20.0,57.18,21,36.18,PayPal,Delivered
ORD03767,CUST0480,PROD029,Throw Blanket Soft,Home & Garden,North,2023-09-19,1,55.49,0.0,55.49,20,35.49,Debit Card,Delivered
ORD03768,CUST0398,PROD051,Premium Coffee Beans 1kg,Food & Beverage,North,2022-01-02,4,32.66,5.0,124.1,40,84.1,Cash,Shipped
ORD03769,CUST0451,PROD065,Jump Starter Pack,Automotive,West,2023-09-03,3,96.01,10.0,259.23,114,145.23,Cash,Processing
ORD03770,CUST0236,PROD005,"4K Monitor 27""",Electronics,West,2024-05-28,1,438.95,15.0,373.11,220,153.11,Credit Card,Delivered
ORD03771,CUST0457,PROD032,Resistance Bands Set,Sports,Central,2024-05-10,4,27.5,5.0,104.48,40,64.48,PayPal,Delivered
ORD03772,CUST0246,PROD059,Energy Drink Pack x24,Food & Beverage,East,2022-03-30,1,34.29,0.0,34.29,12,22.29,Bank Transfer,Delivered
ORD03773,CUST0224,PROD044,Marketing Strategy,Books,South,2023-04-02,4,39.25,0.0,156.98,40,116.98,PayPal,Delivered
ORD03774,CUST0149,PROD018,Polo Shirt Premium,Clothing,Central,2022-04-30,2,63.15,15.0,107.36,44,63.36,Credit Card,Delivered
ORD03775,CUST0159,PROD061,Car Dash Cam 4K,Automotive,East,2023-02-03,4,103.41,10.0,372.29,168,204.29,Cash,Delivered
ORD03776,CUST0249,PROD004,Bluetooth Speaker,Electronics,Central,2024-03-25,3,84.89,5.0,241.95,105,136.95,Bank Transfer,Cancelled
ORD03777,CUST0382,PROD069,LED Car Lights Kit,Automotive,Central,2023-01-05,3,37.12,20.0,89.09,42,47.09,Credit Card,Delivered
ORD03778,CUST0116,PROD047,Machine Learning A-Z,Books,West,2023-01-13,2,75.51,0.0,151.03,40,111.03,Debit Card,Delivered
ORD03779,CUST0077,PROD061,Car Dash Cam 4K,Automotive,North,2024-11-15,1,104.28,0.0,104.28,42,62.28,Credit Card,Delivered
ORD03780,CUST0180,PROD065,Jump Starter Pack,Automotive,West,2022-09-16,3,82.07,0.0,246.21,114,132.21,PayPal,Delivered
ORD03781,CUST0481,PROD038,Foam Roller,Sports,South,2024-03-26,5,32.26,10.0,145.15,60,85.15,PayPal,Delivered
ORD03782,CUST0488,PROD023,Coffee Maker Deluxe,Home & Garden,East,2023-08-01,5,140.05,5.0,665.22,260,405.22,Debit Card,Processing
ORD03783,CUST0214,PROD069,LED Car Lights Kit,Automotive,South,2024-02-15,1,32.64,0.0,32.64,14,18.64,PayPal,Delivered
ORD03784,CUST0293,PROD047,Machine Learning A-Z,Books,South,2023-05-05,2,67.99,0.0,135.98,40,95.98,Cash,Processing
ORD03785,CUST0230,PROD014,Wool Winter Coat,Clothing,West,2023-08-20,3,176.95,0.0,530.86,225,305.86,Credit Card,Delivered
ORD03786,CUST0486,PROD067,Steering Wheel Cover,Automotive,Central,2022-10-13,5,28.34,0.0,141.72,55,86.72,PayPal,Delivered
ORD03787,CUST0436,PROD009,USB-C Hub 7-in-1,Electronics,South,2022-10-14,5,58.23,0.0,291.17,100,191.17,Cash,Shipped
ORD03788,CUST0364,PROD033,Dumbbell Set 20kg,Sports,North,2024-06-25,2,81.87,0.0,163.73,84,79.73,Debit Card,Shipped
ORD03789,CUST0115,PROD026,Plant Pot Set x3,Home & Garden,West,2022-09-26,1,37.46,5.0,35.58,14,21.58,Bank Transfer,Delivered
ORD03790,CUST0004,PROD029,Throw Blanket Soft,Home & Garden,South,2022-12-29,1,53.45,0.0,53.45,20,33.45,Cash,Delivered
ORD03791,CUST0483,PROD059,Energy Drink Pack x24,Food & Beverage,East,2024-04-11,4,35.73,5.0,135.77,48,87.77,Credit Card,Delivered
ORD03792,CUST0220,PROD043,Data Science Handbook,Books,Central,2022-09-16,3,68.27,0.0,204.81,54,150.81,Credit Card,Processing
ORD03793,CUST0057,PROD062,Tire Inflator Auto,Automotive,South,2022-11-18,5,40.91,10.0,184.08,90,94.08,PayPal,Delivered
ORD03794,CUST0496,PROD017,Formal Trousers,Clothing,South,2022-11-06,1,87.54,15.0,74.41,35,39.41,Cash,Delivered
ORD03795,CUST0217,PROD006,Gaming Mouse,Electronics,North,2023-05-06,2,74.44,10.0,134.0,56,78.0,Debit Card,Delivered
ORD03796,CUST0313,PROD017,Formal Trousers,Clothing,North,2024-09-24,1,90.85,0.0,90.85,35,55.85,Credit Card,Shipped
ORD03797,CUST0442,PROD035,Running Shoes Pro,Sports,North,2023-01-12,5,132.82,5.0,630.89,275,355.89,Credit Card,Delivered
ORD03798,CUST0383,PROD006,Gaming Mouse,Electronics,Central,2023-01-13,3,77.05,15.0,196.48,84,112.48,PayPal,Shipped
ORD03799,CUST0406,PROD010,External SSD 1TB,Electronics,North,2022-05-12,5,156.15,0.0,780.75,325,455.75,Cash,Delivered
ORD03800,CUST0022,PROD035,Running Shoes Pro,Sports,East,2024-07-09,5,141.84,20.0,567.34,275,292.34,Debit Card,Delivered
ORD03801,CUST0133,PROD042,Python Programming,Books,North,2023-08-09,3,57.5,0.0,172.49,45,127.49,Debit Card,Shipped
ORD03802,CUST0171,PROD005,"4K Monitor 27""",Electronics,South,2022-06-19,4,463.58,5.0,1761.6,880,881.6,Bank Transfer,Cancelled
ORD03803,CUST0391,PROD041,Business Analytics Guide,Books,Central,2024-12-30,1,43.06,5.0,40.91,12,28.91,PayPal,Delivered
ORD03804,CUST0294,PROD067,Steering Wheel Cover,Automotive,South,2023-08-13,2,28.67,20.0,45.88,22,23.88,Credit Card,Shipped
ORD03805,CUST0351,PROD018,Polo Shirt Premium,Clothing,South,2023-12-24,2,67.31,15.0,114.43,44,70.43,Credit Card,Cancelled
ORD03806,CUST0194,PROD067,Steering Wheel Cover,Automotive,Central,2024-07-13,4,28.58,5.0,108.61,44,64.61,Bank Transfer,Delivered
ORD03807,CUST0074,PROD066,Car Vacuum Cleaner,Automotive,North,2023-12-07,2,56.75,15.0,96.47,44,52.47,Bank Transfer,Delivered
ORD03808,CUST0278,PROD031,Yoga Mat Premium,Sports,West,2022-02-24,5,41.94,0.0,209.71,90,119.71,PayPal,Delivered
ORD03809,CUST0407,PROD057,Granola Bars x12,Food & Beverage,South,2022-04-23,4,22.71,20.0,72.68,28,44.68,Cash,Delivered
ORD03810,CUST0264,PROD065,Jump Starter Pack,Automotive,East,2022-09-28,2,81.33,0.0,162.67,76,86.67,Bank Transfer,Delivered
ORD03811,CUST0282,PROD067,Steering Wheel Cover,Automotive,West,2024-06-23,1,28.34,20.0,22.67,11,11.67,Bank Transfer,Shipped
ORD03812,CUST0192,PROD026,Plant Pot Set x3,Home & Garden,South,2023-02-23,3,37.02,0.0,111.06,42,69.06,Debit Card,Shipped
ORD03813,CUST0018,PROD039,Pull-Up Bar,Sports,Central,2022-09-10,5,53.41,0.0,267.07,110,157.07,Credit Card,Cancelled
ORD03814,CUST0203,PROD002,Wireless Headphones,Electronics,Central,2024-02-15,5,207.77,15.0,883.04,400,483.04,Cash,Delivered
ORD03815,CUST0311,PROD015,Sport T-Shirt,Clothing,North,2023-03-28,4,32.09,0.0,128.35,48,80.35,Debit Card,Shipped
ORD03816,CUST0354,PROD011,Classic White Shirt,Clothing,Central,2023-01-30,1,44.49,15.0,37.82,15,22.82,Debit Card,Delivered
ORD03817,CUST0179,PROD041,Business Analytics Guide,Books,South,2023-11-21,2,45.63,10.0,82.13,24,58.13,Cash,Cancelled
ORD03818,CUST0069,PROD023,Coffee Maker Deluxe,Home & Garden,Central,2022-11-01,2,134.24,0.0,268.48,104,164.48,Debit Card,Delivered
ORD03819,CUST0444,PROD035,Running Shoes Pro,Sports,North,2024-06-14,3,131.57,15.0,335.49,165,170.49,Cash,Cancelled
ORD03820,CUST0213,PROD052,Organic Green Tea 100g,Food & Beverage,East,2024-02-18,5,16.95,5.0,80.52,25,55.52,Cash,Shipped
ORD03821,CUST0392,PROD055,Olive Oil Extra Virgin,Food & Beverage,South,2022-07-31,4,28.89,0.0,115.56,36,79.56,Bank Transfer,Delivered
ORD03822,CUST0004,PROD020,Knit Sweater,Clothing,South,2022-05-27,3,80.93,10.0,218.52,90,128.52,Debit Card,Delivered
ORD03823,CUST0234,PROD054,Mixed Nuts 500g,Food & Beverage,North,2022-07-21,3,24.8,0.0,74.41,24,50.41,Bank Transfer,Processing
ORD03824,CUST0466,PROD051,Premium Coffee Beans 1kg,Food & Beverage,North,2022-12-02,4,31.31,0.0,125.26,40,85.26,Bank Transfer,Delivered
ORD03825,CUST0422,PROD050,Digital Marketing,Books,North,2023-03-28,3,36.51,0.0,109.53,33,76.53,Bank Transfer,Delivered
ORD03826,CUST0296,PROD023,Coffee Maker Deluxe,Home & Garden,North,2023-07-27,3,140.43,0.0,421.29,156,265.29,Debit Card,Delivered
ORD03827,CUST0233,PROD047,Machine Learning A-Z,Books,Central,2024-01-19,4,69.32,20.0,221.83,80,141.83,Bank Transfer,Shipped
ORD03828,CUST0325,PROD062,Tire Inflator Auto,Automotive,Central,2024-04-21,3,45.26,10.0,122.2,54,68.2,PayPal,Delivered
ORD03829,CUST0245,PROD051,Premium Coffee Beans 1kg,Food & Beverage,East,2022-11-24,2,30.58,20.0,48.93,20,28.93,Cash,Delivered
ORD03830,CUST0124,PROD052,Organic Green Tea 100g,Food & Beverage,Central,2024-01-23,1,16.28,5.0,15.46,5,10.46,Debit Card,Delivered
ORD03831,CUST0147,PROD063,Car Phone Mount,Automotive,North,2024-04-26,5,23.15,10.0,104.17,45,59.17,Bank Transfer,Delivered
ORD03832,CUST0326,PROD004,Bluetooth Speaker,Electronics,North,2024-12-29,3,95.39,0.0,286.16,105,181.16,Credit Card,Cancelled
ORD03833,CUST0275,PROD065,Jump Starter Pack,Automotive,West,2022-09-16,4,95.69,15.0,325.34,152,173.34,Bank Transfer,Delivered
ORD03834,CUST0008,PROD051,Premium Coffee Beans 1kg,Food & Beverage,East,2023-04-19,3,33.29,10.0,89.89,30,59.89,Bank Transfer,Delivered
ORD03835,CUST0354,PROD043,Data Science Handbook,Books,Central,2023-03-18,3,67.4,0.0,202.21,54,148.21,Debit Card,Delivered
ORD03836,CUST0091,PROD012,Denim Jeans Slim,Clothing,Central,2022-08-14,3,78.01,20.0,187.21,84,103.21,PayPal,Cancelled
ORD03837,CUST0483,PROD004,Bluetooth Speaker,Electronics,East,2023-01-17,2,94.12,0.0,188.23,70,118.23,Bank Transfer,Delivered
ORD03838,CUST0012,PROD025,Blender Pro 1000W,Home & Garden,Central,2022-01-13,3,96.31,5.0,274.49,105,169.49,Cash,Delivered
ORD03839,CUST0204,PROD027,LED Desk Lamp,Home & Garden,South,2022-10-08,3,41.55,10.0,112.17,54,58.17,PayPal,Shipped
ORD03840,CUST0359,PROD045,Leadership Principles,Books,South,2022-04-17,4,28.96,0.0,115.82,32,83.82,Cash,Delivered
ORD03841,CUST0283,PROD009,USB-C Hub 7-in-1,Electronics,Central,2022-07-11,3,58.44,15.0,149.03,60,89.03,Debit Card,Processing
ORD03842,CUST0445,PROD029,Throw Blanket Soft,Home & Garden,Central,2023-01-31,4,56.6,0.0,226.38,80,146.38,Credit Card,Cancelled
ORD03843,CUST0345,PROD037,Jump Rope Speed,Sports,South,2023-07-07,3,17.34,5.0,49.43,21,28.43,Bank Transfer,Delivered
ORD03844,CUST0351,PROD063,Car Phone Mount,Automotive,South,2024-06-30,1,24.48,5.0,23.25,9,14.25,Debit Card,Shipped
ORD03845,CUST0334,PROD025,Blender Pro 1000W,Home & Garden,Central,2024-12-01,4,83.67,0.0,334.67,140,194.67,Credit Card,Returned
ORD03846,CUST0473,PROD015,Sport T-Shirt,Clothing,East,2022-11-07,1,37.25,20.0,29.8,12,17.8,Credit Card,Cancelled
ORD03847,CUST0167,PROD003,Smart Watch Ultra,Electronics,East,2024-11-26,3,349.24,0.0,1047.71,420,627.71,Debit Card,Delivered
ORD03848,CUST0305,PROD003,Smart Watch Ultra,Electronics,North,2023-06-03,5,328.31,20.0,1313.23,700,613.23,Debit Card,Delivered
ORD03849,CUST0454,PROD050,Digital Marketing,Books,North,2024-07-13,5,39.05,20.0,156.19,55,101.19,Cash,Delivered
ORD03850,CUST0027,PROD054,Mixed Nuts 500g,Food & Beverage,North,2024-04-10,4,25.07,15.0,85.25,32,53.25,Credit Card,Shipped
ORD03851,CUST0139,PROD043,Data Science Handbook,Books,South,2024-02-20,1,69.57,15.0,59.14,18,41.14,PayPal,Shipped
ORD03852,CUST0415,PROD050,Digital Marketing,Books,North,2023-08-09,4,43.01,10.0,154.85,44,110.85,Debit Card,Delivered
ORD03853,CUST0152,PROD053,Protein Powder Vanilla,Food & Beverage,West,2024-01-29,4,52.58,15.0,178.77,80,98.77,Credit Card,Delivered
ORD03854,CUST0122,PROD004,Bluetooth Speaker,Electronics,Central,2023-01-20,2,84.76,0.0,169.51,70,99.51,Credit Card,Cancelled
ORD03855,CUST0143,PROD031,Yoga Mat Premium,Sports,North,2023-03-17,3,40.95,15.0,104.42,54,50.42,Credit Card,Delivered
ORD03856,CUST0276,PROD056,Dark Chocolate Bar 72%,Food & Beverage,North,2023-11-11,3,11.74,5.0,33.46,12,21.46,PayPal,Processing
ORD03857,CUST0430,PROD041,Business Analytics Guide,Books,North,2024-12-22,1,45.37,0.0,45.37,12,33.37,Debit Card,Returned
ORD03858,CUST0440,PROD058,Almond Milk 1L,Food & Beverage,North,2024-11-09,5,8.22,15.0,34.94,10,24.94,Credit Card,Delivered
ORD03859,CUST0420,PROD066,Car Vacuum Cleaner,Automotive,East,2022-05-20,1,52.6,0.0,52.6,22,30.6,Debit Card,Delivered
ORD03860,CUST0239,PROD006,Gaming Mouse,Electronics,North,2024-04-10,4,85.22,0.0,340.88,112,228.88,Credit Card,Shipped
ORD03861,CUST0385,PROD034,Cycling Helmet,Sports,North,2023-11-08,2,79.35,15.0,134.9,64,70.9,Credit Card,Delivered
ORD03862,CUST0378,PROD050,Digital Marketing,Books,South,2023-03-21,4,38.48,0.0,153.93,44,109.93,PayPal,Delivered
ORD03863,CUST0112,PROD052,Organic Green Tea 100g,Food & Beverage,West,2023-02-08,1,18.45,0.0,18.45,5,13.45,Credit Card,Cancelled
ORD03864,CUST0318,PROD043,Data Science Handbook,Books,East,2024-11-23,3,63.46,5.0,180.86,54,126.86,Credit Card,Delivered
ORD03865,CUST0074,PROD016,Leather Belt,Clothing,North,2024-07-12,5,42.86,0.0,214.3,90,124.3,Cash,Delivered
ORD03866,CUST0172,PROD056,Dark Chocolate Bar 72%,Food & Beverage,West,2024-08-05,1,11.77,10.0,10.59,4,6.59,Cash,Shipped
ORD03867,CUST0144,PROD049,Entrepreneurship Now,Books,West,2023-02-23,4,37.45,5.0,142.32,36,106.32,Credit Card,Delivered
ORD03868,CUST0064,PROD032,Resistance Bands Set,Sports,West,2024-11-22,4,28.56,20.0,91.39,40,51.39,Cash,Returned
ORD03869,CUST0179,PROD016,Leather Belt,Clothing,South,2022-08-20,1,45.62,5.0,43.34,18,25.34,Bank Transfer,Delivered
ORD03870,CUST0009,PROD032,Resistance Bands Set,Sports,South,2024-12-03,2,29.95,0.0,59.9,20,39.9,Bank Transfer,Delivered
ORD03871,CUST0079,PROD027,LED Desk Lamp,Home & Garden,East,2022-03-27,3,48.28,0.0,144.85,54,90.85,Cash,Delivered
ORD03872,CUST0212,PROD050,Digital Marketing,Books,West,2023-01-24,3,38.85,10.0,104.9,33,71.9,Credit Card,Delivered
ORD03873,CUST0090,PROD053,Protein Powder Vanilla,Food & Beverage,North,2024-05-14,3,54.34,0.0,163.01,60,103.01,Cash,Delivered
ORD03874,CUST0090,PROD004,Bluetooth Speaker,Electronics,North,2024-01-17,2,97.68,10.0,175.82,70,105.82,Cash,Processing
ORD03875,CUST0268,PROD021,Robot Vacuum Cleaner,Home & Garden,West,2024-11-08,2,285.98,5.0,543.36,280,263.36,Bank Transfer,Shipped
ORD03876,CUST0346,PROD032,Resistance Bands Set,Sports,South,2022-07-13,4,31.35,15.0,106.59,40,66.59,Bank Transfer,Delivered
ORD03877,CUST0332,PROD039,Pull-Up Bar,Sports,West,2022-03-30,1,56.99,10.0,51.3,22,29.3,PayPal,Cancelled
ORD03878,CUST0058,PROD040,Water Bottle 1L,Sports,North,2024-05-26,5,21.93,20.0,87.73,40,47.73,Debit Card,Delivered
ORD03879,CUST0060,PROD051,Premium Coffee Beans 1kg,Food & Beverage,Central,2023-02-19,1,29.77,10.0,26.79,10,16.79,PayPal,Delivered
ORD03880,CUST0293,PROD060,Collagen Powder 300g,Food & Beverage,South,2024-08-04,2,44.81,5.0,85.14,32,53.14,Bank Transfer,Delivered
ORD03881,CUST0385,PROD044,Marketing Strategy,Books,North,2023-03-31,3,36.61,15.0,93.35,30,63.35,PayPal,Processing
ORD03882,CUST0339,PROD040,Water Bottle 1L,Sports,North,2022-05-06,2,21.21,20.0,33.93,16,17.93,Cash,Delivered
ORD03883,CUST0172,PROD070,Car Wax Premium,Automotive,West,2023-09-07,4,25.8,0.0,103.19,40,63.19,Credit Card,Processing
ORD03884,CUST0233,PROD044,Marketing Strategy,Books,Central,2024-08-14,2,41.35,0.0,82.71,20,62.71,Cash,Cancelled
ORD03885,CUST0306,PROD063,Car Phone Mount,Automotive,Central,2024-08-24,2,26.93,20.0,43.09,18,25.09,Credit Card,Shipped
ORD03886,CUST0247,PROD053,Protein Powder Vanilla,Food & Beverage,North,2023-04-04,5,59.02,20.0,236.06,100,136.06,Debit Card,Returned
ORD03887,CUST0290,PROD060,Collagen Powder 300g,Food & Beverage,Central,2024-08-31,4,44.6,15.0,151.65,64,87.65,Credit Card,Delivered
ORD03888,CUST0268,PROD008,Webcam HD 1080p,Electronics,West,2024-10-23,3,64.03,0.0,192.1,75,117.1,Bank Transfer,Shipped
ORD03889,CUST0036,PROD050,Digital Marketing,Books,West,2024-03-09,2,36.01,10.0,64.82,22,42.82,Credit Card,Delivered
ORD03890,CUST0028,PROD014,Wool Winter Coat,Clothing,South,2022-06-19,2,172.87,20.0,276.59,150,126.59,Debit Card,Shipped
ORD03891,CUST0105,PROD024,Electric Kettle 1.7L,Home & Garden,Central,2023-07-25,2,46.0,15.0,78.19,36,42.19,PayPal,Delivered
ORD03892,CUST0255,PROD031,Yoga Mat Premium,Sports,West,2022-04-17,3,47.15,5.0,134.38,54,80.38,Bank Transfer,Returned
ORD03893,CUST0390,PROD009,USB-C Hub 7-in-1,Electronics,South,2022-07-12,5,62.94,20.0,251.78,100,151.78,Bank Transfer,Cancelled
ORD03894,CUST0201,PROD061,Car Dash Cam 4K,Automotive,East,2024-08-30,1,96.55,15.0,82.07,42,40.07,Cash,Delivered
ORD03895,CUST0063,PROD041,Business Analytics Guide,Books,North,2024-03-27,4,47.43,5.0,180.22,48,132.22,PayPal,Delivered
ORD03896,CUST0237,PROD030,Garden Hose 50ft,Home & Garden,South,2024-02-13,5,69.61,0.0,348.06,140,208.06,PayPal,Processing
ORD03897,CUST0015,PROD031,Yoga Mat Premium,Sports,North,2022-02-02,1,46.03,0.0,46.03,18,28.03,Debit Card,Delivered
ORD03898,CUST0355,PROD053,Protein Powder Vanilla,Food & Beverage,East,2023-07-31,2,60.35,5.0,114.67,40,74.67,PayPal,Delivered
ORD03899,CUST0294,PROD006,Gaming Mouse,Electronics,South,2024-07-28,5,74.26,15.0,315.62,140,175.62,Debit Card,Delivered
ORD03900,CUST0255,PROD016,Leather Belt,Clothing,West,2022-06-30,5,41.18,0.0,205.92,90,115.92,Debit Card,Returned
ORD03901,CUST0039,PROD049,Entrepreneurship Now,Books,South,2022-01-28,4,32.55,15.0,110.68,36,74.68,PayPal,Delivered
ORD03902,CUST0020,PROD013,Casual Sneakers,Clothing,Central,2023-05-14,4,86.45,0.0,345.81,160,185.81,PayPal,Delivered
ORD03903,CUST0052,PROD039,Pull-Up Bar,Sports,Central,2022-08-23,1,59.49,0.0,59.49,22,37.49,Credit Card,Shipped
ORD03904,CUST0040,PROD064,Seat Covers Set,Automotive,East,2022-07-16,1,72.19,15.0,61.36,32,29.36,Debit Card,Delivered
ORD03905,CUST0289,PROD051,Premium Coffee Beans 1kg,Food & Beverage,Central,2022-03-04,5,29.01,5.0,137.79,50,87.79,PayPal,Delivered
ORD03906,CUST0427,PROD032,Resistance Bands Set,Sports,South,2023-03-04,3,31.0,0.0,93.0,30,63.0,Cash,Delivered
ORD03907,CUST0006,PROD018,Polo Shirt Premium,Clothing,West,2023-02-21,2,62.64,10.0,112.76,44,68.76,Cash,Shipped
ORD03908,CUST0045,PROD024,Electric Kettle 1.7L,Home & Garden,South,2024-01-04,4,52.87,10.0,190.32,72,118.32,Debit Card,Delivered
ORD03909,CUST0251,PROD030,Garden Hose 50ft,Home & Garden,North,2024-04-05,4,65.91,20.0,210.92,112,98.92,PayPal,Delivered
ORD03910,CUST0279,PROD019,Running Shorts,Clothing,West,2024-10-31,4,46.07,5.0,175.08,60,115.08,PayPal,Shipped
ORD03911,CUST0232,PROD044,Marketing Strategy,Books,Central,2023-05-07,2,34.37,0.0,68.75,20,48.75,Credit Card,Cancelled
ORD03912,CUST0409,PROD023,Coffee Maker Deluxe,Home & Garden,North,2024-10-10,2,137.19,5.0,260.65,104,156.65,Bank Transfer,Delivered
ORD03913,CUST0263,PROD067,Steering Wheel Cover,Automotive,West,2024-11-27,2,27.9,10.0,50.22,22,28.22,PayPal,Delivered
ORD03914,CUST0261,PROD066,Car Vacuum Cleaner,Automotive,Central,2022-12-07,4,56.87,0.0,227.47,88,139.47,Credit Card,Delivered
ORD03915,CUST0275,PROD019,Running Shorts,Clothing,West,2022-03-12,2,37.97,5.0,72.15,30,42.15,Credit Card,Delivered
ORD03916,CUST0310,PROD063,Car Phone Mount,Automotive,Central,2024-02-12,1,24.1,10.0,21.69,9,12.69,Credit Card,Delivered
ORD03917,CUST0243,PROD002,Wireless Headphones,Electronics,West,2023-11-24,3,187.4,0.0,562.19,240,322.19,Bank Transfer,Cancelled
ORD03918,CUST0350,PROD054,Mixed Nuts 500g,Food & Beverage,West,2024-03-31,2,25.1,15.0,42.67,16,26.67,Debit Card,Returned
ORD03919,CUST0466,PROD063,Car Phone Mount,Automotive,North,2023-10-18,4,26.73,0.0,106.9,36,70.9,Bank Transfer,Delivered
ORD03920,CUST0489,PROD040,Water Bottle 1L,Sports,West,2023-02-16,1,20.19,0.0,20.19,8,12.19,Credit Card,Shipped
ORD03921,CUST0172,PROD045,Leadership Principles,Books,West,2022-04-18,5,34.05,10.0,153.24,40,113.24,Debit Card,Delivered
ORD03922,CUST0212,PROD026,Plant Pot Set x3,Home & Garden,West,2024-06-27,5,35.99,0.0,179.94,70,109.94,PayPal,Cancelled
ORD03923,CUST0176,PROD064,Seat Covers Set,Automotive,West,2024-12-24,1,73.84,15.0,62.76,32,30.76,Debit Card,Delivered
ORD03924,CUST0118,PROD025,Blender Pro 1000W,Home & Garden,North,2023-07-25,1,86.06,10.0,77.46,35,42.46,Debit Card,Shipped
ORD03925,CUST0234,PROD002,Wireless Headphones,Electronics,North,2022-04-14,5,208.54,0.0,1042.68,400,642.68,PayPal,Shipped
ORD03926,CUST0064,PROD062,Tire Inflator Auto,Automotive,West,2024-06-27,4,44.32,0.0,177.29,72,105.29,Bank Transfer,Delivered
ORD03927,CUST0435,PROD044,Marketing Strategy,Books,North,2024-12-29,1,38.09,20.0,30.47,10,20.47,Credit Card,Delivered
ORD03928,CUST0311,PROD033,Dumbbell Set 20kg,Sports,North,2022-10-08,4,89.35,0.0,357.42,168,189.42,Cash,Delivered
ORD03929,CUST0240,PROD057,Granola Bars x12,Food & Beverage,Central,2024-07-28,3,23.18,20.0,55.64,21,34.64,Credit Card,Cancelled
ORD03930,CUST0323,PROD017,Formal Trousers,Clothing,Central,2023-03-28,1,97.78,20.0,78.23,35,43.23,Credit Card,Delivered
ORD03931,CUST0170,PROD060,Collagen Powder 300g,Food & Beverage,West,2023-12-16,5,49.02,15.0,208.34,80,128.34,Debit Card,Delivered
ORD03932,CUST0284,PROD004,Bluetooth Speaker,Electronics,South,2024-06-05,4,96.65,10.0,347.95,140,207.95,Bank Transfer,Shipped
ORD03933,CUST0368,PROD014,Wool Winter Coat,Clothing,West,2023-08-18,2,173.68,10.0,312.62,150,162.62,Credit Card,Shipped
ORD03934,CUST0499,PROD060,Collagen Powder 300g,Food & Beverage,Central,2022-10-14,4,45.96,5.0,174.64,64,110.64,Bank Transfer,Shipped
ORD03935,CUST0033,PROD046,Finance for Managers,Books,Central,2023-12-31,1,50.47,0.0,50.47,13,37.47,Bank Transfer,Processing
ORD03936,CUST0322,PROD040,Water Bottle 1L,Sports,East,2024-05-24,4,22.84,0.0,91.35,32,59.35,Cash,Delivered
ORD03937,CUST0447,PROD029,Throw Blanket Soft,Home & Garden,Central,2024-03-26,2,56.74,10.0,102.13,40,62.13,Debit Card,Delivered
ORD03938,CUST0413,PROD031,Yoga Mat Premium,Sports,Central,2023-04-29,4,45.4,15.0,154.37,72,82.37,PayPal,Delivered
ORD03939,CUST0338,PROD027,LED Desk Lamp,Home & Garden,West,2024-03-23,2,44.64,5.0,84.81,36,48.81,Debit Card,Delivered
ORD03940,CUST0186,PROD045,Leadership Principles,Books,West,2023-01-12,4,31.57,5.0,119.95,32,87.95,Cash,Processing
ORD03941,CUST0148,PROD023,Coffee Maker Deluxe,Home & Garden,Central,2024-11-20,1,130.8,15.0,111.18,52,59.18,Debit Card,Delivered
ORD03942,CUST0373,PROD036,Gym Gloves,Sports,North,2024-03-24,1,27.25,20.0,21.8,9,12.8,PayPal,Delivered
ORD03943,CUST0156,PROD066,Car Vacuum Cleaner,Automotive,East,2022-01-02,4,52.71,10.0,189.74,88,101.74,Debit Card,Processing
ORD03944,CUST0151,PROD040,Water Bottle 1L,Sports,North,2022-08-06,2,21.22,10.0,38.2,16,22.2,Bank Transfer,Delivered
ORD03945,CUST0071,PROD060,Collagen Powder 300g,Food & Beverage,West,2022-11-08,4,43.4,10.0,156.26,64,92.26,Bank Transfer,Delivered
ORD03946,CUST0431,PROD059,Energy Drink Pack x24,Food & Beverage,South,2022-02-21,5,37.37,10.0,168.17,60,108.17,PayPal,Returned
ORD03947,CUST0149,PROD015,Sport T-Shirt,Clothing,Central,2024-12-25,1,33.72,0.0,33.72,12,21.72,PayPal,Delivered
ORD03948,CUST0158,PROD020,Knit Sweater,Clothing,East,2024-06-21,1,80.88,20.0,64.7,30,34.7,Bank Transfer,Delivered
ORD03949,CUST0415,PROD059,Energy Drink Pack x24,Food & Beverage,North,2023-01-21,5,31.99,20.0,127.96,60,67.96,Debit Card,Delivered
ORD03950,CUST0340,PROD048,SQL Mastery,Books,South,2023-12-23,4,40.75,0.0,162.99,44,118.99,Cash,Delivered
ORD03951,CUST0073,PROD009,USB-C Hub 7-in-1,Electronics,South,2022-06-14,1,63.03,0.0,63.03,20,43.03,Cash,Delivered
ORD03952,CUST0429,PROD050,Digital Marketing,Books,East,2022-04-25,3,42.19,0.0,126.57,33,93.57,Cash,Delivered
ORD03953,CUST0085,PROD039,Pull-Up Bar,Sports,West,2023-07-07,5,57.24,0.0,286.22,110,176.22,Cash,Cancelled
ORD03954,CUST0168,PROD054,Mixed Nuts 500g,Food & Beverage,North,2024-10-03,3,24.67,0.0,74.01,24,50.01,Debit Card,Shipped
ORD03955,CUST0413,PROD023,Coffee Maker Deluxe,Home & Garden,Central,2022-10-17,5,121.16,0.0,605.81,260,345.81,Credit Card,Shipped
ORD03956,CUST0285,PROD034,Cycling Helmet,Sports,West,2022-11-04,3,81.11,0.0,243.33,96,147.33,Cash,Delivered
ORD03957,CUST0107,PROD049,Entrepreneurship Now,Books,North,2022-03-15,4,34.38,10.0,123.77,36,87.77,Credit Card,Delivered
ORD03958,CUST0403,PROD064,Seat Covers Set,Automotive,South,2023-12-07,2,86.83,0.0,173.66,64,109.66,Debit Card,Cancelled
ORD03959,CUST0486,PROD052,Organic Green Tea 100g,Food & Beverage,Central,2024-04-15,5,16.96,0.0,84.79,25,59.79,Cash,Delivered
ORD03960,CUST0198,PROD064,Seat Covers Set,Automotive,West,2022-12-11,1,71.32,5.0,67.75,32,35.75,Debit Card,Delivered
ORD03961,CUST0195,PROD060,Collagen Powder 300g,Food & Beverage,South,2022-10-06,3,47.57,5.0,135.57,48,87.57,Bank Transfer,Delivered
ORD03962,CUST0243,PROD025,Blender Pro 1000W,Home & Garden,West,2024-07-13,3,84.36,20.0,202.46,105,97.46,PayPal,Returned
ORD03963,CUST0286,PROD015,Sport T-Shirt,Clothing,North,2023-10-31,4,37.69,15.0,128.14,48,80.14,Credit Card,Processing
ORD03964,CUST0456,PROD008,Webcam HD 1080p,Electronics,Central,2023-07-22,3,67.5,15.0,172.12,75,97.12,Cash,Delivered
ORD03965,CUST0412,PROD052,Organic Green Tea 100g,Food & Beverage,East,2024-04-15,4,17.12,15.0,58.21,20,38.21,Bank Transfer,Delivered
ORD03966,CUST0236,PROD002,Wireless Headphones,Electronics,West,2024-10-06,2,193.5,0.0,387.01,160,227.01,PayPal,Cancelled
ORD03967,CUST0423,PROD015,Sport T-Shirt,Clothing,North,2023-03-25,3,33.81,0.0,101.44,36,65.44,PayPal,Delivered
ORD03968,CUST0078,PROD057,Granola Bars x12,Food & Beverage,South,2024-05-28,5,24.09,15.0,102.39,35,67.39,Bank Transfer,Delivered
ORD03969,CUST0290,PROD013,Casual Sneakers,Clothing,Central,2024-11-18,2,98.16,20.0,157.05,80,77.05,PayPal,Delivered
ORD03970,CUST0432,PROD016,Leather Belt,Clothing,Central,2023-08-31,5,47.17,0.0,235.86,90,145.86,PayPal,Shipped
ORD03971,CUST0379,PROD058,Almond Milk 1L,Food & Beverage,West,2024-05-28,2,8.57,20.0,13.71,4,9.71,Bank Transfer,Delivered
ORD03972,CUST0021,PROD025,Blender Pro 1000W,Home & Garden,West,2024-03-13,3,89.31,0.0,267.94,105,162.94,Debit Card,Delivered
ORD03973,CUST0430,PROD057,Granola Bars x12,Food & Beverage,North,2024-08-01,4,21.41,5.0,81.34,28,53.34,Credit Card,Cancelled
ORD03974,CUST0200,PROD033,Dumbbell Set 20kg,Sports,East,2023-08-19,2,82.93,15.0,140.98,84,56.98,Bank Transfer,Processing
ORD03975,CUST0474,PROD039,Pull-Up Bar,Sports,Central,2023-03-24,3,52.81,20.0,126.74,66,60.74,Bank Transfer,Returned
ORD03976,CUST0434,PROD041,Business Analytics Guide,Books,North,2023-11-22,5,40.79,0.0,203.93,60,143.93,PayPal,Delivered
ORD03977,CUST0234,PROD050,Digital Marketing,Books,North,2022-05-03,3,43.96,0.0,131.87,33,98.87,Cash,Delivered
ORD03978,CUST0267,PROD060,Collagen Powder 300g,Food & Beverage,East,2023-07-06,4,44.67,15.0,151.88,64,87.88,Credit Card,Delivered
ORD03979,CUST0407,PROD016,Leather Belt,Clothing,South,2023-02-08,3,42.05,20.0,100.92,54,46.92,Cash,Processing
ORD03980,CUST0214,PROD015,Sport T-Shirt,Clothing,South,2022-04-04,4,34.63,15.0,117.73,48,69.73,Bank Transfer,Cancelled
ORD03981,CUST0423,PROD001,Laptop Pro 15,Electronics,North,2023-10-07,3,1232.38,0.0,3697.15,2250,1447.15,Credit Card,Delivered
ORD03982,CUST0176,PROD002,Wireless Headphones,Electronics,West,2022-02-28,1,195.88,0.0,195.88,80,115.88,Cash,Returned
ORD03983,CUST0173,PROD042,Python Programming,Books,East,2022-08-14,3,49.92,0.0,149.77,45,104.77,Credit Card,Delivered
ORD03984,CUST0073,PROD023,Coffee Maker Deluxe,Home & Garden,South,2023-12-05,1,133.07,10.0,119.77,52,67.77,Credit Card,Delivered
ORD03985,CUST0049,PROD062,Tire Inflator Auto,Automotive,North,2023-12-05,2,48.46,0.0,96.92,36,60.92,Bank Transfer,Delivered
ORD03986,CUST0072,PROD027,LED Desk Lamp,Home & Garden,South,2023-04-22,2,47.26,10.0,85.06,36,49.06,PayPal,Delivered
ORD03987,CUST0293,PROD010,External SSD 1TB,Electronics,South,2022-07-25,1,138.34,15.0,117.59,65,52.59,PayPal,Delivered
ORD03988,CUST0115,PROD003,Smart Watch Ultra,Electronics,West,2023-07-17,2,342.1,0.0,684.19,280,404.19,Bank Transfer,Processing
ORD03989,CUST0011,PROD022,Air Purifier Pro,Home & Garden,East,2022-11-02,5,245.72,15.0,1044.31,550,494.31,Bank Transfer,Cancelled
ORD03990,CUST0165,PROD032,Resistance Bands Set,Sports,East,2023-12-06,1,30.11,10.0,27.1,10,17.1,PayPal,Delivered
ORD03991,CUST0071,PROD022,Air Purifier Pro,Home & Garden,West,2024-12-18,2,251.69,15.0,427.87,220,207.87,PayPal,Delivered
ORD03992,CUST0272,PROD063,Car Phone Mount,Automotive,Central,2023-12-02,1,23.8,20.0,19.04,9,10.04,Bank Transfer,Returned
ORD03993,CUST0204,PROD039,Pull-Up Bar,Sports,South,2022-06-15,5,52.05,0.0,260.27,110,150.27,Credit Card,Delivered
ORD03994,CUST0386,PROD057,Granola Bars x12,Food & Beverage,South,2023-09-16,3,23.45,0.0,70.34,21,49.34,Debit Card,Shipped
ORD03995,CUST0362,PROD016,Leather Belt,Clothing,West,2022-03-06,4,41.72,0.0,166.89,72,94.89,Cash,Processing
ORD03996,CUST0071,PROD014,Wool Winter Coat,Clothing,West,2024-05-01,4,177.65,5.0,675.08,300,375.08,PayPal,Delivered
ORD03997,CUST0384,PROD052,Organic Green Tea 100g,Food & Beverage,Central,2022-10-15,1,18.6,20.0,14.88,5,9.88,Bank Transfer,Delivered
ORD03998,CUST0389,PROD004,Bluetooth Speaker,Electronics,Central,2024-05-16,2,93.65,0.0,187.29,70,117.29,Credit Card,Delivered
ORD03999,CUST0198,PROD067,Steering Wheel Cover,Automotive,West,2024-05-18,1,29.08,10.0,26.17,11,15.17,Credit Card,Delivered
ORD04000,CUST0345,PROD036,Gym Gloves,Sports,South,2024-06-24,4,23.3,10.0,83.88,36,47.88,Cash,Cancelled
ORD04001,CUST0429,PROD026,Plant Pot Set x3,Home & Garden,East,2024-05-18,5,36.93,10.0,166.16,70,96.16,Bank Transfer,Delivered
ORD04002,CUST0047,PROD060,Collagen Powder 300g,Food & Beverage,East,2023-04-27,5,45.88,0.0,229.4,80,149.4,Bank Transfer,Shipped
ORD04003,CUST0343,PROD015,Sport T-Shirt,Clothing,West,2022-05-02,3,33.85,15.0,86.32,36,50.32,PayPal,Shipped
ORD04004,CUST0301,PROD004,Bluetooth Speaker,Electronics,North,2022-10-20,2,96.38,15.0,163.84,70,93.84,Bank Transfer,Delivered
ORD04005,CUST0494,PROD025,Blender Pro 1000W,Home & Garden,West,2022-07-24,2,97.05,0.0,194.1,70,124.1,PayPal,Processing
ORD04006,CUST0378,PROD045,Leadership Principles,Books,South,2024-12-23,5,32.2,0.0,160.98,40,120.98,PayPal,Delivered
ORD04007,CUST0196,PROD005,"4K Monitor 27""",Electronics,South,2022-07-05,3,463.52,0.0,1390.56,660,730.56,Debit Card,Delivered
ORD04008,CUST0472,PROD028,Storage Ottoman,Home & Garden,East,2023-05-12,4,71.97,0.0,287.87,128,159.87,Debit Card,Delivered
ORD04009,CUST0205,PROD031,Yoga Mat Premium,Sports,Central,2023-05-02,1,42.72,0.0,42.72,18,24.72,Bank Transfer,Delivered
ORD04010,CUST0487,PROD003,Smart Watch Ultra,Electronics,West,2024-01-30,4,340.53,0.0,1362.1,560,802.1,Cash,Shipped
ORD04011,CUST0214,PROD069,LED Car Lights Kit,Automotive,South,2022-08-14,3,33.55,0.0,100.65,42,58.65,PayPal,Shipped
ORD04012,CUST0083,PROD010,External SSD 1TB,Electronics,North,2023-02-02,1,149.64,15.0,127.19,65,62.19,Debit Card,Shipped
ORD04013,CUST0045,PROD006,Gaming Mouse,Electronics,South,2023-05-25,4,85.05,0.0,340.2,112,228.2,Debit Card,Cancelled
ORD04014,CUST0483,PROD067,Steering Wheel Cover,Automotive,East,2022-06-23,1,30.08,20.0,24.06,11,13.06,Debit Card,Shipped
ORD04015,CUST0175,PROD068,Car Air Freshener x5,Automotive,South,2024-09-17,4,13.86,15.0,47.11,20,27.11,Credit Card,Delivered
ORD04016,CUST0416,PROD070,Car Wax Premium,Automotive,Central,2024-04-15,2,29.03,0.0,58.05,20,38.05,Bank Transfer,Shipped
ORD04017,CUST0124,PROD019,Running Shorts,Clothing,Central,2024-03-09,3,44.59,5.0,127.1,45,82.1,Debit Card,Cancelled
ORD04018,CUST0483,PROD022,Air Purifier Pro,Home & Garden,East,2024-11-08,1,266.02,0.0,266.02,110,156.02,Cash,Delivered
ORD04019,CUST0195,PROD006,Gaming Mouse,Electronics,South,2022-04-20,5,78.83,20.0,315.32,140,175.32,Cash,Delivered
ORD04020,CUST0247,PROD020,Knit Sweater,Clothing,North,2022-07-20,5,75.75,5.0,359.81,150,209.81,Cash,Cancelled
ORD04021,CUST0103,PROD027,LED Desk Lamp,Home & Garden,West,2023-10-22,4,42.46,5.0,161.35,72,89.35,Bank Transfer,Processing
ORD04022,CUST0198,PROD026,Plant Pot Set x3,Home & Garden,West,2022-08-22,1,37.9,10.0,34.11,14,20.11,Cash,Shipped
ORD04023,CUST0444,PROD042,Python Programming,Books,North,2024-09-25,1,54.36,0.0,54.36,15,39.36,PayPal,Cancelled
ORD04024,CUST0496,PROD014,Wool Winter Coat,Clothing,South,2022-06-15,3,202.74,0.0,608.21,225,383.21,PayPal,Delivered
ORD04025,CUST0110,PROD024,Electric Kettle 1.7L,Home & Garden,West,2022-04-15,1,52.03,0.0,52.03,18,34.03,Credit Card,Delivered
ORD04026,CUST0475,PROD028,Storage Ottoman,Home & Garden,East,2024-02-12,5,71.16,5.0,338.01,160,178.01,Cash,Shipped
ORD04027,CUST0208,PROD006,Gaming Mouse,Electronics,West,2023-03-13,3,81.18,0.0,243.54,84,159.54,Debit Card,Delivered
ORD04028,CUST0322,PROD069,LED Car Lights Kit,Automotive,East,2024-10-27,4,34.67,5.0,131.74,56,75.74,Credit Card,Delivered
ORD04029,CUST0082,PROD031,Yoga Mat Premium,Sports,Central,2022-04-08,3,40.58,20.0,97.38,54,43.38,Debit Card,Delivered
ORD04030,CUST0197,PROD068,Car Air Freshener x5,Automotive,Central,2024-07-29,3,14.39,0.0,43.18,15,28.18,Cash,Shipped
ORD04031,CUST0125,PROD009,USB-C Hub 7-in-1,Electronics,West,2022-10-27,2,62.41,10.0,112.33,40,72.33,Cash,Delivered
ORD04032,CUST0376,PROD053,Protein Powder Vanilla,Food & Beverage,North,2022-06-04,2,58.63,15.0,99.67,40,59.67,Debit Card,Delivered
ORD04033,CUST0293,PROD052,Organic Green Tea 100g,Food & Beverage,South,2022-05-27,1,19.34,0.0,19.34,5,14.34,Credit Card,Delivered
ORD04034,CUST0279,PROD004,Bluetooth Speaker,Electronics,West,2023-07-30,4,81.17,10.0,292.21,140,152.21,PayPal,Delivered
ORD04035,CUST0348,PROD047,Machine Learning A-Z,Books,South,2022-01-06,1,68.18,15.0,57.96,20,37.96,Cash,Delivered
ORD04036,CUST0433,PROD053,Protein Powder Vanilla,Food & Beverage,East,2023-04-29,2,49.85,10.0,89.72,40,49.72,Debit Card,Shipped
ORD04037,CUST0312,PROD047,Machine Learning A-Z,Books,South,2022-06-07,4,72.33,15.0,245.92,80,165.92,Bank Transfer,Delivered
ORD04038,CUST0457,PROD039,Pull-Up Bar,Sports,Central,2022-01-19,2,55.41,15.0,94.2,44,50.2,Credit Card,Shipped
ORD04039,CUST0472,PROD046,Finance for Managers,Books,East,2024-09-07,2,50.29,10.0,90.52,26,64.52,Credit Card,Delivered
ORD04040,CUST0187,PROD043,Data Science Handbook,Books,West,2024-11-11,5,67.68,15.0,287.66,90,197.66,Bank Transfer,Delivered
ORD04041,CUST0317,PROD050,Digital Marketing,Books,North,2023-01-13,1,36.34,0.0,36.34,11,25.34,Debit Card,Delivered
ORD04042,CUST0420,PROD017,Formal Trousers,Clothing,East,2022-07-24,1,97.3,0.0,97.3,35,62.3,Bank Transfer,Delivered
ORD04043,CUST0294,PROD006,Gaming Mouse,Electronics,South,2023-05-10,3,79.96,20.0,191.9,84,107.9,Credit Card,Processing
ORD04044,CUST0277,PROD047,Machine Learning A-Z,Books,Central,2024-12-27,5,69.42,0.0,347.09,100,247.09,Debit Card,Delivered
ORD04045,CUST0043,PROD015,Sport T-Shirt,Clothing,North,2024-12-19,3,32.07,0.0,96.2,36,60.2,Cash,Processing
ORD04046,CUST0438,PROD035,Running Shoes Pro,Sports,North,2023-06-27,3,125.43,0.0,376.3,165,211.3,Bank Transfer,Shipped
ORD04047,CUST0272,PROD006,Gaming Mouse,Electronics,Central,2022-10-18,5,77.35,0.0,386.74,140,246.74,Bank Transfer,Processing
ORD04048,CUST0193,PROD058,Almond Milk 1L,Food & Beverage,Central,2023-01-17,4,7.88,0.0,31.54,8,23.54,Debit Card,Delivered
ORD04049,CUST0431,PROD062,Tire Inflator Auto,Automotive,South,2022-08-27,5,45.0,20.0,180.02,90,90.02,Debit Card,Processing
ORD04050,CUST0409,PROD028,Storage Ottoman,Home & Garden,North,2023-05-08,5,72.82,0.0,364.08,160,204.08,Debit Card,Shipped
ORD04051,CUST0196,PROD047,Machine Learning A-Z,Books,South,2024-02-21,4,72.63,0.0,290.53,80,210.53,PayPal,Delivered
ORD04052,CUST0395,PROD039,Pull-Up Bar,Sports,East,2023-03-01,4,50.58,10.0,182.1,88,94.1,Cash,Delivered
ORD04053,CUST0495,PROD007,Mechanical Keyboard,Electronics,West,2023-08-10,1,120.38,0.0,120.38,52,68.38,Debit Card,Shipped
ORD04054,CUST0480,PROD023,Coffee Maker Deluxe,Home & Garden,North,2023-08-15,4,140.9,0.0,563.62,208,355.62,PayPal,Processing
ORD04055,CUST0214,PROD005,"4K Monitor 27""",Electronics,South,2024-02-20,2,449.48,0.0,898.96,440,458.96,Debit Card,Delivered
ORD04056,CUST0223,PROD048,SQL Mastery,Books,South,2022-08-15,1,44.57,5.0,42.34,11,31.34,Credit Card,Shipped
ORD04057,CUST0099,PROD060,Collagen Powder 300g,Food & Beverage,West,2022-12-23,1,43.87,0.0,43.87,16,27.87,Cash,Delivered
ORD04058,CUST0250,PROD024,Electric Kettle 1.7L,Home & Garden,North,2024-03-23,5,51.32,0.0,256.62,90,166.62,Bank Transfer,Delivered
ORD04059,CUST0238,PROD041,Business Analytics Guide,Books,Central,2022-02-25,3,43.99,5.0,125.38,36,89.38,Cash,Returned
ORD04060,CUST0007,PROD029,Throw Blanket Soft,Home & Garden,South,2024-03-04,5,55.12,5.0,261.8,100,161.8,Credit Card,Delivered
ORD04061,CUST0124,PROD036,Gym Gloves,Sports,Central,2023-04-19,1,22.64,10.0,20.38,9,11.38,Debit Card,Delivered
ORD04062,CUST0009,PROD026,Plant Pot Set x3,Home & Garden,South,2023-04-12,4,40.79,15.0,138.67,56,82.67,Credit Card,Processing
ORD04063,CUST0021,PROD036,Gym Gloves,Sports,West,2023-01-06,2,26.4,15.0,44.88,18,26.88,Cash,Delivered
ORD04064,CUST0187,PROD022,Air Purifier Pro,Home & Garden,West,2022-12-10,4,270.67,5.0,1028.53,440,588.53,PayPal,Delivered
ORD04065,CUST0053,PROD058,Almond Milk 1L,Food & Beverage,North,2023-07-28,1,7.27,0.0,7.27,2,5.27,Credit Card,Delivered
ORD04066,CUST0306,PROD051,Premium Coffee Beans 1kg,Food & Beverage,Central,2022-10-25,5,29.4,10.0,132.31,50,82.31,Bank Transfer,Delivered
ORD04067,CUST0294,PROD044,Marketing Strategy,Books,South,2024-11-17,2,36.33,0.0,72.67,20,52.67,Cash,Delivered
ORD04068,CUST0344,PROD063,Car Phone Mount,Automotive,North,2022-06-29,5,23.07,15.0,98.05,45,53.05,Cash,Processing
ORD04069,CUST0259,PROD016,Leather Belt,Clothing,South,2024-03-31,1,48.13,5.0,45.73,18,27.73,PayPal,Shipped
ORD04070,CUST0122,PROD009,USB-C Hub 7-in-1,Electronics,Central,2024-12-12,5,61.7,20.0,246.81,100,146.81,Cash,Shipped
ORD04071,CUST0102,PROD003,Smart Watch Ultra,Electronics,West,2024-09-04,3,354.7,5.0,1010.89,420,590.89,Cash,Shipped
ORD04072,CUST0241,PROD034,Cycling Helmet,Sports,East,2023-10-09,2,85.79,0.0,171.58,64,107.58,Credit Card,Delivered
ORD04073,CUST0348,PROD066,Car Vacuum Cleaner,Automotive,South,2022-08-15,3,55.51,5.0,158.2,66,92.2,PayPal,Returned
ORD04074,CUST0262,PROD013,Casual Sneakers,Clothing,North,2023-12-30,5,99.52,10.0,447.83,200,247.83,Cash,Delivered
ORD04075,CUST0146,PROD048,SQL Mastery,Books,West,2022-07-28,1,41.43,5.0,39.36,11,28.36,Debit Card,Shipped
ORD04076,CUST0492,PROD026,Plant Pot Set x3,Home & Garden,North,2023-10-04,4,41.82,0.0,167.28,56,111.28,Bank Transfer,Delivered
ORD04077,CUST0476,PROD041,Business Analytics Guide,Books,South,2022-07-12,2,45.87,0.0,91.73,24,67.73,PayPal,Delivered
ORD04078,CUST0407,PROD062,Tire Inflator Auto,Automotive,South,2022-12-31,4,41.43,10.0,149.15,72,77.15,PayPal,Shipped
ORD04079,CUST0312,PROD013,Casual Sneakers,Clothing,South,2023-03-23,4,102.86,10.0,370.31,160,210.31,Credit Card,Delivered
ORD04080,CUST0199,PROD046,Finance for Managers,Books,East,2023-03-09,5,51.39,15.0,218.4,65,153.4,Cash,Shipped
ORD04081,CUST0293,PROD053,Protein Powder Vanilla,Food & Beverage,South,2022-04-20,4,55.33,0.0,221.34,80,141.34,Credit Card,Delivered
ORD04082,CUST0346,PROD035,Running Shoes Pro,Sports,South,2023-03-01,1,128.99,5.0,122.54,55,67.54,Bank Transfer,Delivered
ORD04083,CUST0369,PROD015,Sport T-Shirt,Clothing,East,2022-12-18,1,34.22,20.0,27.38,12,15.38,Debit Card,Delivered
ORD04084,CUST0057,PROD062,Tire Inflator Auto,Automotive,South,2022-09-04,2,41.19,10.0,74.15,36,38.15,Cash,Delivered
ORD04085,CUST0252,PROD002,Wireless Headphones,Electronics,Central,2022-03-17,1,191.46,10.0,172.31,80,92.31,Credit Card,Delivered
ORD04086,CUST0129,PROD003,Smart Watch Ultra,Electronics,Central,2022-12-01,5,339.04,0.0,1695.18,700,995.18,PayPal,Delivered
ORD04087,CUST0443,PROD020,Knit Sweater,Clothing,Central,2023-11-13,5,70.87,15.0,301.21,150,151.21,Bank Transfer,Cancelled
ORD04088,CUST0215,PROD046,Finance for Managers,Books,North,2023-04-26,5,52.0,10.0,234.02,65,169.02,Credit Card,Delivered
ORD04089,CUST0229,PROD060,Collagen Powder 300g,Food & Beverage,West,2023-07-25,2,45.93,0.0,91.87,32,59.87,Debit Card,Cancelled
ORD04090,CUST0026,PROD033,Dumbbell Set 20kg,Sports,South,2023-12-02,1,87.9,0.0,87.9,42,45.9,Credit Card,Processing
ORD04091,CUST0046,PROD065,Jump Starter Pack,Automotive,East,2023-01-13,3,90.03,0.0,270.08,114,156.08,PayPal,Processing
ORD04092,CUST0216,PROD055,Olive Oil Extra Virgin,Food & Beverage,East,2024-05-12,2,30.27,0.0,60.53,18,42.53,Debit Card,Shipped
ORD04093,CUST0146,PROD040,Water Bottle 1L,Sports,West,2024-04-11,1,20.33,10.0,18.3,8,10.3,Bank Transfer,Delivered
ORD04094,CUST0429,PROD010,External SSD 1TB,Electronics,East,2023-06-19,3,141.79,20.0,340.31,195,145.31,Debit Card,Shipped
ORD04095,CUST0464,PROD009,USB-C Hub 7-in-1,Electronics,West,2023-05-31,3,55.86,0.0,167.57,60,107.57,Bank Transfer,Delivered
ORD04096,CUST0308,PROD044,Marketing Strategy,Books,West,2022-04-18,5,36.04,20.0,144.17,50,94.17,Bank Transfer,Delivered
ORD04097,CUST0188,PROD067,Steering Wheel Cover,Automotive,West,2024-12-03,3,30.6,10.0,82.61,33,49.61,Credit Card,Shipped
ORD04098,CUST0006,PROD062,Tire Inflator Auto,Automotive,West,2024-05-27,3,43.76,20.0,105.03,54,51.03,Cash,Delivered
ORD04099,CUST0399,PROD006,Gaming Mouse,Electronics,West,2022-10-05,3,85.55,0.0,256.66,84,172.66,Cash,Returned
ORD04100,CUST0312,PROD042,Python Programming,Books,South,2022-12-27,1,54.57,15.0,46.38,15,31.38,Debit Card,Delivered
ORD04101,CUST0013,PROD058,Almond Milk 1L,Food & Beverage,West,2022-07-10,4,7.84,0.0,31.36,8,23.36,Credit Card,Cancelled
ORD04102,CUST0290,PROD047,Machine Learning A-Z,Books,Central,2023-03-18,5,71.57,5.0,339.98,100,239.98,Bank Transfer,Delivered
ORD04103,CUST0008,PROD002,Wireless Headphones,Electronics,East,2022-10-06,1,198.16,0.0,198.16,80,118.16,PayPal,Returned
ORD04104,CUST0085,PROD030,Garden Hose 50ft,Home & Garden,West,2023-01-05,3,60.22,0.0,180.67,84,96.67,Debit Card,Shipped
ORD04105,CUST0244,PROD059,Energy Drink Pack x24,Food & Beverage,Central,2023-07-08,1,36.32,10.0,32.69,12,20.69,Debit Card,Processing
ORD04106,CUST0290,PROD004,Bluetooth Speaker,Electronics,Central,2022-05-06,4,92.09,0.0,368.37,140,228.37,Debit Card,Shipped
ORD04107,CUST0057,PROD025,Blender Pro 1000W,Home & Garden,South,2024-06-07,3,85.59,0.0,256.78,105,151.78,Credit Card,Cancelled
ORD04108,CUST0125,PROD001,Laptop Pro 15,Electronics,West,2022-07-24,3,1149.65,0.0,3448.94,2250,1198.94,PayPal,Processing
ORD04109,CUST0297,PROD011,Classic White Shirt,Clothing,East,2023-07-09,2,50.66,15.0,86.12,30,56.12,Credit Card,Delivered
ORD04110,CUST0340,PROD070,Car Wax Premium,Automotive,South,2023-07-27,2,29.73,20.0,47.56,20,27.56,PayPal,Delivered
ORD04111,CUST0397,PROD065,Jump Starter Pack,Automotive,South,2023-09-23,4,87.42,15.0,297.24,152,145.24,Credit Card,Delivered
ORD04112,CUST0226,PROD025,Blender Pro 1000W,Home & Garden,South,2024-11-20,4,91.8,0.0,367.2,140,227.2,Bank Transfer,Returned
ORD04113,CUST0015,PROD053,Protein Powder Vanilla,Food & Beverage,North,2022-01-17,5,58.33,0.0,291.65,100,191.65,Credit Card,Delivered
ORD04114,CUST0337,PROD022,Air Purifier Pro,Home & Garden,North,2023-12-21,2,255.03,10.0,459.05,220,239.05,Credit Card,Cancelled
ORD04115,CUST0441,PROD054,Mixed Nuts 500g,Food & Beverage,East,2024-08-15,1,23.14,20.0,18.51,8,10.51,Debit Card,Delivered
ORD04116,CUST0469,PROD060,Collagen Powder 300g,Food & Beverage,West,2023-10-28,1,46.66,10.0,41.99,16,25.99,Credit Card,Delivered
ORD04117,CUST0354,PROD039,Pull-Up Bar,Sports,Central,2023-01-02,4,58.96,15.0,200.47,88,112.47,Credit Card,Delivered
ORD04118,CUST0237,PROD014,Wool Winter Coat,Clothing,South,2023-02-13,3,184.59,10.0,498.39,225,273.39,PayPal,Delivered
ORD04119,CUST0456,PROD032,Resistance Bands Set,Sports,Central,2022-12-26,1,29.78,0.0,29.78,10,19.78,Debit Card,Delivered
ORD04120,CUST0123,PROD015,Sport T-Shirt,Clothing,South,2024-02-21,4,35.58,5.0,135.21,48,87.21,Cash,Delivered
ORD04121,CUST0474,PROD017,Formal Trousers,Clothing,Central,2022-12-10,5,86.28,0.0,431.38,175,256.38,Cash,Delivered
ORD04122,CUST0185,PROD048,SQL Mastery,Books,North,2023-05-28,1,44.81,15.0,38.09,11,27.09,Cash,Processing
ORD04123,CUST0114,PROD004,Bluetooth Speaker,Electronics,South,2023-01-28,5,92.15,20.0,368.59,175,193.59,Cash,Processing
ORD04124,CUST0064,PROD004,Bluetooth Speaker,Electronics,West,2023-09-18,2,85.09,15.0,144.66,70,74.66,Debit Card,Delivered
ORD04125,CUST0330,PROD023,Coffee Maker Deluxe,Home & Garden,East,2024-02-15,4,133.47,10.0,480.5,208,272.5,Debit Card,Delivered
ORD04126,CUST0416,PROD059,Energy Drink Pack x24,Food & Beverage,Central,2023-01-27,2,37.14,15.0,63.14,24,39.14,Cash,Delivered
ORD04127,CUST0375,PROD029,Throw Blanket Soft,Home & Garden,South,2023-04-17,2,52.33,5.0,99.43,40,59.43,PayPal,Delivered
ORD04128,CUST0065,PROD016,Leather Belt,Clothing,Central,2024-12-14,4,44.43,10.0,159.93,72,87.93,PayPal,Shipped
ORD04129,CUST0167,PROD018,Polo Shirt Premium,Clothing,East,2024-11-05,4,68.59,0.0,274.35,88,186.35,PayPal,Delivered
ORD04130,CUST0123,PROD061,Car Dash Cam 4K,Automotive,South,2023-05-26,5,92.6,10.0,416.68,210,206.68,Debit Card,Delivered
ORD04131,CUST0306,PROD064,Seat Covers Set,Automotive,Central,2023-12-05,1,78.21,0.0,78.21,32,46.21,PayPal,Processing
ORD04132,CUST0033,PROD039,Pull-Up Bar,Sports,Central,2022-02-14,5,58.98,0.0,294.91,110,184.91,Cash,Shipped
ORD04133,CUST0203,PROD010,External SSD 1TB,Electronics,Central,2024-12-07,5,163.56,10.0,736.03,325,411.03,PayPal,Cancelled
ORD04134,CUST0424,PROD027,LED Desk Lamp,Home & Garden,North,2024-09-09,1,42.74,5.0,40.6,18,22.6,Cash,Cancelled
ORD04135,CUST0088,PROD026,Plant Pot Set x3,Home & Garden,East,2024-05-14,3,37.65,0.0,112.95,42,70.95,Cash,Delivered
ORD04136,CUST0362,PROD004,Bluetooth Speaker,Electronics,West,2024-08-21,4,85.94,0.0,343.76,140,203.76,Bank Transfer,Delivered
ORD04137,CUST0079,PROD055,Olive Oil Extra Virgin,Food & Beverage,East,2024-12-07,2,25.23,20.0,40.36,18,22.36,Cash,Processing
ORD04138,CUST0104,PROD001,Laptop Pro 15,Electronics,South,2023-11-28,3,1112.73,10.0,3004.37,2250,754.37,Bank Transfer,Delivered
ORD04139,CUST0059,PROD016,Leather Belt,Clothing,Central,2023-07-17,3,47.16,10.0,127.32,54,73.32,Bank Transfer,Shipped
ORD04140,CUST0389,PROD056,Dark Chocolate Bar 72%,Food & Beverage,Central,2024-11-23,4,11.83,10.0,42.59,16,26.59,Cash,Shipped
ORD04141,CUST0394,PROD062,Tire Inflator Auto,Automotive,South,2023-06-13,4,40.65,15.0,138.2,72,66.2,Credit Card,Delivered
ORD04142,CUST0052,PROD029,Throw Blanket Soft,Home & Garden,Central,2022-02-15,4,55.93,0.0,223.71,80,143.71,PayPal,Shipped
ORD04143,CUST0091,PROD014,Wool Winter Coat,Clothing,Central,2022-06-18,1,171.09,20.0,136.88,75,61.88,Debit Card,Processing
ORD04144,CUST0462,PROD030,Garden Hose 50ft,Home & Garden,North,2023-06-18,4,59.83,5.0,227.37,112,115.37,Bank Transfer,Processing
ORD04145,CUST0219,PROD030,Garden Hose 50ft,Home & Garden,West,2024-05-07,4,67.96,0.0,271.85,112,159.85,PayPal,Delivered
ORD04146,CUST0041,PROD013,Casual Sneakers,Clothing,North,2024-10-31,4,103.43,15.0,351.66,160,191.66,Credit Card,Delivered
ORD04147,CUST0333,PROD041,Business Analytics Guide,Books,East,2023-08-23,3,45.57,15.0,116.2,36,80.2,Debit Card,Delivered
ORD04148,CUST0269,PROD043,Data Science Handbook,Books,South,2023-03-01,3,66.44,15.0,169.42,54,115.42,Bank Transfer,Delivered
ORD04149,CUST0365,PROD002,Wireless Headphones,Electronics,North,2023-11-03,1,214.24,0.0,214.24,80,134.24,PayPal,Processing
ORD04150,CUST0452,PROD066,Car Vacuum Cleaner,Automotive,North,2022-02-04,3,58.1,5.0,165.58,66,99.58,Cash,Processing
ORD04151,CUST0067,PROD027,LED Desk Lamp,Home & Garden,West,2023-04-15,4,43.59,0.0,174.35,72,102.35,Debit Card,Processing
ORD04152,CUST0177,PROD033,Dumbbell Set 20kg,Sports,South,2023-06-26,2,94.26,5.0,179.09,84,95.09,Credit Card,Delivered
ORD04153,CUST0196,PROD024,Electric Kettle 1.7L,Home & Garden,South,2022-12-10,3,51.96,0.0,155.87,54,101.87,PayPal,Returned
ORD04154,CUST0297,PROD008,Webcam HD 1080p,Electronics,East,2022-09-24,3,62.87,20.0,150.88,75,75.88,Debit Card,Delivered
ORD04155,CUST0289,PROD032,Resistance Bands Set,Sports,Central,2024-10-01,4,30.42,20.0,97.34,40,57.34,Bank Transfer,Cancelled
ORD04156,CUST0496,PROD010,External SSD 1TB,Electronics,South,2023-09-09,5,163.68,0.0,818.41,325,493.41,Bank Transfer,Processing
ORD04157,CUST0433,PROD002,Wireless Headphones,Electronics,East,2023-05-26,5,204.84,10.0,921.8,400,521.8,Debit Card,Processing
ORD04158,CUST0379,PROD057,Granola Bars x12,Food & Beverage,West,2024-04-13,5,23.62,15.0,100.38,35,65.38,Bank Transfer,Delivered
ORD04159,CUST0372,PROD043,Data Science Handbook,Books,East,2024-11-14,3,61.37,15.0,156.49,54,102.49,Credit Card,Delivered
ORD04160,CUST0002,PROD028,Storage Ottoman,Home & Garden,Central,2022-06-12,2,74.09,10.0,133.36,64,69.36,Bank Transfer,Shipped
ORD04161,CUST0209,PROD013,Casual Sneakers,Clothing,North,2022-06-22,5,97.82,0.0,489.11,200,289.11,PayPal,Shipped
ORD04162,CUST0045,PROD048,SQL Mastery,Books,South,2024-10-28,3,39.04,20.0,93.69,33,60.69,Bank Transfer,Delivered
ORD04163,CUST0137,PROD044,Marketing Strategy,Books,West,2024-12-09,4,39.97,0.0,159.87,40,119.87,Debit Card,Delivered
ORD04164,CUST0130,PROD065,Jump Starter Pack,Automotive,East,2024-04-29,2,81.02,0.0,162.04,76,86.04,Bank Transfer,Delivered
ORD04165,CUST0149,PROD018,Polo Shirt Premium,Clothing,Central,2023-09-15,3,61.25,10.0,165.37,66,99.37,PayPal,Delivered
ORD04166,CUST0215,PROD037,Jump Rope Speed,Sports,North,2024-02-13,2,17.98,10.0,32.37,14,18.37,Credit Card,Shipped
ORD04167,CUST0102,PROD060,Collagen Powder 300g,Food & Beverage,West,2022-11-05,2,42.5,5.0,80.75,32,48.75,Bank Transfer,Delivered
ORD04168,CUST0220,PROD010,External SSD 1TB,Electronics,Central,2022-04-08,4,160.41,20.0,513.3,260,253.3,Credit Card,Cancelled
ORD04169,CUST0058,PROD051,Premium Coffee Beans 1kg,Food & Beverage,North,2023-09-10,3,34.34,5.0,97.88,30,67.88,Bank Transfer,Cancelled
ORD04170,CUST0200,PROD008,Webcam HD 1080p,Electronics,East,2022-12-21,4,74.38,5.0,282.66,100,182.66,Debit Card,Cancelled
ORD04171,CUST0233,PROD070,Car Wax Premium,Automotive,Central,2024-06-29,5,26.95,0.0,134.77,50,84.77,Cash,Shipped
ORD04172,CUST0218,PROD015,Sport T-Shirt,Clothing,North,2024-09-27,4,33.35,5.0,126.75,48,78.75,PayPal,Shipped
ORD04173,CUST0134,PROD047,Machine Learning A-Z,Books,Central,2023-08-11,2,78.35,20.0,125.36,40,85.36,Cash,Shipped
ORD04174,CUST0460,PROD038,Foam Roller,Sports,Central,2022-10-11,5,33.98,0.0,169.89,60,109.89,Bank Transfer,Shipped
ORD04175,CUST0085,PROD048,SQL Mastery,Books,West,2023-06-04,1,45.88,20.0,36.71,11,25.71,Debit Card,Delivered
ORD04176,CUST0033,PROD018,Polo Shirt Premium,Clothing,Central,2024-08-11,4,65.75,0.0,262.99,88,174.99,Credit Card,Delivered
ORD04177,CUST0442,PROD013,Casual Sneakers,Clothing,North,2022-11-04,1,103.71,5.0,98.52,40,58.52,Bank Transfer,Delivered
ORD04178,CUST0437,PROD025,Blender Pro 1000W,Home & Garden,North,2022-06-14,3,90.72,0.0,272.17,105,167.17,Debit Card,Delivered
ORD04179,CUST0417,PROD001,Laptop Pro 15,Electronics,North,2022-06-05,3,1261.05,20.0,3026.52,2250,776.52,Debit Card,Shipped
ORD04180,CUST0391,PROD060,Collagen Powder 300g,Food & Beverage,Central,2023-03-02,1,46.1,0.0,46.1,16,30.1,Credit Card,Shipped
ORD04181,CUST0389,PROD022,Air Purifier Pro,Home & Garden,Central,2022-04-06,5,266.49,15.0,1132.56,550,582.56,Credit Card,Processing
ORD04182,CUST0482,PROD053,Protein Powder Vanilla,Food & Beverage,East,2024-02-03,4,53.43,10.0,192.34,80,112.34,Debit Card,Delivered
ORD04183,CUST0499,PROD053,Protein Powder Vanilla,Food & Beverage,Central,2023-08-18,3,53.28,10.0,143.85,60,83.85,PayPal,Shipped
ORD04184,CUST0395,PROD012,Denim Jeans Slim,Clothing,East,2024-05-15,3,74.99,0.0,224.96,84,140.96,Debit Card,Cancelled
ORD04185,CUST0039,PROD052,Organic Green Tea 100g,Food & Beverage,South,2022-09-24,4,17.75,0.0,70.99,20,50.99,Credit Card,Cancelled
ORD04186,CUST0220,PROD014,Wool Winter Coat,Clothing,Central,2022-03-17,3,187.73,20.0,450.55,225,225.55,Cash,Shipped
ORD04187,CUST0462,PROD036,Gym Gloves,Sports,North,2022-05-24,1,26.18,20.0,20.94,9,11.94,PayPal,Delivered
ORD04188,CUST0463,PROD042,Python Programming,Books,Central,2024-01-11,4,50.36,10.0,181.28,60,121.28,Cash,Delivered
ORD04189,CUST0004,PROD031,Yoga Mat Premium,Sports,South,2024-03-28,3,49.44,0.0,148.33,54,94.33,Cash,Delivered
ORD04190,CUST0219,PROD022,Air Purifier Pro,Home & Garden,West,2023-10-14,5,234.81,5.0,1115.34,550,565.34,PayPal,Delivered
ORD04191,CUST0296,PROD050,Digital Marketing,Books,North,2022-06-06,3,41.84,5.0,119.25,33,86.25,Bank Transfer,Delivered
ORD04192,CUST0317,PROD043,Data Science Handbook,Books,North,2022-07-10,5,66.86,15.0,284.14,90,194.14,Bank Transfer,Delivered
ORD04193,CUST0405,PROD049,Entrepreneurship Now,Books,North,2022-01-01,3,37.59,15.0,95.85,27,68.85,Cash,Delivered
ORD04194,CUST0151,PROD047,Machine Learning A-Z,Books,North,2024-02-25,5,77.55,15.0,329.59,100,229.59,Cash,Delivered
ORD04195,CUST0099,PROD037,Jump Rope Speed,Sports,West,2024-02-03,2,18.5,0.0,37.0,14,23.0,Cash,Delivered
ORD04196,CUST0205,PROD061,Car Dash Cam 4K,Automotive,Central,2022-02-04,5,101.81,0.0,509.05,210,299.05,PayPal,Shipped
ORD04197,CUST0402,PROD062,Tire Inflator Auto,Automotive,West,2023-04-22,2,40.53,0.0,81.06,36,45.06,Cash,Shipped
ORD04198,CUST0225,PROD028,Storage Ottoman,Home & Garden,East,2024-10-13,4,81.12,20.0,259.6,128,131.6,Credit Card,Delivered
ORD04199,CUST0118,PROD060,Collagen Powder 300g,Food & Beverage,North,2024-09-12,2,46.11,5.0,87.61,32,55.61,Debit Card,Cancelled
ORD04200,CUST0418,PROD026,Plant Pot Set x3,Home & Garden,South,2022-05-18,3,35.53,0.0,106.58,42,64.58,Debit Card,Cancelled
ORD04201,CUST0485,PROD012,Denim Jeans Slim,Clothing,East,2024-12-25,4,77.04,0.0,308.17,112,196.17,Bank Transfer,Delivered
ORD04202,CUST0280,PROD012,Denim Jeans Slim,Clothing,North,2023-05-14,2,79.82,20.0,127.71,56,71.71,Credit Card,Delivered
ORD04203,CUST0395,PROD068,Car Air Freshener x5,Automotive,East,2024-10-21,3,14.0,5.0,39.91,15,24.91,PayPal,Cancelled
ORD04204,CUST0024,PROD019,Running Shorts,Clothing,North,2022-09-20,1,39.38,10.0,35.44,15,20.44,PayPal,Delivered
ORD04205,CUST0042,PROD049,Entrepreneurship Now,Books,South,2022-02-04,2,39.0,0.0,78.0,18,60.0,Cash,Delivered
ORD04206,CUST0408,PROD062,Tire Inflator Auto,Automotive,South,2023-04-08,3,49.43,10.0,133.46,54,79.46,Bank Transfer,Delivered
ORD04207,CUST0360,PROD021,Robot Vacuum Cleaner,Home & Garden,East,2024-10-14,4,287.19,0.0,1148.75,560,588.75,Credit Card,Returned
ORD04208,CUST0323,PROD018,Polo Shirt Premium,Clothing,Central,2024-01-21,1,65.07,0.0,65.07,22,43.07,Credit Card,Delivered
ORD04209,CUST0192,PROD037,Jump Rope Speed,Sports,South,2024-11-18,3,17.84,5.0,50.85,21,29.85,PayPal,Delivered
ORD04210,CUST0107,PROD045,Leadership Principles,Books,North,2022-06-10,3,30.14,10.0,81.39,24,57.39,Cash,Processing
ORD04211,CUST0416,PROD011,Classic White Shirt,Clothing,Central,2024-01-17,2,50.9,5.0,96.71,30,66.71,Cash,Shipped
ORD04212,CUST0160,PROD005,"4K Monitor 27""",Electronics,North,2023-12-05,5,477.61,0.0,2388.03,1100,1288.03,Cash,Delivered
ORD04213,CUST0049,PROD064,Seat Covers Set,Automotive,North,2022-06-05,2,86.44,10.0,155.6,64,91.6,Bank Transfer,Delivered
ORD04214,CUST0050,PROD034,Cycling Helmet,Sports,East,2024-11-28,1,77.05,0.0,77.05,32,45.05,Cash,Delivered
ORD04215,CUST0218,PROD065,Jump Starter Pack,Automotive,North,2023-02-25,1,90.56,0.0,90.56,38,52.56,Cash,Processing
ORD04216,CUST0478,PROD068,Car Air Freshener x5,Automotive,South,2022-07-07,5,16.17,20.0,64.7,25,39.7,Credit Card,Shipped
ORD04217,CUST0001,PROD064,Seat Covers Set,Automotive,North,2023-02-06,5,72.13,0.0,360.64,160,200.64,Bank Transfer,Delivered
ORD04218,CUST0114,PROD036,Gym Gloves,Sports,South,2022-09-18,5,27.41,0.0,137.05,45,92.05,PayPal,Cancelled
ORD04219,CUST0085,PROD019,Running Shorts,Clothing,West,2022-07-30,5,45.16,10.0,203.22,75,128.22,Bank Transfer,Shipped
ORD04220,CUST0044,PROD033,Dumbbell Set 20kg,Sports,East,2023-05-11,1,95.06,15.0,80.8,42,38.8,Credit Card,Delivered
ORD04221,CUST0008,PROD069,LED Car Lights Kit,Automotive,East,2024-11-20,3,32.58,0.0,97.75,42,55.75,PayPal,Delivered
ORD04222,CUST0333,PROD006,Gaming Mouse,Electronics,East,2022-06-28,3,82.53,0.0,247.6,84,163.6,Debit Card,Delivered
ORD04223,CUST0017,PROD029,Throw Blanket Soft,Home & Garden,East,2023-11-12,3,53.49,20.0,128.37,60,68.37,Credit Card,Returned
ORD04224,CUST0248,PROD010,External SSD 1TB,Electronics,Central,2023-10-19,2,135.26,0.0,270.52,130,140.52,PayPal,Delivered
ORD04225,CUST0207,PROD068,Car Air Freshener x5,Automotive,Central,2024-07-10,4,15.1,15.0,51.33,20,31.33,Credit Card,Cancelled
ORD04226,CUST0372,PROD038,Foam Roller,Sports,East,2024-04-14,3,35.8,0.0,107.39,36,71.39,PayPal,Delivered
ORD04227,CUST0465,PROD067,Steering Wheel Cover,Automotive,Central,2024-04-13,4,27.48,20.0,87.93,44,43.93,PayPal,Delivered
ORD04228,CUST0113,PROD004,Bluetooth Speaker,Electronics,Central,2023-09-14,1,94.04,15.0,79.93,35,44.93,Debit Card,Delivered
ORD04229,CUST0090,PROD016,Leather Belt,Clothing,North,2022-07-21,2,44.16,10.0,79.49,36,43.49,Cash,Delivered
ORD04230,CUST0067,PROD070,Car Wax Premium,Automotive,West,2022-11-09,1,27.54,15.0,23.4,10,13.4,Credit Card,Cancelled
ORD04231,CUST0410,PROD064,Seat Covers Set,Automotive,South,2022-07-30,1,77.73,0.0,77.73,32,45.73,Bank Transfer,Returned
ORD04232,CUST0383,PROD036,Gym Gloves,Sports,Central,2024-02-19,5,22.97,0.0,114.83,45,69.83,Cash,Shipped
ORD04233,CUST0409,PROD001,Laptop Pro 15,Electronics,North,2022-11-24,3,1112.16,15.0,2836.01,2250,586.01,Credit Card,Delivered
ORD04234,CUST0451,PROD049,Entrepreneurship Now,Books,West,2022-10-17,4,38.33,0.0,153.34,36,117.34,Debit Card,Shipped
ORD04235,CUST0265,PROD036,Gym Gloves,Sports,North,2024-10-19,3,27.14,5.0,77.35,27,50.35,Debit Card,Shipped
ORD04236,CUST0287,PROD011,Classic White Shirt,Clothing,North,2024-02-20,5,49.67,5.0,235.94,75,160.94,Debit Card,Delivered
ORD04237,CUST0282,PROD047,Machine Learning A-Z,Books,West,2023-02-01,3,71.95,20.0,172.68,60,112.68,Credit Card,Shipped
ORD04238,CUST0362,PROD052,Organic Green Tea 100g,Food & Beverage,West,2022-01-23,3,18.25,0.0,54.74,15,39.74,PayPal,Delivered
ORD04239,CUST0144,PROD006,Gaming Mouse,Electronics,West,2022-09-29,5,81.01,0.0,405.06,140,265.06,Debit Card,Delivered
ORD04240,CUST0034,PROD040,Water Bottle 1L,Sports,South,2022-03-04,1,24.02,15.0,20.42,8,12.42,Bank Transfer,Cancelled
ORD04241,CUST0428,PROD028,Storage Ottoman,Home & Garden,Central,2023-07-02,5,72.59,5.0,344.82,160,184.82,Debit Card,Delivered
ORD04242,CUST0280,PROD046,Finance for Managers,Books,North,2023-01-27,5,47.65,0.0,238.23,65,173.23,Debit Card,Shipped
ORD04243,CUST0173,PROD019,Running Shorts,Clothing,East,2022-06-30,3,40.61,15.0,103.56,45,58.56,Credit Card,Delivered
ORD04244,CUST0165,PROD059,Energy Drink Pack x24,Food & Beverage,East,2024-11-14,1,36.45,0.0,36.45,12,24.45,Cash,Delivered
ORD04245,CUST0031,PROD054,Mixed Nuts 500g,Food & Beverage,North,2024-02-18,1,22.98,0.0,22.98,8,14.98,Debit Card,Processing
ORD04246,CUST0088,PROD067,Steering Wheel Cover,Automotive,East,2023-01-08,3,26.17,20.0,62.82,33,29.82,PayPal,Processing
ORD04247,CUST0326,PROD034,Cycling Helmet,Sports,North,2024-09-04,3,78.23,20.0,187.75,96,91.75,Bank Transfer,Shipped
ORD04248,CUST0079,PROD044,Marketing Strategy,Books,East,2023-11-30,1,39.66,0.0,39.66,10,29.66,PayPal,Cancelled
ORD04249,CUST0213,PROD018,Polo Shirt Premium,Clothing,East,2024-10-26,5,65.07,5.0,309.06,110,199.06,Bank Transfer,Returned
ORD04250,CUST0466,PROD057,Granola Bars x12,Food & Beverage,North,2023-06-16,2,19.96,5.0,37.91,14,23.91,PayPal,Shipped
ORD04251,CUST0147,PROD060,Collagen Powder 300g,Food & Beverage,North,2023-12-27,4,47.75,0.0,190.99,64,126.99,Cash,Delivered
ORD04252,CUST0219,PROD006,Gaming Mouse,Electronics,West,2024-12-23,5,85.74,5.0,407.28,140,267.28,Bank Transfer,Delivered
ORD04253,CUST0358,PROD044,Marketing Strategy,Books,Central,2023-05-02,1,35.77,15.0,30.4,10,20.4,Credit Card,Delivered
ORD04254,CUST0066,PROD011,Classic White Shirt,Clothing,West,2022-09-20,2,52.36,0.0,104.73,30,74.73,Credit Card,Returned
ORD04255,CUST0419,PROD065,Jump Starter Pack,Automotive,East,2023-02-01,5,86.9,0.0,434.51,190,244.51,Bank Transfer,Processing
ORD04256,CUST0169,PROD039,Pull-Up Bar,Sports,South,2023-07-22,4,59.43,0.0,237.71,88,149.71,Cash,Shipped
ORD04257,CUST0033,PROD025,Blender Pro 1000W,Home & Garden,Central,2023-03-15,5,80.4,0.0,401.98,175,226.98,Credit Card,Processing
ORD04258,CUST0408,PROD044,Marketing Strategy,Books,South,2023-06-10,5,38.66,20.0,154.64,50,104.64,PayPal,Shipped
ORD04259,CUST0360,PROD013,Casual Sneakers,Clothing,East,2022-12-12,5,91.01,0.0,455.04,200,255.04,Cash,Shipped
ORD04260,CUST0374,PROD014,Wool Winter Coat,Clothing,South,2022-09-07,3,187.47,10.0,506.18,225,281.18,Credit Card,Returned
ORD04261,CUST0431,PROD065,Jump Starter Pack,Automotive,South,2023-04-23,3,87.94,10.0,237.44,114,123.44,Debit Card,Delivered
ORD04262,CUST0120,PROD066,Car Vacuum Cleaner,Automotive,Central,2022-07-10,4,54.72,15.0,186.04,88,98.04,Credit Card,Processing
ORD04263,CUST0478,PROD002,Wireless Headphones,Electronics,South,2023-11-10,2,184.12,15.0,313.0,160,153.0,Bank Transfer,Delivered
ORD04264,CUST0239,PROD058,Almond Milk 1L,Food & Beverage,North,2023-06-08,5,8.41,5.0,39.97,10,29.97,Cash,Shipped
ORD04265,CUST0359,PROD008,Webcam HD 1080p,Electronics,South,2024-04-27,3,67.34,15.0,171.73,75,96.73,Debit Card,Delivered
ORD04266,CUST0287,PROD046,Finance for Managers,Books,North,2022-12-08,3,50.63,15.0,129.11,39,90.11,Cash,Shipped
ORD04267,CUST0150,PROD008,Webcam HD 1080p,Electronics,East,2022-11-22,5,74.61,15.0,317.08,125,192.08,Cash,Cancelled
ORD04268,CUST0126,PROD029,Throw Blanket Soft,Home & Garden,North,2022-08-15,5,51.9,0.0,259.51,100,159.51,PayPal,Delivered
ORD04269,CUST0024,PROD062,Tire Inflator Auto,Automotive,North,2024-06-13,5,45.13,5.0,214.36,90,124.36,Cash,Shipped
ORD04270,CUST0285,PROD030,Garden Hose 50ft,Home & Garden,West,2024-05-15,4,70.29,15.0,238.97,112,126.97,Bank Transfer,Delivered
ORD04271,CUST0256,PROD068,Car Air Freshener x5,Automotive,East,2024-03-28,3,14.47,10.0,39.07,15,24.07,Debit Card,Delivered
ORD04272,CUST0175,PROD045,Leadership Principles,Books,South,2023-07-05,3,32.48,20.0,77.94,24,53.94,Cash,Delivered
ORD04273,CUST0014,PROD060,Collagen Powder 300g,Food & Beverage,North,2022-10-28,1,42.58,15.0,36.19,16,20.19,Debit Card,Delivered
ORD04274,CUST0455,PROD015,Sport T-Shirt,Clothing,North,2024-09-05,3,37.78,15.0,96.34,36,60.34,PayPal,Delivered
ORD04275,CUST0212,PROD002,Wireless Headphones,Electronics,West,2022-11-21,5,206.96,5.0,983.06,400,583.06,PayPal,Delivered
ORD04276,CUST0191,PROD011,Classic White Shirt,Clothing,Central,2024-07-25,3,44.95,15.0,114.63,45,69.63,Credit Card,Shipped
ORD04277,CUST0032,PROD026,Plant Pot Set x3,Home & Garden,Central,2023-08-20,5,38.11,0.0,190.55,70,120.55,Bank Transfer,Delivered
ORD04278,CUST0089,PROD043,Data Science Handbook,Books,South,2022-09-04,1,68.77,10.0,61.89,18,43.89,Bank Transfer,Delivered
ORD04279,CUST0460,PROD013,Casual Sneakers,Clothing,Central,2023-11-17,2,90.6,5.0,172.13,80,92.13,PayPal,Processing
ORD04280,CUST0220,PROD012,Denim Jeans Slim,Clothing,Central,2022-05-28,3,83.4,5.0,237.7,84,153.7,PayPal,Cancelled
ORD04281,CUST0350,PROD039,Pull-Up Bar,Sports,West,2024-04-05,4,55.32,5.0,210.23,88,122.23,Debit Card,Cancelled
ORD04282,CUST0288,PROD039,Pull-Up Bar,Sports,South,2022-01-17,1,55.72,0.0,55.72,22,33.72,PayPal,Shipped
ORD04283,CUST0309,PROD062,Tire Inflator Auto,Automotive,Central,2023-01-12,1,48.02,5.0,45.61,18,27.61,Debit Card,Processing
ORD04284,CUST0308,PROD041,Business Analytics Guide,Books,West,2022-06-25,3,45.68,15.0,116.49,36,80.49,Debit Card,Delivered
ORD04285,CUST0475,PROD015,Sport T-Shirt,Clothing,East,2023-07-30,2,32.38,0.0,64.77,24,40.77,Cash,Processing
ORD04286,CUST0487,PROD070,Car Wax Premium,Automotive,West,2023-03-17,3,29.52,10.0,79.72,30,49.72,Debit Card,Delivered
ORD04287,CUST0462,PROD009,USB-C Hub 7-in-1,Electronics,North,2024-04-20,5,53.68,15.0,228.12,100,128.12,Cash,Processing
ORD04288,CUST0493,PROD004,Bluetooth Speaker,Electronics,North,2024-06-11,1,97.1,20.0,77.68,35,42.68,Cash,Returned
ORD04289,CUST0495,PROD002,Wireless Headphones,Electronics,West,2023-07-17,1,210.69,0.0,210.69,80,130.69,PayPal,Delivered
ORD04290,CUST0162,PROD025,Blender Pro 1000W,Home & Garden,East,2022-05-28,3,95.59,5.0,272.44,105,167.44,Debit Card,Delivered
ORD04291,CUST0252,PROD015,Sport T-Shirt,Clothing,Central,2024-12-15,4,34.3,15.0,116.63,48,68.63,Bank Transfer,Delivered
ORD04292,CUST0217,PROD012,Denim Jeans Slim,Clothing,North,2023-12-10,3,75.23,5.0,214.4,84,130.4,Credit Card,Delivered
ORD04293,CUST0046,PROD039,Pull-Up Bar,Sports,East,2022-11-12,4,49.95,5.0,189.81,88,101.81,Bank Transfer,Cancelled
ORD04294,CUST0335,PROD012,Denim Jeans Slim,Clothing,Central,2024-04-05,2,78.93,0.0,157.87,56,101.87,PayPal,Shipped
ORD04295,CUST0002,PROD021,Robot Vacuum Cleaner,Home & Garden,Central,2024-03-20,3,306.42,0.0,919.25,420,499.25,Credit Card,Delivered
ORD04296,CUST0202,PROD015,Sport T-Shirt,Clothing,South,2022-11-10,5,37.25,0.0,186.24,60,126.24,Bank Transfer,Delivered
ORD04297,CUST0161,PROD070,Car Wax Premium,Automotive,East,2022-11-11,5,27.24,0.0,136.2,50,86.2,Debit Card,Returned
ORD04298,CUST0020,PROD033,Dumbbell Set 20kg,Sports,Central,2024-01-02,3,92.96,20.0,223.11,126,97.11,Debit Card,Delivered
ORD04299,CUST0089,PROD049,Entrepreneurship Now,Books,South,2022-02-10,4,35.67,20.0,114.14,36,78.14,PayPal,Delivered
ORD04300,CUST0254,PROD019,Running Shorts,Clothing,Central,2022-07-02,2,41.04,5.0,77.98,30,47.98,PayPal,Delivered
ORD04301,CUST0441,PROD064,Seat Covers Set,Automotive,East,2024-01-30,4,78.65,10.0,283.13,128,155.13,PayPal,Delivered
ORD04302,CUST0003,PROD039,Pull-Up Bar,Sports,South,2024-03-20,1,54.4,10.0,48.96,22,26.96,Credit Card,Processing
ORD04303,CUST0038,PROD031,Yoga Mat Premium,Sports,North,2023-12-05,1,46.5,10.0,41.85,18,23.85,Cash,Cancelled
ORD04304,CUST0174,PROD018,Polo Shirt Premium,Clothing,Central,2024-10-30,1,64.43,0.0,64.43,22,42.43,PayPal,Delivered
ORD04305,CUST0031,PROD036,Gym Gloves,Sports,North,2023-07-22,3,22.98,0.0,68.94,27,41.94,Cash,Processing
ORD04306,CUST0194,PROD049,Entrepreneurship Now,Books,Central,2023-11-26,2,37.24,5.0,70.76,18,52.76,PayPal,Shipped
ORD04307,CUST0466,PROD005,"4K Monitor 27""",Electronics,North,2022-12-31,5,473.34,20.0,1893.36,1100,793.36,Debit Card,Delivered
ORD04308,CUST0500,PROD021,Robot Vacuum Cleaner,Home & Garden,South,2023-11-20,5,297.56,5.0,1413.4,700,713.4,Bank Transfer,Delivered
ORD04309,CUST0066,PROD035,Running Shoes Pro,Sports,West,2024-02-16,3,131.12,0.0,393.37,165,228.37,Bank Transfer,Delivered
ORD04310,CUST0254,PROD036,Gym Gloves,Sports,Central,2023-10-30,3,26.13,0.0,78.38,27,51.38,Debit Card,Shipped
ORD04311,CUST0456,PROD018,Polo Shirt Premium,Clothing,Central,2023-09-19,2,71.29,5.0,135.45,44,91.45,Cash,Delivered
ORD04312,CUST0123,PROD007,Mechanical Keyboard,Electronics,South,2024-10-05,1,124.78,5.0,118.54,52,66.54,Cash,Delivered
ORD04313,CUST0376,PROD008,Webcam HD 1080p,Electronics,North,2022-10-16,1,73.55,0.0,73.55,25,48.55,Cash,Cancelled
ORD04314,CUST0050,PROD062,Tire Inflator Auto,Automotive,East,2022-04-21,4,44.14,15.0,150.09,72,78.09,Debit Card,Delivered
ORD04315,CUST0280,PROD029,Throw Blanket Soft,Home & Garden,North,2022-08-19,3,51.82,10.0,139.9,60,79.9,Bank Transfer,Delivered
ORD04316,CUST0487,PROD017,Formal Trousers,Clothing,West,2022-04-15,1,82.05,0.0,82.05,35,47.05,PayPal,Delivered
ORD04317,CUST0221,PROD037,Jump Rope Speed,Sports,Central,2023-04-14,3,19.44,0.0,58.31,21,37.31,Debit Card,Shipped
ORD04318,CUST0156,PROD052,Organic Green Tea 100g,Food & Beverage,East,2023-06-22,5,17.94,0.0,89.71,25,64.71,PayPal,Cancelled
ORD04319,CUST0209,PROD005,"4K Monitor 27""",Electronics,North,2024-08-17,5,435.31,0.0,2176.54,1100,1076.54,Credit Card,Delivered
ORD04320,CUST0468,PROD049,Entrepreneurship Now,Books,West,2023-07-08,4,34.62,5.0,131.57,36,95.57,Cash,Delivered
ORD04321,CUST0276,PROD041,Business Analytics Guide,Books,North,2024-02-06,4,42.43,15.0,144.25,48,96.25,PayPal,Delivered
ORD04322,CUST0224,PROD024,Electric Kettle 1.7L,Home & Garden,South,2022-10-24,5,47.69,0.0,238.47,90,148.47,PayPal,Delivered
ORD04323,CUST0121,PROD059,Energy Drink Pack x24,Food & Beverage,West,2023-12-06,4,36.73,0.0,146.91,48,98.91,Bank Transfer,Delivered
ORD04324,CUST0397,PROD020,Knit Sweater,Clothing,South,2024-10-24,1,77.3,5.0,73.44,30,43.44,Credit Card,Delivered
ORD04325,CUST0066,PROD066,Car Vacuum Cleaner,Automotive,West,2024-12-23,3,56.41,0.0,169.23,66,103.23,Debit Card,Delivered
ORD04326,CUST0497,PROD025,Blender Pro 1000W,Home & Garden,North,2023-05-04,2,93.3,15.0,158.61,70,88.61,PayPal,Delivered
ORD04327,CUST0493,PROD016,Leather Belt,Clothing,North,2023-09-08,1,44.69,0.0,44.69,18,26.69,Bank Transfer,Processing
ORD04328,CUST0353,PROD070,Car Wax Premium,Automotive,West,2024-06-29,1,26.63,5.0,25.29,10,15.29,Cash,Delivered
ORD04329,CUST0298,PROD001,Laptop Pro 15,Electronics,South,2023-05-18,3,1109.88,0.0,3329.63,2250,1079.63,PayPal,Delivered
ORD04330,CUST0271,PROD065,Jump Starter Pack,Automotive,South,2022-03-27,5,92.79,5.0,440.75,190,250.75,PayPal,Delivered
ORD04331,CUST0317,PROD067,Steering Wheel Cover,Automotive,North,2024-04-04,1,26.81,0.0,26.81,11,15.81,Debit Card,Shipped
ORD04332,CUST0009,PROD039,Pull-Up Bar,Sports,South,2024-03-06,1,49.71,5.0,47.23,22,25.23,PayPal,Shipped
ORD04333,CUST0459,PROD008,Webcam HD 1080p,Electronics,North,2022-03-05,1,72.56,5.0,68.93,25,43.93,Credit Card,Cancelled
ORD04334,CUST0378,PROD008,Webcam HD 1080p,Electronics,South,2024-07-31,5,73.01,0.0,365.05,125,240.05,Cash,Delivered
ORD04335,CUST0119,PROD025,Blender Pro 1000W,Home & Garden,East,2024-06-04,5,83.27,10.0,374.72,175,199.72,PayPal,Delivered
ORD04336,CUST0071,PROD021,Robot Vacuum Cleaner,Home & Garden,West,2022-07-20,4,323.15,0.0,1292.6,560,732.6,Credit Card,Shipped
ORD04337,CUST0452,PROD017,Formal Trousers,Clothing,North,2024-01-18,5,94.53,0.0,472.63,175,297.63,Cash,Processing
ORD04338,CUST0335,PROD009,USB-C Hub 7-in-1,Electronics,Central,2024-05-18,4,57.84,0.0,231.37,80,151.37,PayPal,Returned
ORD04339,CUST0225,PROD054,Mixed Nuts 500g,Food & Beverage,East,2024-05-27,4,26.4,0.0,105.6,32,73.6,PayPal,Shipped
ORD04340,CUST0251,PROD063,Car Phone Mount,Automotive,North,2024-04-14,1,24.95,5.0,23.7,9,14.7,Debit Card,Delivered
ORD04341,CUST0394,PROD041,Business Analytics Guide,Books,South,2023-03-16,3,47.51,0.0,142.54,36,106.54,Debit Card,Processing
ORD04342,CUST0309,PROD070,Car Wax Premium,Automotive,Central,2022-08-07,2,28.63,0.0,57.26,20,37.26,PayPal,Delivered
ORD04343,CUST0406,PROD029,Throw Blanket Soft,Home & Garden,North,2024-08-16,3,51.31,15.0,130.85,60,70.85,PayPal,Returned
ORD04344,CUST0266,PROD070,Car Wax Premium,Automotive,South,2023-04-10,4,27.47,15.0,93.39,40,53.39,Debit Card,Delivered
ORD04345,CUST0151,PROD001,Laptop Pro 15,Electronics,North,2024-04-27,4,1264.47,0.0,5057.88,3000,2057.88,PayPal,Delivered
ORD04346,CUST0212,PROD068,Car Air Freshener x5,Automotive,West,2022-02-15,2,15.61,20.0,24.98,10,14.98,Credit Card,Shipped
ORD04347,CUST0082,PROD060,Collagen Powder 300g,Food & Beverage,Central,2024-07-23,2,47.74,20.0,76.39,32,44.39,Bank Transfer,Processing
ORD04348,CUST0206,PROD022,Air Purifier Pro,Home & Garden,East,2022-11-11,4,265.15,10.0,954.55,440,514.55,Debit Card,Returned
ORD04349,CUST0390,PROD062,Tire Inflator Auto,Automotive,South,2023-12-03,2,49.04,15.0,83.36,36,47.36,Bank Transfer,Delivered
ORD04350,CUST0114,PROD052,Organic Green Tea 100g,Food & Beverage,South,2024-08-22,5,19.61,15.0,83.32,25,58.32,Credit Card,Delivered
ORD04351,CUST0311,PROD047,Machine Learning A-Z,Books,North,2024-11-03,5,70.42,10.0,316.89,100,216.89,Credit Card,Delivered
ORD04352,CUST0459,PROD047,Machine Learning A-Z,Books,North,2022-09-16,2,78.58,20.0,125.73,40,85.73,Debit Card,Delivered
ORD04353,CUST0466,PROD052,Organic Green Tea 100g,Food & Beverage,North,2022-12-07,3,19.32,20.0,46.37,15,31.37,Bank Transfer,Delivered
ORD04354,CUST0206,PROD044,Marketing Strategy,Books,East,2022-08-10,5,37.92,15.0,161.15,50,111.15,Cash,Delivered
ORD04355,CUST0473,PROD039,Pull-Up Bar,Sports,East,2022-10-28,3,58.41,20.0,140.18,66,74.18,PayPal,Delivered
ORD04356,CUST0253,PROD057,Granola Bars x12,Food & Beverage,South,2023-10-15,4,24.04,15.0,81.74,28,53.74,PayPal,Delivered
ORD04357,CUST0059,PROD054,Mixed Nuts 500g,Food & Beverage,Central,2024-02-02,2,22.47,15.0,38.2,16,22.2,PayPal,Delivered
ORD04358,CUST0464,PROD030,Garden Hose 50ft,Home & Garden,West,2022-06-06,1,65.27,20.0,52.22,28,24.22,Cash,Shipped
ORD04359,CUST0226,PROD038,Foam Roller,Sports,South,2023-12-03,1,33.0,5.0,31.35,12,19.35,Debit Card,Delivered
ORD04360,CUST0002,PROD047,Machine Learning A-Z,Books,Central,2022-02-07,3,66.88,0.0,200.64,60,140.64,Cash,Processing
ORD04361,CUST0221,PROD053,Protein Powder Vanilla,Food & Beverage,Central,2022-07-25,5,51.88,20.0,207.52,100,107.52,Bank Transfer,Delivered
ORD04362,CUST0443,PROD012,Denim Jeans Slim,Clothing,Central,2022-07-24,5,83.4,0.0,417.01,140,277.01,Bank Transfer,Cancelled
ORD04363,CUST0378,PROD063,Car Phone Mount,Automotive,South,2023-06-17,4,25.85,0.0,103.42,36,67.42,Credit Card,Cancelled
ORD04364,CUST0313,PROD032,Resistance Bands Set,Sports,North,2023-06-19,5,27.51,0.0,137.57,50,87.57,PayPal,Delivered
ORD04365,CUST0043,PROD014,Wool Winter Coat,Clothing,North,2022-05-03,1,174.31,5.0,165.59,75,90.59,Debit Card,Delivered
ORD04366,CUST0434,PROD015,Sport T-Shirt,Clothing,North,2024-03-08,1,32.87,10.0,29.58,12,17.58,Bank Transfer,Cancelled
ORD04367,CUST0124,PROD005,"4K Monitor 27""",Electronics,Central,2024-03-19,3,447.18,5.0,1274.47,660,614.47,Credit Card,Shipped
ORD04368,CUST0390,PROD030,Garden Hose 50ft,Home & Garden,South,2022-01-22,4,67.1,5.0,254.97,112,142.97,Bank Transfer,Delivered
ORD04369,CUST0083,PROD046,Finance for Managers,Books,North,2023-05-01,4,46.82,15.0,159.19,52,107.19,Cash,Delivered
ORD04370,CUST0088,PROD051,Premium Coffee Beans 1kg,Food & Beverage,East,2024-09-16,4,32.99,15.0,112.16,40,72.16,Credit Card,Shipped
ORD04371,CUST0033,PROD015,Sport T-Shirt,Clothing,Central,2023-01-15,1,34.99,0.0,34.99,12,22.99,PayPal,Delivered
ORD04372,CUST0220,PROD043,Data Science Handbook,Books,Central,2024-11-23,4,65.79,15.0,223.69,72,151.69,PayPal,Delivered
ORD04373,CUST0113,PROD068,Car Air Freshener x5,Automotive,Central,2024-03-09,5,14.17,0.0,70.84,25,45.84,Debit Card,Delivered
ORD04374,CUST0430,PROD049,Entrepreneurship Now,Books,North,2023-09-02,3,38.13,0.0,114.39,27,87.39,Cash,Delivered
ORD04375,CUST0285,PROD038,Foam Roller,Sports,West,2023-09-04,1,35.62,0.0,35.62,12,23.62,Bank Transfer,Delivered
ORD04376,CUST0207,PROD035,Running Shoes Pro,Sports,Central,2023-04-18,5,133.69,5.0,635.02,275,360.02,PayPal,Processing
ORD04377,CUST0248,PROD031,Yoga Mat Premium,Sports,Central,2022-03-09,5,46.97,20.0,187.9,90,97.9,Bank Transfer,Shipped
ORD04378,CUST0025,PROD052,Organic Green Tea 100g,Food & Beverage,South,2023-04-15,3,16.67,20.0,40.01,15,25.01,Credit Card,Shipped
ORD04379,CUST0343,PROD067,Steering Wheel Cover,Automotive,West,2024-07-11,1,26.82,0.0,26.82,11,15.82,PayPal,Delivered
ORD04380,CUST0369,PROD050,Digital Marketing,Books,East,2022-07-24,2,39.18,10.0,70.52,22,48.52,Debit Card,Delivered
ORD04381,CUST0093,PROD039,Pull-Up Bar,Sports,South,2024-08-09,1,54.59,0.0,54.59,22,32.59,Credit Card,Returned
ORD04382,CUST0380,PROD060,Collagen Powder 300g,Food & Beverage,East,2023-05-21,1,45.89,15.0,39.0,16,23.0,Bank Transfer,Shipped
ORD04383,CUST0422,PROD014,Wool Winter Coat,Clothing,North,2023-11-30,2,185.28,0.0,370.56,150,220.56,Debit Card,Delivered
ORD04384,CUST0316,PROD027,LED Desk Lamp,Home & Garden,Central,2024-05-17,5,47.11,20.0,188.46,90,98.46,Credit Card,Delivered
ORD04385,CUST0480,PROD029,Throw Blanket Soft,Home & Garden,North,2024-11-10,4,53.54,0.0,214.14,80,134.14,Cash,Delivered
ORD04386,CUST0470,PROD015,Sport T-Shirt,Clothing,Central,2023-04-20,2,36.91,0.0,73.82,24,49.82,Cash,Delivered
ORD04387,CUST0431,PROD037,Jump Rope Speed,Sports,South,2024-10-28,3,17.83,20.0,42.79,21,21.79,Cash,Shipped
ORD04388,CUST0129,PROD029,Throw Blanket Soft,Home & Garden,Central,2022-01-09,4,53.48,0.0,213.93,80,133.93,PayPal,Cancelled
ORD04389,CUST0377,PROD015,Sport T-Shirt,Clothing,North,2024-09-10,3,33.87,0.0,101.6,36,65.6,Bank Transfer,Delivered
ORD04390,CUST0028,PROD008,Webcam HD 1080p,Electronics,South,2023-12-08,1,62.46,0.0,62.46,25,37.46,Credit Card,Delivered
ORD04391,CUST0368,PROD055,Olive Oil Extra Virgin,Food & Beverage,West,2022-07-01,2,30.3,0.0,60.6,18,42.6,Debit Card,Delivered
ORD04392,CUST0206,PROD057,Granola Bars x12,Food & Beverage,East,2023-11-08,3,22.06,15.0,56.25,21,35.25,Cash,Shipped
ORD04393,CUST0370,PROD026,Plant Pot Set x3,Home & Garden,North,2022-01-25,2,37.74,20.0,60.39,28,32.39,Cash,Delivered
ORD04394,CUST0234,PROD005,"4K Monitor 27""",Electronics,North,2024-10-06,4,412.33,5.0,1566.85,880,686.85,Credit Card,Delivered
ORD04395,CUST0478,PROD043,Data Science Handbook,Books,South,2023-12-09,4,65.0,0.0,260.02,72,188.02,Cash,Delivered
ORD04396,CUST0344,PROD047,Machine Learning A-Z,Books,North,2022-09-23,3,77.91,15.0,198.66,60,138.66,Bank Transfer,Delivered
ORD04397,CUST0074,PROD022,Air Purifier Pro,Home & Garden,North,2022-07-10,4,236.72,20.0,757.5,440,317.5,Debit Card,Processing
ORD04398,CUST0356,PROD021,Robot Vacuum Cleaner,Home & Garden,South,2023-10-19,2,283.4,5.0,538.45,280,258.45,Cash,Delivered
ORD04399,CUST0378,PROD054,Mixed Nuts 500g,Food & Beverage,South,2024-07-17,4,23.8,20.0,76.15,32,44.15,Bank Transfer,Cancelled
ORD04400,CUST0286,PROD060,Collagen Powder 300g,Food & Beverage,North,2022-01-20,4,43.02,0.0,172.07,64,108.07,PayPal,Cancelled
ORD04401,CUST0410,PROD042,Python Programming,Books,South,2024-07-20,2,58.77,15.0,99.91,30,69.91,Bank Transfer,Processing
ORD04402,CUST0223,PROD015,Sport T-Shirt,Clothing,South,2022-04-02,2,33.08,0.0,66.16,24,42.16,Cash,Processing
ORD04403,CUST0023,PROD063,Car Phone Mount,Automotive,Central,2024-07-13,3,27.06,5.0,77.13,27,50.13,PayPal,Returned
ORD04404,CUST0480,PROD001,Laptop Pro 15,Electronics,North,2023-11-28,1,1267.08,0.0,1267.08,750,517.08,Cash,Delivered
ORD04405,CUST0194,PROD042,Python Programming,Books,Central,2024-12-28,1,55.95,15.0,47.56,15,32.56,Bank Transfer,Shipped
ORD04406,CUST0308,PROD061,Car Dash Cam 4K,Automotive,West,2023-03-21,1,99.82,0.0,99.82,42,57.82,Bank Transfer,Delivered
ORD04407,CUST0446,PROD055,Olive Oil Extra Virgin,Food & Beverage,South,2023-11-30,3,26.11,0.0,78.32,27,51.32,Bank Transfer,Delivered
ORD04408,CUST0199,PROD011,Classic White Shirt,Clothing,East,2024-01-08,5,51.14,0.0,255.69,75,180.69,Bank Transfer,Delivered
ORD04409,CUST0411,PROD019,Running Shorts,Clothing,Central,2022-08-29,1,38.7,5.0,36.77,15,21.77,Cash,Delivered
ORD04410,CUST0205,PROD002,Wireless Headphones,Electronics,Central,2023-09-21,4,193.51,15.0,657.93,320,337.93,PayPal,Delivered
ORD04411,CUST0356,PROD018,Polo Shirt Premium,Clothing,South,2024-08-02,2,65.15,20.0,104.24,44,60.24,Bank Transfer,Delivered
ORD04412,CUST0378,PROD030,Garden Hose 50ft,Home & Garden,South,2024-03-04,5,61.23,10.0,275.54,140,135.54,PayPal,Delivered
ORD04413,CUST0274,PROD025,Blender Pro 1000W,Home & Garden,Central,2022-02-20,2,90.42,10.0,162.76,70,92.76,Cash,Delivered
ORD04414,CUST0110,PROD059,Energy Drink Pack x24,Food & Beverage,West,2024-02-18,5,37.51,15.0,159.41,60,99.41,Bank Transfer,Delivered
ORD04415,CUST0264,PROD035,Running Shoes Pro,Sports,East,2024-06-07,4,134.77,15.0,458.21,220,238.21,Cash,Delivered
ORD04416,CUST0134,PROD008,Webcam HD 1080p,Electronics,Central,2024-04-15,1,65.12,0.0,65.12,25,40.12,Bank Transfer,Processing
ORD04417,CUST0295,PROD025,Blender Pro 1000W,Home & Garden,North,2024-09-02,1,91.22,20.0,72.98,35,37.98,Bank Transfer,Cancelled
ORD04418,CUST0121,PROD024,Electric Kettle 1.7L,Home & Garden,West,2024-07-23,4,49.94,5.0,189.78,72,117.78,Credit Card,Processing
ORD04419,CUST0455,PROD023,Coffee Maker Deluxe,Home & Garden,North,2023-02-25,5,130.68,20.0,522.71,260,262.71,Bank Transfer,Delivered
ORD04420,CUST0443,PROD039,Pull-Up Bar,Sports,Central,2023-04-02,4,54.65,0.0,218.61,88,130.61,Bank Transfer,Delivered
ORD04421,CUST0208,PROD049,Entrepreneurship Now,Books,West,2022-06-24,1,39.21,20.0,31.37,9,22.37,Debit Card,Returned
ORD04422,CUST0178,PROD003,Smart Watch Ultra,Electronics,East,2022-09-10,2,352.76,5.0,670.25,280,390.25,Debit Card,Delivered
ORD04423,CUST0316,PROD054,Mixed Nuts 500g,Food & Beverage,Central,2022-03-08,4,24.19,15.0,82.25,32,50.25,Debit Card,Delivered
ORD04424,CUST0306,PROD061,Car Dash Cam 4K,Automotive,Central,2022-12-02,2,92.91,20.0,148.66,84,64.66,Debit Card,Delivered
ORD04425,CUST0101,PROD065,Jump Starter Pack,Automotive,South,2022-10-21,2,91.08,0.0,182.16,76,106.16,PayPal,Delivered
ORD04426,CUST0430,PROD012,Denim Jeans Slim,Clothing,North,2022-02-16,4,83.97,0.0,335.87,112,223.87,Bank Transfer,Delivered
ORD04427,CUST0149,PROD068,Car Air Freshener x5,Automotive,Central,2023-06-14,2,15.54,0.0,31.08,10,21.08,Bank Transfer,Shipped
ORD04428,CUST0475,PROD045,Leadership Principles,Books,East,2022-09-25,2,30.98,10.0,55.77,16,39.77,Bank Transfer,Delivered
ORD04429,CUST0140,PROD016,Leather Belt,Clothing,North,2022-10-15,5,43.25,0.0,216.25,90,126.25,Cash,Delivered
ORD04430,CUST0275,PROD070,Car Wax Premium,Automotive,West,2024-09-14,1,25.38,5.0,24.12,10,14.12,PayPal,Delivered
ORD04431,CUST0353,PROD004,Bluetooth Speaker,Electronics,West,2023-11-20,3,89.56,20.0,214.95,105,109.95,PayPal,Delivered
ORD04432,CUST0014,PROD023,Coffee Maker Deluxe,Home & Garden,North,2022-08-27,5,132.4,20.0,529.6,260,269.6,Cash,Processing
ORD04433,CUST0235,PROD003,Smart Watch Ultra,Electronics,North,2023-06-09,2,339.38,0.0,678.75,280,398.75,Debit Card,Delivered
ORD04434,CUST0268,PROD030,Garden Hose 50ft,Home & Garden,West,2022-01-14,3,61.72,5.0,175.9,84,91.9,Bank Transfer,Processing
ORD04435,CUST0012,PROD003,Smart Watch Ultra,Electronics,Central,2023-09-12,2,339.59,20.0,543.34,280,263.34,Credit Card,Delivered
ORD04436,CUST0457,PROD044,Marketing Strategy,Books,Central,2024-05-18,5,38.23,5.0,181.58,50,131.58,Cash,Delivered
ORD04437,CUST0216,PROD046,Finance for Managers,Books,East,2023-01-05,1,45.4,10.0,40.86,13,27.86,Debit Card,Delivered
ORD04438,CUST0490,PROD068,Car Air Freshener x5,Automotive,South,2023-05-26,1,16.25,0.0,16.25,5,11.25,Credit Card,Shipped
ORD04439,CUST0341,PROD005,"4K Monitor 27""",Electronics,North,2023-10-30,5,441.12,5.0,2095.3,1100,995.3,Debit Card,Returned
ORD04440,CUST0315,PROD065,Jump Starter Pack,Automotive,South,2022-09-27,5,94.54,10.0,425.42,190,235.42,Cash,Processing
ORD04441,CUST0379,PROD051,Premium Coffee Beans 1kg,Food & Beverage,West,2022-11-23,5,31.98,20.0,127.92,50,77.92,Credit Card,Delivered
ORD04442,CUST0255,PROD037,Jump Rope Speed,Sports,West,2022-11-19,3,19.26,20.0,46.21,21,25.21,Bank Transfer,Delivered
ORD04443,CUST0421,PROD004,Bluetooth Speaker,Electronics,West,2022-08-20,4,96.4,10.0,347.04,140,207.04,Bank Transfer,Delivered
ORD04444,CUST0045,PROD010,External SSD 1TB,Electronics,South,2022-08-24,4,134.35,0.0,537.39,260,277.39,Debit Card,Delivered
ORD04445,CUST0063,PROD058,Almond Milk 1L,Food & Beverage,North,2024-11-03,1,7.95,0.0,7.95,2,5.95,PayPal,Delivered
ORD04446,CUST0218,PROD056,Dark Chocolate Bar 72%,Food & Beverage,North,2022-03-26,2,12.06,0.0,24.13,8,16.13,PayPal,Shipped
ORD04447,CUST0041,PROD058,Almond Milk 1L,Food & Beverage,North,2022-11-04,1,7.44,0.0,7.44,2,5.44,Credit Card,Delivered
ORD04448,CUST0146,PROD048,SQL Mastery,Books,West,2024-09-28,3,40.3,0.0,120.9,33,87.9,Credit Card,Delivered
ORD04449,CUST0324,PROD045,Leadership Principles,Books,West,2024-12-21,4,32.76,15.0,111.4,32,79.4,Credit Card,Delivered
ORD04450,CUST0396,PROD037,Jump Rope Speed,Sports,Central,2023-07-06,4,18.68,20.0,59.77,28,31.77,Bank Transfer,Delivered
ORD04451,CUST0137,PROD031,Yoga Mat Premium,Sports,West,2022-02-06,1,43.7,5.0,41.51,18,23.51,Cash,Delivered
ORD04452,CUST0260,PROD037,Jump Rope Speed,Sports,West,2023-07-19,2,20.24,0.0,40.47,14,26.47,Bank Transfer,Delivered
ORD04453,CUST0053,PROD042,Python Programming,Books,North,2024-12-30,3,52.72,10.0,142.33,45,97.33,Debit Card,Delivered
ORD04454,CUST0315,PROD020,Knit Sweater,Clothing,South,2024-02-02,5,81.79,0.0,408.93,150,258.93,Debit Card,Shipped
ORD04455,CUST0329,PROD039,Pull-Up Bar,Sports,Central,2023-03-19,4,55.38,15.0,188.31,88,100.31,Credit Card,Delivered
ORD04456,CUST0231,PROD031,Yoga Mat Premium,Sports,East,2022-06-30,3,43.52,10.0,117.5,54,63.5,Debit Card,Delivered
ORD04457,CUST0416,PROD048,SQL Mastery,Books,Central,2024-04-01,4,38.43,15.0,130.68,44,86.68,Cash,Delivered
ORD04458,CUST0252,PROD043,Data Science Handbook,Books,Central,2022-07-24,5,66.75,0.0,333.73,90,243.73,Credit Card,Delivered
ORD04459,CUST0165,PROD009,USB-C Hub 7-in-1,Electronics,East,2022-08-07,5,58.2,10.0,261.9,100,161.9,Bank Transfer,Shipped
ORD04460,CUST0155,PROD063,Car Phone Mount,Automotive,North,2022-02-26,5,23.15,0.0,115.73,45,70.73,Cash,Delivered
ORD04461,CUST0381,PROD007,Mechanical Keyboard,Electronics,North,2022-09-02,5,120.09,15.0,510.39,260,250.39,PayPal,Delivered
ORD04462,CUST0471,PROD008,Webcam HD 1080p,Electronics,Central,2023-04-10,2,75.48,5.0,143.41,50,93.41,Credit Card,Processing
ORD04463,CUST0386,PROD059,Energy Drink Pack x24,Food & Beverage,South,2023-02-09,4,35.6,10.0,128.15,48,80.15,Debit Card,Delivered
ORD04464,CUST0387,PROD052,Organic Green Tea 100g,Food & Beverage,Central,2022-07-31,3,18.13,15.0,46.23,15,31.23,PayPal,Cancelled
ORD04465,CUST0294,PROD011,Classic White Shirt,Clothing,South,2022-09-13,1,48.31,0.0,48.31,15,33.31,Cash,Shipped
ORD04466,CUST0183,PROD017,Formal Trousers,Clothing,North,2022-06-20,3,90.81,0.0,272.42,105,167.42,Bank Transfer,Delivered
ORD04467,CUST0462,PROD067,Steering Wheel Cover,Automotive,North,2024-07-30,3,30.14,0.0,90.41,33,57.41,PayPal,Cancelled
ORD04468,CUST0105,PROD004,Bluetooth Speaker,Electronics,Central,2023-09-05,5,94.53,20.0,378.12,175,203.12,Debit Card,Delivered
ORD04469,CUST0222,PROD006,Gaming Mouse,Electronics,West,2022-11-21,4,73.16,10.0,263.37,112,151.37,Credit Card,Delivered
ORD04470,CUST0179,PROD059,Energy Drink Pack x24,Food & Beverage,South,2023-05-02,1,32.74,15.0,27.83,12,15.83,Cash,Returned
ORD04471,CUST0247,PROD017,Formal Trousers,Clothing,North,2024-08-20,4,84.29,15.0,286.6,140,146.6,Bank Transfer,Shipped
ORD04472,CUST0083,PROD056,Dark Chocolate Bar 72%,Food & Beverage,North,2024-08-02,4,11.21,20.0,35.88,16,19.88,PayPal,Delivered
ORD04473,CUST0063,PROD005,"4K Monitor 27""",Electronics,North,2023-09-19,2,461.67,0.0,923.34,440,483.34,PayPal,Shipped
ORD04474,CUST0316,PROD012,Denim Jeans Slim,Clothing,Central,2024-08-05,5,78.93,10.0,355.17,140,215.17,Bank Transfer,Delivered
ORD04475,CUST0242,PROD038,Foam Roller,Sports,East,2022-08-14,3,37.83,20.0,90.79,36,54.79,PayPal,Delivered
ORD04476,CUST0295,PROD061,Car Dash Cam 4K,Automotive,North,2024-11-27,1,105.63,10.0,95.07,42,53.07,Cash,Delivered
ORD04477,CUST0475,PROD003,Smart Watch Ultra,Electronics,East,2023-04-09,3,378.88,15.0,966.15,420,546.15,Credit Card,Shipped
ORD04478,CUST0228,PROD051,Premium Coffee Beans 1kg,Food & Beverage,Central,2022-09-14,3,31.81,20.0,76.35,30,46.35,Bank Transfer,Returned
ORD04479,CUST0041,PROD063,Car Phone Mount,Automotive,North,2022-03-04,1,25.34,0.0,25.34,9,16.34,Cash,Delivered
ORD04480,CUST0313,PROD038,Foam Roller,Sports,North,2023-12-27,4,33.1,5.0,125.77,48,77.77,Debit Card,Delivered
ORD04481,CUST0253,PROD033,Dumbbell Set 20kg,Sports,South,2022-12-10,4,86.9,20.0,278.08,168,110.08,Debit Card,Delivered
ORD04482,CUST0265,PROD041,Business Analytics Guide,Books,North,2023-06-20,5,41.88,0.0,209.42,60,149.42,Debit Card,Delivered
ORD04483,CUST0381,PROD038,Foam Roller,Sports,North,2023-04-18,1,35.67,0.0,35.67,12,23.67,PayPal,Cancelled
ORD04484,CUST0225,PROD059,Energy Drink Pack x24,Food & Beverage,East,2022-05-01,1,36.25,0.0,36.25,12,24.25,Bank Transfer,Delivered
ORD04485,CUST0417,PROD070,Car Wax Premium,Automotive,North,2022-08-21,4,26.23,0.0,104.93,40,64.93,Bank Transfer,Delivered
ORD04486,CUST0405,PROD023,Coffee Maker Deluxe,Home & Garden,North,2022-05-15,3,128.78,20.0,309.06,156,153.06,PayPal,Delivered
ORD04487,CUST0323,PROD042,Python Programming,Books,Central,2022-01-27,1,56.48,10.0,50.83,15,35.83,PayPal,Delivered
ORD04488,CUST0315,PROD029,Throw Blanket Soft,Home & Garden,South,2023-04-02,2,60.27,10.0,108.48,40,68.48,Cash,Returned
ORD04489,CUST0053,PROD023,Coffee Maker Deluxe,Home & Garden,North,2023-07-13,4,136.77,0.0,547.08,208,339.08,Debit Card,Delivered
ORD04490,CUST0145,PROD022,Air Purifier Pro,Home & Garden,West,2023-05-12,3,254.8,15.0,649.74,330,319.74,Bank Transfer,Cancelled
ORD04491,CUST0444,PROD013,Casual Sneakers,Clothing,North,2024-09-12,4,100.65,0.0,402.59,160,242.59,PayPal,Delivered
ORD04492,CUST0345,PROD054,Mixed Nuts 500g,Food & Beverage,South,2022-02-10,2,22.4,20.0,35.84,16,19.84,Debit Card,Shipped
ORD04493,CUST0220,PROD010,External SSD 1TB,Electronics,Central,2024-08-10,2,146.1,0.0,292.2,130,162.2,Credit Card,Shipped
ORD04494,CUST0298,PROD036,Gym Gloves,Sports,South,2022-10-21,5,25.31,10.0,113.91,45,68.91,Credit Card,Shipped
ORD04495,CUST0196,PROD008,Webcam HD 1080p,Electronics,South,2022-04-24,4,66.25,5.0,251.74,100,151.74,Bank Transfer,Delivered
ORD04496,CUST0125,PROD053,Protein Powder Vanilla,Food & Beverage,West,2023-10-01,3,51.1,10.0,137.98,60,77.98,Bank Transfer,Delivered
ORD04497,CUST0350,PROD010,External SSD 1TB,Electronics,West,2023-10-28,3,141.84,0.0,425.53,195,230.53,PayPal,Delivered
ORD04498,CUST0490,PROD063,Car Phone Mount,Automotive,South,2023-05-25,1,24.5,5.0,23.28,9,14.28,Cash,Delivered
ORD04499,CUST0179,PROD008,Webcam HD 1080p,Electronics,South,2022-05-06,4,68.21,0.0,272.85,100,172.85,PayPal,Cancelled
ORD04500,CUST0219,PROD026,Plant Pot Set x3,Home & Garden,West,2023-04-06,5,36.63,0.0,183.16,70,113.16,Cash,Delivered
ORD04501,CUST0355,PROD034,Cycling Helmet,Sports,East,2022-02-09,3,76.15,0.0,228.44,96,132.44,Cash,Cancelled
ORD04502,CUST0076,PROD054,Mixed Nuts 500g,Food & Beverage,East,2023-12-12,2,24.06,10.0,43.32,16,27.32,Debit Card,Delivered
ORD04503,CUST0325,PROD054,Mixed Nuts 500g,Food & Beverage,Central,2023-02-10,2,25.57,20.0,40.91,16,24.91,Cash,Delivered
ORD04504,CUST0263,PROD058,Almond Milk 1L,Food & Beverage,West,2023-03-30,2,7.23,5.0,13.74,4,9.74,Debit Card,Delivered
ORD04505,CUST0010,PROD041,Business Analytics Guide,Books,South,2023-05-25,2,40.95,0.0,81.91,24,57.91,Bank Transfer,Delivered
ORD04506,CUST0143,PROD006,Gaming Mouse,Electronics,North,2023-01-02,2,75.73,5.0,143.89,56,87.89,PayPal,Delivered
ORD04507,CUST0035,PROD003,Smart Watch Ultra,Electronics,West,2024-02-06,2,363.98,5.0,691.56,280,411.56,Debit Card,Delivered
ORD04508,CUST0256,PROD002,Wireless Headphones,Electronics,East,2023-04-17,3,180.88,0.0,542.65,240,302.65,Bank Transfer,Delivered
ORD04509,CUST0395,PROD030,Garden Hose 50ft,Home & Garden,East,2023-05-25,2,62.75,20.0,100.39,56,44.39,Credit Card,Delivered
ORD04510,CUST0313,PROD056,Dark Chocolate Bar 72%,Food & Beverage,North,2022-07-03,3,13.07,0.0,39.22,12,27.22,Cash,Cancelled
ORD04511,CUST0265,PROD016,Leather Belt,Clothing,North,2022-04-21,5,49.1,0.0,245.52,90,155.52,Credit Card,Delivered
ORD04512,CUST0071,PROD028,Storage Ottoman,Home & Garden,West,2022-11-08,3,81.69,5.0,232.83,96,136.83,PayPal,Delivered
ORD04513,CUST0149,PROD035,Running Shoes Pro,Sports,Central,2022-11-17,3,137.08,20.0,328.98,165,163.98,Credit Card,Delivered
ORD04514,CUST0311,PROD062,Tire Inflator Auto,Automotive,North,2023-04-22,5,47.71,0.0,238.54,90,148.54,Bank Transfer,Processing
ORD04515,CUST0319,PROD061,Car Dash Cam 4K,Automotive,West,2022-06-04,5,90.9,0.0,454.52,210,244.52,PayPal,Cancelled
ORD04516,CUST0102,PROD025,Blender Pro 1000W,Home & Garden,West,2023-12-17,2,93.08,0.0,186.16,70,116.16,Cash,Returned
ORD04517,CUST0364,PROD017,Formal Trousers,Clothing,North,2022-05-21,5,92.79,5.0,440.75,175,265.75,Credit Card,Delivered
ORD04518,CUST0017,PROD063,Car Phone Mount,Automotive,East,2024-10-15,3,24.29,0.0,72.87,27,45.87,Bank Transfer,Delivered
ORD04519,CUST0408,PROD047,Machine Learning A-Z,Books,South,2023-04-18,2,78.61,15.0,133.63,40,93.63,Debit Card,Returned
ORD04520,CUST0475,PROD068,Car Air Freshener x5,Automotive,East,2024-04-18,2,13.55,20.0,21.68,10,11.68,Bank Transfer,Delivered
ORD04521,CUST0418,PROD058,Almond Milk 1L,Food & Beverage,South,2024-04-20,2,8.55,0.0,17.11,4,13.11,Cash,Shipped
ORD04522,CUST0444,PROD063,Car Phone Mount,Automotive,North,2024-06-04,2,24.08,0.0,48.16,18,30.16,Credit Card,Delivered
ORD04523,CUST0328,PROD069,LED Car Lights Kit,Automotive,West,2022-05-30,3,31.79,0.0,95.37,42,53.37,Credit Card,Delivered
ORD04524,CUST0236,PROD024,Electric Kettle 1.7L,Home & Garden,West,2024-02-29,5,52.03,15.0,221.11,90,131.11,Bank Transfer,Delivered
ORD04525,CUST0342,PROD026,Plant Pot Set x3,Home & Garden,South,2024-08-01,1,37.49,15.0,31.86,14,17.86,Debit Card,Shipped
ORD04526,CUST0153,PROD048,SQL Mastery,Books,North,2024-05-15,1,45.47,10.0,40.92,11,29.92,Credit Card,Shipped
ORD04527,CUST0379,PROD051,Premium Coffee Beans 1kg,Food & Beverage,West,2022-03-19,1,29.08,0.0,29.08,10,19.08,Bank Transfer,Shipped
ORD04528,CUST0141,PROD038,Foam Roller,Sports,East,2022-04-13,2,35.7,5.0,67.83,24,43.83,Cash,Delivered
ORD04529,CUST0162,PROD055,Olive Oil Extra Virgin,Food & Beverage,East,2022-07-21,5,28.53,0.0,142.63,45,97.63,PayPal,Processing
ORD04530,CUST0396,PROD029,Throw Blanket Soft,Home & Garden,Central,2024-03-11,1,53.74,0.0,53.74,20,33.74,Cash,Delivered
ORD04531,CUST0064,PROD050,Digital Marketing,Books,West,2024-04-14,5,39.79,10.0,179.03,55,124.03,PayPal,Delivered
ORD04532,CUST0353,PROD051,Premium Coffee Beans 1kg,Food & Beverage,West,2023-12-25,4,34.76,0.0,139.03,40,99.03,PayPal,Shipped
ORD04533,CUST0457,PROD030,Garden Hose 50ft,Home & Garden,Central,2024-02-21,3,71.41,20.0,171.39,84,87.39,Cash,Delivered
ORD04534,CUST0106,PROD002,Wireless Headphones,Electronics,Central,2022-11-25,4,198.15,10.0,713.34,320,393.34,Credit Card,Delivered
ORD04535,CUST0438,PROD070,Car Wax Premium,Automotive,North,2022-11-16,4,26.08,0.0,104.31,40,64.31,Cash,Delivered
ORD04536,CUST0166,PROD029,Throw Blanket Soft,Home & Garden,North,2023-08-18,4,51.2,0.0,204.79,80,124.79,Bank Transfer,Delivered
ORD04537,CUST0074,PROD059,Energy Drink Pack x24,Food & Beverage,North,2024-05-10,3,31.62,10.0,85.39,36,49.39,Debit Card,Shipped
ORD04538,CUST0416,PROD040,Water Bottle 1L,Sports,Central,2022-02-28,5,20.78,20.0,83.11,40,43.11,Bank Transfer,Shipped
ORD04539,CUST0480,PROD059,Energy Drink Pack x24,Food & Beverage,North,2024-12-01,5,35.59,10.0,160.15,60,100.15,PayPal,Delivered
ORD04540,CUST0263,PROD047,Machine Learning A-Z,Books,West,2023-06-07,3,78.87,10.0,212.94,60,152.94,Cash,Delivered
ORD04541,CUST0375,PROD011,Classic White Shirt,Clothing,South,2024-08-03,1,46.65,5.0,44.32,15,29.32,PayPal,Delivered
ORD04542,CUST0345,PROD035,Running Shoes Pro,Sports,South,2024-06-09,4,129.69,15.0,440.96,220,220.96,Bank Transfer,Delivered
ORD04543,CUST0121,PROD055,Olive Oil Extra Virgin,Food & Beverage,West,2022-05-21,5,27.09,5.0,128.68,45,83.68,Credit Card,Delivered
ORD04544,CUST0252,PROD040,Water Bottle 1L,Sports,Central,2023-09-16,3,21.7,0.0,65.09,24,41.09,Cash,Processing
ORD04545,CUST0431,PROD033,Dumbbell Set 20kg,Sports,South,2024-04-03,2,97.85,0.0,195.69,84,111.69,Credit Card,Delivered
ORD04546,CUST0190,PROD052,Organic Green Tea 100g,Food & Beverage,Central,2024-06-17,2,18.32,0.0,36.64,10,26.64,Credit Card,Shipped
ORD04547,CUST0082,PROD035,Running Shoes Pro,Sports,Central,2022-10-03,3,129.75,0.0,389.26,165,224.26,Bank Transfer,Delivered
ORD04548,CUST0201,PROD045,Leadership Principles,Books,East,2023-03-15,2,33.73,15.0,57.34,16,41.34,Bank Transfer,Delivered
ORD04549,CUST0360,PROD030,Garden Hose 50ft,Home & Garden,East,2023-05-11,1,67.3,0.0,67.3,28,39.3,Bank Transfer,Delivered
ORD04550,CUST0098,PROD006,Gaming Mouse,Electronics,North,2024-09-12,1,80.45,0.0,80.45,28,52.45,Bank Transfer,Delivered
ORD04551,CUST0263,PROD002,Wireless Headphones,Electronics,West,2023-08-03,5,198.22,0.0,991.12,400,591.12,Credit Card,Cancelled
ORD04552,CUST0495,PROD045,Leadership Principles,Books,West,2022-10-22,3,33.05,0.0,99.16,24,75.16,PayPal,Returned
ORD04553,CUST0391,PROD063,Car Phone Mount,Automotive,Central,2023-08-18,3,24.11,15.0,61.47,27,34.47,Credit Card,Returned
ORD04554,CUST0124,PROD051,Premium Coffee Beans 1kg,Food & Beverage,Central,2023-08-29,5,35.15,10.0,158.19,50,108.19,Credit Card,Shipped
ORD04555,CUST0457,PROD029,Throw Blanket Soft,Home & Garden,Central,2023-03-04,5,58.81,5.0,279.36,100,179.36,Bank Transfer,Delivered
ORD04556,CUST0407,PROD032,Resistance Bands Set,Sports,South,2024-11-10,4,26.88,5.0,102.16,40,62.16,Credit Card,Delivered
ORD04557,CUST0338,PROD067,Steering Wheel Cover,Automotive,West,2022-01-28,2,30.73,20.0,49.17,22,27.17,PayPal,Delivered
ORD04558,CUST0098,PROD010,External SSD 1TB,Electronics,North,2023-03-27,1,134.92,10.0,121.43,65,56.43,Credit Card,Delivered
ORD04559,CUST0227,PROD047,Machine Learning A-Z,Books,South,2023-10-03,2,73.66,10.0,132.58,40,92.58,Debit Card,Returned
ORD04560,CUST0039,PROD028,Storage Ottoman,Home & Garden,South,2024-10-04,3,69.1,10.0,186.56,96,90.56,Cash,Returned
ORD04561,CUST0420,PROD023,Coffee Maker Deluxe,Home & Garden,East,2024-04-25,3,141.65,5.0,403.71,156,247.71,Bank Transfer,Delivered
ORD04562,CUST0146,PROD037,Jump Rope Speed,Sports,West,2024-10-13,2,18.47,10.0,33.24,14,19.24,Cash,Processing
ORD04563,CUST0251,PROD018,Polo Shirt Premium,Clothing,North,2022-11-18,2,62.88,5.0,119.47,44,75.47,PayPal,Shipped
ORD04564,CUST0495,PROD020,Knit Sweater,Clothing,West,2022-04-25,1,69.99,0.0,69.99,30,39.99,Credit Card,Delivered
ORD04565,CUST0081,PROD050,Digital Marketing,Books,Central,2023-08-11,1,38.98,15.0,33.13,11,22.13,Bank Transfer,Delivered
ORD04566,CUST0153,PROD035,Running Shoes Pro,Sports,North,2022-07-29,2,125.37,15.0,213.13,110,103.13,PayPal,Delivered
ORD04567,CUST0044,PROD060,Collagen Powder 300g,Food & Beverage,East,2022-03-31,3,41.42,10.0,111.84,48,63.84,Debit Card,Processing
ORD04568,CUST0070,PROD007,Mechanical Keyboard,Electronics,North,2024-11-04,1,124.79,5.0,118.55,52,66.55,Bank Transfer,Delivered
ORD04569,CUST0225,PROD024,Electric Kettle 1.7L,Home & Garden,East,2022-08-24,2,46.23,0.0,92.46,36,56.46,Bank Transfer,Delivered
ORD04570,CUST0490,PROD018,Polo Shirt Premium,Clothing,South,2023-08-25,3,64.82,10.0,175.01,66,109.01,Credit Card,Delivered
ORD04571,CUST0155,PROD020,Knit Sweater,Clothing,North,2024-02-21,2,73.74,0.0,147.49,60,87.49,Debit Card,Delivered
ORD04572,CUST0267,PROD065,Jump Starter Pack,Automotive,East,2023-10-24,5,94.52,20.0,378.09,190,188.09,PayPal,Delivered
ORD04573,CUST0274,PROD020,Knit Sweater,Clothing,Central,2022-11-15,1,69.67,20.0,55.74,30,25.74,PayPal,Shipped
ORD04574,CUST0350,PROD059,Energy Drink Pack x24,Food & Beverage,West,2022-11-02,3,35.26,20.0,84.62,36,48.62,Bank Transfer,Delivered
ORD04575,CUST0378,PROD016,Leather Belt,Clothing,South,2022-05-25,2,48.31,0.0,96.63,36,60.63,Bank Transfer,Delivered
ORD04576,CUST0298,PROD008,Webcam HD 1080p,Electronics,South,2024-01-22,1,65.22,0.0,65.22,25,40.22,Credit Card,Cancelled
ORD04577,CUST0405,PROD062,Tire Inflator Auto,Automotive,North,2022-03-06,2,43.92,5.0,83.45,36,47.45,Cash,Processing
ORD04578,CUST0438,PROD055,Olive Oil Extra Virgin,Food & Beverage,North,2023-06-24,1,28.58,0.0,28.58,9,19.58,Cash,Delivered
ORD04579,CUST0482,PROD059,Energy Drink Pack x24,Food & Beverage,East,2024-02-24,1,31.67,5.0,30.09,12,18.09,Credit Card,Cancelled
ORD04580,CUST0406,PROD036,Gym Gloves,Sports,North,2022-09-12,1,26.57,20.0,21.26,9,12.26,Cash,Delivered
ORD04581,CUST0174,PROD046,Finance for Managers,Books,Central,2023-10-08,4,52.38,15.0,178.1,52,126.1,Cash,Delivered
ORD04582,CUST0214,PROD048,SQL Mastery,Books,South,2023-09-15,4,41.24,10.0,148.45,44,104.45,Debit Card,Delivered
ORD04583,CUST0374,PROD061,Car Dash Cam 4K,Automotive,South,2022-04-03,2,94.28,0.0,188.57,84,104.57,Credit Card,Delivered
ORD04584,CUST0482,PROD001,Laptop Pro 15,Electronics,East,2022-05-23,5,1104.87,20.0,4419.5,3750,669.5,Cash,Shipped
ORD04585,CUST0491,PROD051,Premium Coffee Beans 1kg,Food & Beverage,South,2023-10-02,1,34.87,0.0,34.87,10,24.87,Credit Card,Shipped
ORD04586,CUST0002,PROD031,Yoga Mat Premium,Sports,Central,2023-04-20,2,43.33,0.0,86.67,36,50.67,Bank Transfer,Cancelled
ORD04587,CUST0140,PROD018,Polo Shirt Premium,Clothing,North,2022-01-05,3,62.55,0.0,187.66,66,121.66,Cash,Delivered
ORD04588,CUST0020,PROD057,Granola Bars x12,Food & Beverage,Central,2022-01-03,5,23.08,20.0,92.31,35,57.31,Credit Card,Processing
ORD04589,CUST0255,PROD063,Car Phone Mount,Automotive,West,2024-03-02,4,23.0,15.0,78.2,36,42.2,Cash,Delivered
ORD04590,CUST0479,PROD052,Organic Green Tea 100g,Food & Beverage,North,2023-03-12,1,16.28,0.0,16.28,5,11.28,PayPal,Processing
ORD04591,CUST0416,PROD017,Formal Trousers,Clothing,Central,2023-12-26,4,84.94,5.0,322.76,140,182.76,Debit Card,Cancelled
ORD04592,CUST0464,PROD044,Marketing Strategy,Books,West,2022-11-09,4,36.69,5.0,139.44,40,99.44,Cash,Delivered
ORD04593,CUST0114,PROD014,Wool Winter Coat,Clothing,South,2022-04-22,4,197.53,0.0,790.12,300,490.12,Debit Card,Delivered
ORD04594,CUST0071,PROD007,Mechanical Keyboard,Electronics,West,2024-07-10,3,122.76,15.0,313.05,156,157.05,Cash,Shipped
ORD04595,CUST0197,PROD026,Plant Pot Set x3,Home & Garden,Central,2024-12-11,4,35.13,0.0,140.52,56,84.52,Debit Card,Shipped
ORD04596,CUST0175,PROD001,Laptop Pro 15,Electronics,South,2023-04-14,4,1259.47,10.0,4534.09,3000,1534.09,PayPal,Delivered
ORD04597,CUST0205,PROD070,Car Wax Premium,Automotive,Central,2024-04-08,3,25.6,20.0,61.43,30,31.43,Bank Transfer,Delivered
ORD04598,CUST0445,PROD060,Collagen Powder 300g,Food & Beverage,Central,2022-12-10,4,47.33,5.0,179.86,64,115.86,PayPal,Delivered
ORD04599,CUST0455,PROD026,Plant Pot Set x3,Home & Garden,North,2022-05-14,5,35.45,5.0,168.41,70,98.41,Bank Transfer,Delivered
ORD04600,CUST0207,PROD055,Olive Oil Extra Virgin,Food & Beverage,Central,2022-03-16,1,25.35,10.0,22.81,9,13.81,Cash,Delivered
ORD04601,CUST0354,PROD060,Collagen Powder 300g,Food & Beverage,Central,2023-11-12,3,44.16,0.0,132.49,48,84.49,Debit Card,Delivered
ORD04602,CUST0290,PROD062,Tire Inflator Auto,Automotive,Central,2024-03-22,1,44.0,0.0,44.0,18,26.0,Credit Card,Delivered
ORD04603,CUST0093,PROD057,Granola Bars x12,Food & Beverage,South,2024-06-21,3,23.98,5.0,68.35,21,47.35,Bank Transfer,Delivered
ORD04604,CUST0275,PROD055,Olive Oil Extra Virgin,Food & Beverage,West,2024-02-15,5,29.77,10.0,133.97,45,88.97,PayPal,Delivered
ORD04605,CUST0223,PROD064,Seat Covers Set,Automotive,South,2024-11-24,1,78.48,15.0,66.71,32,34.71,Debit Card,Delivered
ORD04606,CUST0182,PROD055,Olive Oil Extra Virgin,Food & Beverage,East,2022-08-07,1,30.73,5.0,29.2,9,20.2,Bank Transfer,Delivered
ORD04607,CUST0105,PROD038,Foam Roller,Sports,Central,2022-05-28,4,34.9,20.0,111.69,48,63.69,Debit Card,Shipped
ORD04608,CUST0359,PROD046,Finance for Managers,Books,South,2023-10-04,5,51.91,10.0,233.6,65,168.6,Debit Card,Processing
ORD04609,CUST0358,PROD039,Pull-Up Bar,Sports,Central,2022-03-17,4,55.31,0.0,221.22,88,133.22,Credit Card,Delivered
ORD04610,CUST0481,PROD035,Running Shoes Pro,Sports,South,2024-05-16,1,141.71,0.0,141.71,55,86.71,Cash,Delivered
ORD04611,CUST0399,PROD009,USB-C Hub 7-in-1,Electronics,West,2022-07-10,3,56.48,0.0,169.45,60,109.45,PayPal,Delivered
ORD04612,CUST0307,PROD013,Casual Sneakers,Clothing,West,2024-05-16,4,90.81,0.0,363.23,160,203.23,Debit Card,Shipped
ORD04613,CUST0499,PROD063,Car Phone Mount,Automotive,Central,2024-11-28,3,25.82,15.0,65.84,27,38.84,Bank Transfer,Returned
ORD04614,CUST0190,PROD018,Polo Shirt Premium,Clothing,Central,2023-12-03,3,70.72,0.0,212.16,66,146.16,Cash,Returned
ORD04615,CUST0095,PROD053,Protein Powder Vanilla,Food & Beverage,Central,2024-09-10,1,58.5,15.0,49.73,20,29.73,Debit Card,Delivered
ORD04616,CUST0082,PROD024,Electric Kettle 1.7L,Home & Garden,Central,2022-01-03,1,47.15,15.0,40.08,18,22.08,Cash,Delivered
ORD04617,CUST0080,PROD041,Business Analytics Guide,Books,North,2024-02-27,4,49.32,0.0,197.28,48,149.28,Bank Transfer,Shipped
ORD04618,CUST0453,PROD012,Denim Jeans Slim,Clothing,North,2024-09-05,4,74.82,5.0,284.31,112,172.31,Debit Card,Returned
ORD04619,CUST0391,PROD039,Pull-Up Bar,Sports,Central,2023-09-14,4,57.14,0.0,228.56,88,140.56,PayPal,Delivered
ORD04620,CUST0085,PROD040,Water Bottle 1L,Sports,West,2022-11-08,2,23.29,20.0,37.26,16,21.26,Cash,Processing
ORD04621,CUST0286,PROD026,Plant Pot Set x3,Home & Garden,North,2024-12-13,4,41.79,15.0,142.09,56,86.09,Debit Card,Processing
ORD04622,CUST0128,PROD004,Bluetooth Speaker,Electronics,West,2022-11-11,4,91.83,5.0,348.94,140,208.94,Cash,Delivered
ORD04623,CUST0416,PROD019,Running Shorts,Clothing,Central,2022-07-09,3,43.69,0.0,131.07,45,86.07,PayPal,Delivered
ORD04624,CUST0339,PROD018,Polo Shirt Premium,Clothing,North,2022-09-12,4,70.43,5.0,267.62,88,179.62,Bank Transfer,Cancelled
ORD04625,CUST0339,PROD057,Granola Bars x12,Food & Beverage,North,2024-05-31,1,21.41,10.0,19.27,7,12.27,Credit Card,Delivered
ORD04626,CUST0423,PROD056,Dark Chocolate Bar 72%,Food & Beverage,North,2023-04-14,3,11.91,0.0,35.73,12,23.73,Credit Card,Cancelled
ORD04627,CUST0073,PROD006,Gaming Mouse,Electronics,South,2022-09-06,4,73.25,0.0,293.01,112,181.01,Bank Transfer,Shipped
ORD04628,CUST0217,PROD036,Gym Gloves,Sports,North,2023-01-20,3,26.25,5.0,74.81,27,47.81,PayPal,Delivered
ORD04629,CUST0063,PROD024,Electric Kettle 1.7L,Home & Garden,North,2024-12-31,5,48.49,0.0,242.45,90,152.45,PayPal,Shipped
ORD04630,CUST0408,PROD003,Smart Watch Ultra,Electronics,South,2023-11-03,3,348.02,20.0,835.25,420,415.25,Debit Card,Delivered
ORD04631,CUST0329,PROD048,SQL Mastery,Books,Central,2023-05-02,3,43.36,5.0,123.56,33,90.56,Credit Card,Shipped
ORD04632,CUST0351,PROD046,Finance for Managers,Books,South,2024-03-20,4,52.36,10.0,188.48,52,136.48,Debit Card,Delivered
ORD04633,CUST0407,PROD060,Collagen Powder 300g,Food & Beverage,South,2022-09-16,5,48.0,15.0,204.02,80,124.02,Credit Card,Delivered
ORD04634,CUST0093,PROD043,Data Science Handbook,Books,South,2022-12-22,4,71.3,0.0,285.22,72,213.22,Credit Card,Shipped
ORD04635,CUST0304,PROD061,Car Dash Cam 4K,Automotive,Central,2022-08-16,1,90.75,0.0,90.75,42,48.75,Bank Transfer,Delivered
ORD04636,CUST0148,PROD012,Denim Jeans Slim,Clothing,Central,2022-05-25,5,78.36,10.0,352.63,140,212.63,PayPal,Processing
ORD04637,CUST0327,PROD017,Formal Trousers,Clothing,South,2024-11-19,1,82.58,0.0,82.58,35,47.58,Debit Card,Delivered
ORD04638,CUST0187,PROD010,External SSD 1TB,Electronics,West,2024-11-14,2,153.62,0.0,307.25,130,177.25,Cash,Cancelled
ORD04639,CUST0483,PROD061,Car Dash Cam 4K,Automotive,East,2024-02-08,5,101.46,20.0,405.86,210,195.86,Cash,Cancelled
ORD04640,CUST0434,PROD070,Car Wax Premium,Automotive,North,2024-09-06,2,26.3,0.0,52.6,20,32.6,Credit Card,Delivered
ORD04641,CUST0012,PROD038,Foam Roller,Sports,Central,2023-06-22,5,32.37,15.0,137.59,60,77.59,Bank Transfer,Cancelled
ORD04642,CUST0057,PROD062,Tire Inflator Auto,Automotive,South,2023-05-17,4,48.2,0.0,192.82,72,120.82,PayPal,Shipped
ORD04643,CUST0410,PROD011,Classic White Shirt,Clothing,South,2022-05-24,5,45.46,0.0,227.29,75,152.29,Cash,Delivered
ORD04644,CUST0168,PROD010,External SSD 1TB,Electronics,North,2022-10-14,1,146.34,20.0,117.07,65,52.07,Credit Card,Delivered
ORD04645,CUST0173,PROD027,LED Desk Lamp,Home & Garden,East,2024-03-25,3,41.59,5.0,118.54,54,64.54,Credit Card,Shipped
ORD04646,CUST0203,PROD002,Wireless Headphones,Electronics,Central,2023-04-03,1,185.29,5.0,176.03,80,96.03,PayPal,Processing
ORD04647,CUST0212,PROD064,Seat Covers Set,Automotive,West,2024-06-12,5,74.87,10.0,336.92,160,176.92,Debit Card,Delivered
ORD04648,CUST0122,PROD037,Jump Rope Speed,Sports,Central,2022-05-16,4,20.32,5.0,77.22,28,49.22,PayPal,Delivered
ORD04649,CUST0011,PROD034,Cycling Helmet,Sports,East,2023-05-15,2,74.66,10.0,134.39,64,70.39,Credit Card,Shipped
ORD04650,CUST0275,PROD025,Blender Pro 1000W,Home & Garden,West,2023-04-13,2,97.5,0.0,195.0,70,125.0,Cash,Delivered
ORD04651,CUST0108,PROD063,Car Phone Mount,Automotive,West,2024-04-03,4,27.06,0.0,108.23,36,72.23,Bank Transfer,Cancelled
ORD04652,CUST0388,PROD020,Knit Sweater,Clothing,North,2023-05-08,4,76.25,10.0,274.49,120,154.49,Cash,Delivered
ORD04653,CUST0154,PROD005,"4K Monitor 27""",Electronics,North,2022-12-05,2,433.17,10.0,779.71,440,339.71,Bank Transfer,Processing
ORD04654,CUST0235,PROD017,Formal Trousers,Clothing,North,2023-06-13,3,92.27,0.0,276.81,105,171.81,Debit Card,Processing
ORD04655,CUST0371,PROD041,Business Analytics Guide,Books,North,2024-05-29,5,44.42,0.0,222.08,60,162.08,Credit Card,Delivered
ORD04656,CUST0080,PROD036,Gym Gloves,Sports,North,2023-04-01,2,22.73,0.0,45.46,18,27.46,Credit Card,Shipped
ORD04657,CUST0340,PROD053,Protein Powder Vanilla,Food & Beverage,South,2024-11-30,1,53.03,5.0,50.37,20,30.37,Bank Transfer,Delivered
ORD04658,CUST0065,PROD049,Entrepreneurship Now,Books,Central,2023-11-15,3,37.46,10.0,101.14,27,74.14,Credit Card,Processing
ORD04659,CUST0423,PROD031,Yoga Mat Premium,Sports,North,2024-03-06,2,47.52,10.0,85.54,36,49.54,Bank Transfer,Cancelled
ORD04660,CUST0029,PROD005,"4K Monitor 27""",Electronics,North,2022-04-17,2,488.01,10.0,878.41,440,438.41,Credit Card,Shipped
ORD04661,CUST0074,PROD013,Casual Sneakers,Clothing,North,2022-02-02,3,103.64,0.0,310.91,120,190.91,Bank Transfer,Delivered
ORD04662,CUST0218,PROD039,Pull-Up Bar,Sports,North,2024-04-24,2,59.25,5.0,112.57,44,68.57,Bank Transfer,Shipped
ORD04663,CUST0297,PROD004,Bluetooth Speaker,Electronics,East,2023-03-20,2,83.49,10.0,150.28,70,80.28,PayPal,Delivered
ORD04664,CUST0153,PROD008,Webcam HD 1080p,Electronics,North,2022-01-14,2,70.69,0.0,141.38,50,91.38,Cash,Delivered
ORD04665,CUST0044,PROD013,Casual Sneakers,Clothing,East,2024-09-29,4,100.12,15.0,340.41,160,180.41,Bank Transfer,Returned
ORD04666,CUST0379,PROD063,Car Phone Mount,Automotive,West,2023-02-05,5,26.65,5.0,126.6,45,81.6,Cash,Delivered
ORD04667,CUST0233,PROD066,Car Vacuum Cleaner,Automotive,Central,2023-12-11,1,55.71,15.0,47.35,22,25.35,Debit Card,Delivered
ORD04668,CUST0341,PROD015,Sport T-Shirt,Clothing,North,2024-07-13,3,36.28,0.0,108.83,36,72.83,Credit Card,Delivered
ORD04669,CUST0339,PROD061,Car Dash Cam 4K,Automotive,North,2023-03-20,4,108.17,5.0,411.05,168,243.05,Credit Card,Delivered
ORD04670,CUST0192,PROD019,Running Shorts,Clothing,South,2024-12-16,4,39.05,0.0,156.19,60,96.19,Bank Transfer,Returned
ORD04671,CUST0248,PROD058,Almond Milk 1L,Food & Beverage,Central,2024-08-06,4,7.37,0.0,29.47,8,21.47,PayPal,Cancelled
ORD04672,CUST0390,PROD020,Knit Sweater,Clothing,South,2023-08-21,2,70.58,0.0,141.16,60,81.16,Credit Card,Delivered
ORD04673,CUST0299,PROD031,Yoga Mat Premium,Sports,East,2024-01-11,4,49.11,0.0,196.42,72,124.42,Cash,Shipped
ORD04674,CUST0171,PROD041,Business Analytics Guide,Books,South,2022-12-07,3,49.45,10.0,133.51,36,97.51,Debit Card,Delivered
ORD04675,CUST0077,PROD011,Classic White Shirt,Clothing,North,2023-04-03,2,51.93,0.0,103.87,30,73.87,Bank Transfer,Shipped
ORD04676,CUST0385,PROD061,Car Dash Cam 4K,Automotive,North,2024-12-04,5,93.11,0.0,465.57,210,255.57,Bank Transfer,Delivered
ORD04677,CUST0023,PROD054,Mixed Nuts 500g,Food & Beverage,Central,2024-05-24,3,25.26,0.0,75.78,24,51.78,Cash,Delivered
ORD04678,CUST0310,PROD064,Seat Covers Set,Automotive,Central,2023-01-12,1,78.56,0.0,78.56,32,46.56,Credit Card,Shipped
ORD04679,CUST0277,PROD014,Wool Winter Coat,Clothing,Central,2022-02-16,5,181.25,10.0,815.62,375,440.62,Bank Transfer,Delivered
ORD04680,CUST0424,PROD026,Plant Pot Set x3,Home & Garden,North,2022-05-23,4,40.42,0.0,161.67,56,105.67,Bank Transfer,Shipped
ORD04681,CUST0171,PROD037,Jump Rope Speed,Sports,South,2024-05-30,2,19.49,0.0,38.98,14,24.98,Credit Card,Delivered
ORD04682,CUST0393,PROD062,Tire Inflator Auto,Automotive,East,2023-11-02,3,43.49,15.0,110.89,54,56.89,Credit Card,Delivered
ORD04683,CUST0362,PROD055,Olive Oil Extra Virgin,Food & Beverage,West,2024-01-15,1,25.38,0.0,25.38,9,16.38,Cash,Delivered
ORD04684,CUST0380,PROD033,Dumbbell Set 20kg,Sports,East,2023-06-09,2,82.39,0.0,164.79,84,80.79,Debit Card,Shipped
ORD04685,CUST0071,PROD051,Premium Coffee Beans 1kg,Food & Beverage,West,2022-01-27,2,31.48,5.0,59.81,20,39.81,Debit Card,Delivered
ORD04686,CUST0011,PROD058,Almond Milk 1L,Food & Beverage,East,2023-10-22,1,7.45,15.0,6.33,2,4.33,Cash,Delivered
ORD04687,CUST0453,PROD035,Running Shoes Pro,Sports,North,2023-01-25,3,133.72,20.0,320.92,165,155.92,PayPal,Delivered
ORD04688,CUST0063,PROD006,Gaming Mouse,Electronics,North,2024-07-24,3,83.85,10.0,226.39,84,142.39,Credit Card,Returned
ORD04689,CUST0392,PROD015,Sport T-Shirt,Clothing,South,2022-10-17,5,31.71,10.0,142.7,60,82.7,Credit Card,Cancelled
ORD04690,CUST0031,PROD003,Smart Watch Ultra,Electronics,North,2024-03-22,2,322.75,20.0,516.4,280,236.4,Bank Transfer,Shipped
ORD04691,CUST0243,PROD052,Organic Green Tea 100g,Food & Beverage,West,2024-08-23,3,16.23,0.0,48.7,15,33.7,Credit Card,Delivered
ORD04692,CUST0448,PROD013,Casual Sneakers,Clothing,East,2023-07-25,3,86.72,0.0,260.16,120,140.16,Bank Transfer,Delivered
ORD04693,CUST0101,PROD005,"4K Monitor 27""",Electronics,South,2024-03-11,3,457.23,0.0,1371.68,660,711.68,Credit Card,Shipped
ORD04694,CUST0470,PROD012,Denim Jeans Slim,Clothing,Central,2023-08-12,3,83.56,0.0,250.69,84,166.69,Cash,Delivered
ORD04695,CUST0341,PROD032,Resistance Bands Set,Sports,North,2023-11-06,1,28.94,0.0,28.94,10,18.94,Debit Card,Delivered
ORD04696,CUST0194,PROD068,Car Air Freshener x5,Automotive,Central,2024-04-25,2,15.05,10.0,27.08,10,17.08,Debit Card,Delivered
ORD04697,CUST0021,PROD066,Car Vacuum Cleaner,Automotive,West,2022-09-01,3,49.57,20.0,118.96,66,52.96,Credit Card,Shipped
ORD04698,CUST0029,PROD069,LED Car Lights Kit,Automotive,North,2024-04-15,5,35.51,15.0,150.93,70,80.93,Bank Transfer,Delivered
ORD04699,CUST0292,PROD007,Mechanical Keyboard,Electronics,South,2023-02-04,1,124.61,0.0,124.61,52,72.61,PayPal,Delivered
ORD04700,CUST0407,PROD058,Almond Milk 1L,Food & Beverage,South,2023-05-16,2,7.41,20.0,11.86,4,7.86,Cash,Cancelled
ORD04701,CUST0392,PROD036,Gym Gloves,Sports,South,2023-10-27,5,26.69,0.0,133.44,45,88.44,Bank Transfer,Shipped
ORD04702,CUST0097,PROD031,Yoga Mat Premium,Sports,North,2023-09-15,2,43.65,0.0,87.3,36,51.3,Credit Card,Returned
ORD04703,CUST0341,PROD039,Pull-Up Bar,Sports,North,2023-09-19,4,60.45,0.0,241.78,88,153.78,PayPal,Shipped
ORD04704,CUST0100,PROD017,Formal Trousers,Clothing,Central,2023-02-11,5,86.58,20.0,346.33,175,171.33,Credit Card,Delivered
ORD04705,CUST0315,PROD017,Formal Trousers,Clothing,South,2023-11-07,2,94.64,0.0,189.29,70,119.29,Cash,Shipped
ORD04706,CUST0129,PROD020,Knit Sweater,Clothing,Central,2023-01-07,4,74.18,10.0,267.05,120,147.05,Cash,Delivered
ORD04707,CUST0263,PROD051,Premium Coffee Beans 1kg,Food & Beverage,West,2024-04-03,1,30.21,5.0,28.7,10,18.7,PayPal,Delivered
ORD04708,CUST0085,PROD027,LED Desk Lamp,Home & Garden,West,2022-02-08,2,40.68,0.0,81.36,36,45.36,Cash,Cancelled
ORD04709,CUST0166,PROD031,Yoga Mat Premium,Sports,North,2024-11-05,1,46.86,10.0,42.17,18,24.17,Bank Transfer,Delivered
ORD04710,CUST0281,PROD019,Running Shorts,Clothing,North,2024-06-03,1,44.51,20.0,35.61,15,20.61,PayPal,Processing
ORD04711,CUST0164,PROD060,Collagen Powder 300g,Food & Beverage,Central,2022-09-26,2,45.98,0.0,91.96,32,59.96,PayPal,Returned
ORD04712,CUST0172,PROD063,Car Phone Mount,Automotive,West,2023-11-04,3,25.8,0.0,77.41,27,50.41,Cash,Cancelled
ORD04713,CUST0120,PROD009,USB-C Hub 7-in-1,Electronics,Central,2022-04-03,3,61.79,0.0,185.37,60,125.37,Cash,Delivered
ORD04714,CUST0198,PROD065,Jump Starter Pack,Automotive,West,2023-10-20,4,88.93,10.0,320.14,152,168.14,Credit Card,Delivered
ORD04715,CUST0303,PROD020,Knit Sweater,Clothing,West,2023-01-21,4,82.34,20.0,263.49,120,143.49,Cash,Delivered
ORD04716,CUST0384,PROD015,Sport T-Shirt,Clothing,Central,2023-09-18,3,34.77,0.0,104.32,36,68.32,Bank Transfer,Cancelled
ORD04717,CUST0206,PROD037,Jump Rope Speed,Sports,East,2023-10-28,1,17.43,5.0,16.56,7,9.56,Credit Card,Delivered
ORD04718,CUST0252,PROD019,Running Shorts,Clothing,Central,2024-01-01,5,42.59,0.0,212.96,75,137.96,Credit Card,Cancelled
ORD04719,CUST0088,PROD054,Mixed Nuts 500g,Food & Beverage,East,2022-12-10,2,22.16,0.0,44.32,16,28.32,Debit Card,Delivered
ORD04720,CUST0084,PROD040,Water Bottle 1L,Sports,South,2024-12-04,5,23.22,0.0,116.09,40,76.09,Credit Card,Cancelled
ORD04721,CUST0387,PROD042,Python Programming,Books,Central,2023-02-05,3,54.54,15.0,139.09,45,94.09,Credit Card,Delivered
ORD04722,CUST0246,PROD031,Yoga Mat Premium,Sports,East,2024-11-05,5,48.49,10.0,218.22,90,128.22,Cash,Shipped
ORD04723,CUST0028,PROD062,Tire Inflator Auto,Automotive,South,2022-01-15,4,43.03,0.0,172.11,72,100.11,Credit Card,Shipped
ORD04724,CUST0271,PROD063,Car Phone Mount,Automotive,South,2024-09-08,5,26.92,20.0,107.68,45,62.68,Cash,Delivered
ORD04725,CUST0185,PROD047,Machine Learning A-Z,Books,North,2022-08-04,3,74.82,0.0,224.46,60,164.46,Debit Card,Delivered
ORD04726,CUST0415,PROD051,Premium Coffee Beans 1kg,Food & Beverage,North,2024-09-21,5,34.44,15.0,146.39,50,96.39,PayPal,Cancelled
ORD04727,CUST0291,PROD055,Olive Oil Extra Virgin,Food & Beverage,West,2022-10-26,5,27.25,15.0,115.8,45,70.8,Cash,Cancelled
ORD04728,CUST0044,PROD014,Wool Winter Coat,Clothing,East,2024-11-14,4,189.47,0.0,757.89,300,457.89,Cash,Processing
ORD04729,CUST0043,PROD049,Entrepreneurship Now,Books,North,2023-06-13,2,39.38,5.0,74.82,18,56.82,Bank Transfer,Shipped
ORD04730,CUST0138,PROD042,Python Programming,Books,East,2022-04-15,5,49.59,0.0,247.97,75,172.97,Bank Transfer,Delivered
ORD04731,CUST0391,PROD029,Throw Blanket Soft,Home & Garden,Central,2023-08-06,5,55.91,10.0,251.58,100,151.58,PayPal,Processing
ORD04732,CUST0404,PROD068,Car Air Freshener x5,Automotive,West,2023-10-03,4,15.55,15.0,52.88,20,32.88,PayPal,Cancelled
ORD04733,CUST0305,PROD049,Entrepreneurship Now,Books,North,2023-09-27,3,33.19,0.0,99.58,27,72.58,Bank Transfer,Delivered
ORD04734,CUST0243,PROD028,Storage Ottoman,Home & Garden,West,2022-12-15,4,69.53,15.0,236.41,128,108.41,PayPal,Delivered
ORD04735,CUST0387,PROD038,Foam Roller,Sports,Central,2023-04-21,3,36.88,20.0,88.51,36,52.51,PayPal,Returned
ORD04736,CUST0162,PROD070,Car Wax Premium,Automotive,East,2022-08-12,4,25.37,20.0,81.2,40,41.2,PayPal,Delivered
ORD04737,CUST0490,PROD031,Yoga Mat Premium,Sports,South,2024-11-21,2,48.79,10.0,87.82,36,51.82,PayPal,Returned
ORD04738,CUST0344,PROD012,Denim Jeans Slim,Clothing,North,2022-04-21,4,83.94,15.0,285.38,112,173.38,Cash,Returned
ORD04739,CUST0003,PROD021,Robot Vacuum Cleaner,Home & Garden,South,2024-01-16,5,320.23,5.0,1521.11,700,821.11,Cash,Processing
ORD04740,CUST0361,PROD037,Jump Rope Speed,Sports,North,2024-10-14,3,18.68,20.0,44.84,21,23.84,Cash,Delivered
ORD04741,CUST0466,PROD041,Business Analytics Guide,Books,North,2024-09-03,5,43.28,20.0,173.14,60,113.14,Debit Card,Returned
ORD04742,CUST0327,PROD024,Electric Kettle 1.7L,Home & Garden,South,2022-03-21,4,52.34,15.0,177.96,72,105.96,Debit Card,Delivered
ORD04743,CUST0192,PROD038,Foam Roller,Sports,South,2024-06-25,1,37.14,20.0,29.72,12,17.72,Bank Transfer,Delivered
ORD04744,CUST0422,PROD058,Almond Milk 1L,Food & Beverage,North,2024-03-05,1,8.61,15.0,7.32,2,5.32,Debit Card,Delivered
ORD04745,CUST0349,PROD046,Finance for Managers,Books,North,2022-02-22,1,47.92,10.0,43.13,13,30.13,Debit Card,Delivered
ORD04746,CUST0248,PROD049,Entrepreneurship Now,Books,Central,2022-11-17,2,33.77,15.0,57.41,18,39.41,Cash,Delivered
ORD04747,CUST0033,PROD027,LED Desk Lamp,Home & Garden,Central,2022-01-28,2,48.64,5.0,92.41,36,56.41,Cash,Delivered
ORD04748,CUST0408,PROD047,Machine Learning A-Z,Books,South,2023-11-28,2,78.54,0.0,157.07,40,117.07,Credit Card,Shipped
ORD04749,CUST0156,PROD027,LED Desk Lamp,Home & Garden,East,2023-04-05,1,47.38,0.0,47.38,18,29.38,Bank Transfer,Delivered
ORD04750,CUST0445,PROD004,Bluetooth Speaker,Electronics,Central,2022-11-21,4,84.33,15.0,286.74,140,146.74,PayPal,Processing
ORD04751,CUST0158,PROD025,Blender Pro 1000W,Home & Garden,East,2023-08-07,5,88.12,0.0,440.59,175,265.59,Cash,Shipped
ORD04752,CUST0045,PROD054,Mixed Nuts 500g,Food & Beverage,South,2023-01-21,2,26.25,0.0,52.5,16,36.5,PayPal,Delivered
ORD04753,CUST0329,PROD059,Energy Drink Pack x24,Food & Beverage,Central,2022-06-03,3,34.47,10.0,93.06,36,57.06,PayPal,Cancelled
ORD04754,CUST0311,PROD015,Sport T-Shirt,Clothing,North,2023-05-13,3,33.7,0.0,101.09,36,65.09,Bank Transfer,Returned
ORD04755,CUST0479,PROD068,Car Air Freshener x5,Automotive,North,2022-03-27,2,13.61,5.0,25.86,10,15.86,Credit Card,Delivered
ORD04756,CUST0177,PROD041,Business Analytics Guide,Books,South,2022-05-31,2,44.26,0.0,88.53,24,64.53,PayPal,Cancelled
ORD04757,CUST0321,PROD015,Sport T-Shirt,Clothing,South,2024-01-09,5,33.42,5.0,158.74,60,98.74,Bank Transfer,Delivered
ORD04758,CUST0029,PROD023,Coffee Maker Deluxe,Home & Garden,North,2022-11-24,1,130.32,0.0,130.32,52,78.32,Cash,Delivered
ORD04759,CUST0228,PROD012,Denim Jeans Slim,Clothing,Central,2022-10-30,4,81.8,20.0,261.75,112,149.75,Credit Card,Processing
ORD04760,CUST0358,PROD060,Collagen Powder 300g,Food & Beverage,Central,2023-10-28,1,44.44,5.0,42.22,16,26.22,Credit Card,Cancelled
ORD04761,CUST0118,PROD044,Marketing Strategy,Books,North,2022-12-12,2,41.09,10.0,73.96,20,53.96,Debit Card,Shipped
ORD04762,CUST0409,PROD035,Running Shoes Pro,Sports,North,2022-02-24,3,126.06,0.0,378.19,165,213.19,Bank Transfer,Delivered
ORD04763,CUST0285,PROD067,Steering Wheel Cover,Automotive,West,2023-12-24,2,29.99,0.0,59.99,22,37.99,PayPal,Delivered
ORD04764,CUST0084,PROD046,Finance for Managers,Books,South,2023-11-28,5,46.4,0.0,231.98,65,166.98,Bank Transfer,Delivered
ORD04765,CUST0492,PROD065,Jump Starter Pack,Automotive,North,2023-11-13,4,80.22,5.0,304.83,152,152.83,Bank Transfer,Processing
ORD04766,CUST0367,PROD067,Steering Wheel Cover,Automotive,North,2023-10-01,2,27.45,0.0,54.89,22,32.89,Bank Transfer,Delivered
ORD04767,CUST0033,PROD061,Car Dash Cam 4K,Automotive,Central,2023-01-28,5,103.42,0.0,517.09,210,307.09,PayPal,Shipped
ORD04768,CUST0223,PROD059,Energy Drink Pack x24,Food & Beverage,South,2024-04-21,1,31.7,0.0,31.7,12,19.7,Debit Card,Delivered
ORD04769,CUST0380,PROD004,Bluetooth Speaker,Electronics,East,2024-02-12,2,96.98,5.0,184.25,70,114.25,Cash,Delivered
ORD04770,CUST0158,PROD034,Cycling Helmet,Sports,East,2023-01-12,2,72.08,5.0,136.95,64,72.95,PayPal,Cancelled
ORD04771,CUST0229,PROD004,Bluetooth Speaker,Electronics,West,2022-02-17,4,81.95,20.0,262.25,140,122.25,Cash,Delivered
ORD04772,CUST0407,PROD027,LED Desk Lamp,Home & Garden,South,2024-08-04,1,48.76,0.0,48.76,18,30.76,PayPal,Shipped
ORD04773,CUST0162,PROD008,Webcam HD 1080p,Electronics,East,2022-12-20,1,62.87,10.0,56.58,25,31.58,Debit Card,Delivered
ORD04774,CUST0331,PROD007,Mechanical Keyboard,Electronics,East,2022-03-09,4,127.36,5.0,483.97,208,275.97,Debit Card,Cancelled
ORD04775,CUST0203,PROD069,LED Car Lights Kit,Automotive,Central,2024-02-23,2,36.6,10.0,65.87,28,37.87,Debit Card,Shipped
ORD04776,CUST0244,PROD018,Polo Shirt Premium,Clothing,Central,2023-04-19,5,68.05,20.0,272.2,110,162.2,Credit Card,Shipped
ORD04777,CUST0237,PROD068,Car Air Freshener x5,Automotive,South,2022-11-19,5,16.26,20.0,65.04,25,40.04,Cash,Delivered
ORD04778,CUST0497,PROD059,Energy Drink Pack x24,Food & Beverage,North,2022-01-06,3,33.07,5.0,94.25,36,58.25,Credit Card,Delivered
ORD04779,CUST0036,PROD063,Car Phone Mount,Automotive,West,2024-05-05,1,26.83,10.0,24.15,9,15.15,Debit Card,Cancelled
ORD04780,CUST0234,PROD043,Data Science Handbook,Books,North,2024-11-12,2,66.98,5.0,127.26,36,91.26,PayPal,Delivered
ORD04781,CUST0219,PROD026,Plant Pot Set x3,Home & Garden,West,2022-04-21,3,37.33,10.0,100.79,42,58.79,PayPal,Delivered
ORD04782,CUST0363,PROD009,USB-C Hub 7-in-1,Electronics,North,2024-06-30,2,63.61,0.0,127.22,40,87.22,Credit Card,Delivered
ORD04783,CUST0293,PROD030,Garden Hose 50ft,Home & Garden,South,2022-11-05,2,67.51,10.0,121.52,56,65.52,Credit Card,Returned
ORD04784,CUST0479,PROD046,Finance for Managers,Books,North,2022-12-09,4,52.57,10.0,189.25,52,137.25,Credit Card,Cancelled
ORD04785,CUST0421,PROD061,Car Dash Cam 4K,Automotive,West,2023-06-14,4,103.03,0.0,412.13,168,244.13,Cash,Delivered
ORD04786,CUST0439,PROD006,Gaming Mouse,Electronics,East,2022-10-09,3,78.86,0.0,236.58,84,152.58,Cash,Delivered
ORD04787,CUST0173,PROD051,Premium Coffee Beans 1kg,Food & Beverage,East,2022-02-09,4,34.47,0.0,137.88,40,97.88,Bank Transfer,Delivered
ORD04788,CUST0281,PROD052,Organic Green Tea 100g,Food & Beverage,North,2023-06-11,3,16.84,5.0,47.98,15,32.98,Debit Card,Delivered
ORD04789,CUST0018,PROD003,Smart Watch Ultra,Electronics,Central,2024-08-11,3,346.86,10.0,936.51,420,516.51,Cash,Delivered
ORD04790,CUST0259,PROD028,Storage Ottoman,Home & Garden,South,2024-06-23,1,79.66,15.0,67.71,32,35.71,Cash,Delivered
ORD04791,CUST0498,PROD039,Pull-Up Bar,Sports,South,2023-10-14,4,54.65,20.0,174.88,88,86.88,Credit Card,Returned
ORD04792,CUST0102,PROD042,Python Programming,Books,West,2022-06-26,2,59.45,10.0,107.02,30,77.02,Cash,Shipped
ORD04793,CUST0355,PROD046,Finance for Managers,Books,East,2022-11-10,5,46.14,5.0,219.17,65,154.17,Cash,Delivered
ORD04794,CUST0195,PROD070,Car Wax Premium,Automotive,South,2022-10-07,5,29.66,0.0,148.31,50,98.31,Bank Transfer,Shipped
ORD04795,CUST0231,PROD067,Steering Wheel Cover,Automotive,East,2022-05-26,4,27.59,5.0,104.85,44,60.85,Credit Card,Delivered
ORD04796,CUST0397,PROD064,Seat Covers Set,Automotive,South,2023-02-06,4,72.28,10.0,260.2,128,132.2,Bank Transfer,Delivered
ORD04797,CUST0349,PROD057,Granola Bars x12,Food & Beverage,North,2024-03-03,4,22.19,0.0,88.75,28,60.75,Debit Card,Delivered
ORD04798,CUST0106,PROD021,Robot Vacuum Cleaner,Home & Garden,Central,2024-04-02,4,287.38,5.0,1092.03,560,532.03,Cash,Processing
ORD04799,CUST0077,PROD043,Data Science Handbook,Books,North,2022-05-12,2,64.56,10.0,116.21,36,80.21,Debit Card,Cancelled
ORD04800,CUST0206,PROD041,Business Analytics Guide,Books,East,2022-12-23,3,41.7,15.0,106.34,36,70.34,PayPal,Delivered
ORD04801,CUST0121,PROD013,Casual Sneakers,Clothing,West,2024-02-04,3,87.08,5.0,248.18,120,128.18,Credit Card,Delivered
ORD04802,CUST0011,PROD034,Cycling Helmet,Sports,East,2022-06-25,5,79.89,0.0,399.45,160,239.45,Cash,Delivered
ORD04803,CUST0205,PROD070,Car Wax Premium,Automotive,Central,2024-06-20,1,30.41,0.0,30.41,10,20.41,Bank Transfer,Delivered
ORD04804,CUST0196,PROD044,Marketing Strategy,Books,South,2024-11-19,4,37.89,0.0,151.57,40,111.57,PayPal,Delivered
ORD04805,CUST0163,PROD057,Granola Bars x12,Food & Beverage,Central,2024-09-09,4,22.66,15.0,77.03,28,49.03,Credit Card,Delivered
ORD04806,CUST0081,PROD032,Resistance Bands Set,Sports,Central,2023-08-08,1,27.75,0.0,27.75,10,17.75,Bank Transfer,Returned
ORD04807,CUST0147,PROD016,Leather Belt,Clothing,North,2024-02-03,4,45.87,5.0,174.32,72,102.32,Debit Card,Shipped
ORD04808,CUST0290,PROD046,Finance for Managers,Books,Central,2023-08-25,4,44.0,0.0,176.0,52,124.0,PayPal,Returned
ORD04809,CUST0374,PROD069,LED Car Lights Kit,Automotive,South,2022-07-07,1,37.98,10.0,34.19,14,20.19,Credit Card,Delivered
ORD04810,CUST0327,PROD025,Blender Pro 1000W,Home & Garden,South,2024-08-18,1,94.61,5.0,89.88,35,54.88,Cash,Shipped
ORD04811,CUST0288,PROD032,Resistance Bands Set,Sports,South,2022-02-27,2,26.17,0.0,52.34,20,32.34,Debit Card,Delivered
ORD04812,CUST0171,PROD014,Wool Winter Coat,Clothing,South,2023-08-15,5,188.0,15.0,799.0,375,424.0,Debit Card,Shipped
ORD04813,CUST0122,PROD053,Protein Powder Vanilla,Food & Beverage,Central,2022-12-26,1,50.4,15.0,42.84,20,22.84,Debit Card,Shipped
ORD04814,CUST0303,PROD019,Running Shorts,Clothing,West,2024-08-21,3,45.4,20.0,108.95,45,63.95,Cash,Delivered
ORD04815,CUST0073,PROD049,Entrepreneurship Now,Books,South,2024-08-01,3,37.01,20.0,88.82,27,61.82,Cash,Delivered
ORD04816,CUST0241,PROD001,Laptop Pro 15,Electronics,East,2024-07-13,3,1141.06,20.0,2738.54,2250,488.54,Debit Card,Delivered
ORD04817,CUST0338,PROD003,Smart Watch Ultra,Electronics,West,2024-02-25,5,367.4,0.0,1836.98,700,1136.98,Debit Card,Delivered
ORD04818,CUST0406,PROD030,Garden Hose 50ft,Home & Garden,North,2022-06-20,4,62.19,0.0,248.78,112,136.78,Debit Card,Delivered
ORD04819,CUST0067,PROD017,Formal Trousers,Clothing,West,2022-03-22,3,81.75,0.0,245.26,105,140.26,Debit Card,Delivered
ORD04820,CUST0406,PROD027,LED Desk Lamp,Home & Garden,North,2023-04-16,4,47.6,20.0,152.34,72,80.34,Bank Transfer,Shipped
ORD04821,CUST0048,PROD036,Gym Gloves,Sports,West,2024-07-05,4,25.17,15.0,85.57,36,49.57,Bank Transfer,Processing
ORD04822,CUST0324,PROD031,Yoga Mat Premium,Sports,West,2022-01-10,5,43.38,5.0,206.06,90,116.06,Credit Card,Processing
ORD04823,CUST0396,PROD037,Jump Rope Speed,Sports,Central,2024-07-26,3,19.38,0.0,58.13,21,37.13,PayPal,Delivered
ORD04824,CUST0266,PROD046,Finance for Managers,Books,South,2024-03-11,5,48.09,0.0,240.44,65,175.44,PayPal,Delivered
ORD04825,CUST0330,PROD017,Formal Trousers,Clothing,East,2022-03-13,5,81.14,20.0,324.55,175,149.55,PayPal,Delivered
ORD04826,CUST0330,PROD038,Foam Roller,Sports,East,2022-12-17,3,36.64,15.0,93.44,36,57.44,PayPal,Delivered
ORD04827,CUST0463,PROD069,LED Car Lights Kit,Automotive,Central,2023-06-28,3,31.69,10.0,85.56,42,43.56,Cash,Delivered
ORD04828,CUST0189,PROD047,Machine Learning A-Z,Books,East,2023-03-05,2,68.52,20.0,109.63,40,69.63,Debit Card,Delivered
ORD04829,CUST0012,PROD063,Car Phone Mount,Automotive,Central,2024-06-22,5,23.05,0.0,115.23,45,70.23,Credit Card,Shipped
ORD04830,CUST0032,PROD017,Formal Trousers,Clothing,Central,2022-04-27,5,86.72,15.0,368.56,175,193.56,Credit Card,Returned
ORD04831,CUST0417,PROD029,Throw Blanket Soft,Home & Garden,North,2023-05-28,4,56.95,10.0,205.03,80,125.03,Cash,Delivered
ORD04832,CUST0384,PROD020,Knit Sweater,Clothing,Central,2023-10-21,5,70.84,0.0,354.18,150,204.18,Credit Card,Delivered
ORD04833,CUST0170,PROD017,Formal Trousers,Clothing,West,2024-04-23,1,89.0,0.0,89.0,35,54.0,Credit Card,Processing
ORD04834,CUST0232,PROD023,Coffee Maker Deluxe,Home & Garden,Central,2024-07-18,2,132.89,15.0,225.92,104,121.92,Cash,Delivered
ORD04835,CUST0426,PROD014,Wool Winter Coat,Clothing,Central,2022-03-23,2,175.69,20.0,281.1,150,131.1,Bank Transfer,Delivered
ORD04836,CUST0176,PROD057,Granola Bars x12,Food & Beverage,West,2023-12-10,5,24.06,5.0,114.28,35,79.28,Debit Card,Delivered
ORD04837,CUST0109,PROD025,Blender Pro 1000W,Home & Garden,North,2023-11-11,3,89.83,0.0,269.49,105,164.49,Cash,Delivered
ORD04838,CUST0373,PROD054,Mixed Nuts 500g,Food & Beverage,North,2024-09-18,5,25.75,15.0,109.44,40,69.44,Cash,Delivered
ORD04839,CUST0324,PROD044,Marketing Strategy,Books,West,2022-05-12,3,37.78,15.0,96.33,30,66.33,PayPal,Shipped
ORD04840,CUST0320,PROD053,Protein Powder Vanilla,Food & Beverage,North,2023-07-28,4,52.86,0.0,211.42,80,131.42,PayPal,Delivered
ORD04841,CUST0129,PROD050,Digital Marketing,Books,Central,2023-05-23,4,43.67,5.0,165.94,44,121.94,Cash,Cancelled
ORD04842,CUST0338,PROD031,Yoga Mat Premium,Sports,West,2024-08-29,2,41.23,5.0,78.33,36,42.33,Credit Card,Delivered
ORD04843,CUST0071,PROD004,Bluetooth Speaker,Electronics,West,2024-10-19,3,89.63,20.0,215.11,105,110.11,PayPal,Delivered
ORD04844,CUST0219,PROD058,Almond Milk 1L,Food & Beverage,West,2022-10-23,5,8.53,0.0,42.66,10,32.66,Bank Transfer,Delivered
ORD04845,CUST0116,PROD036,Gym Gloves,Sports,West,2024-05-26,5,27.1,10.0,121.94,45,76.94,Cash,Delivered
ORD04846,CUST0207,PROD011,Classic White Shirt,Clothing,Central,2024-12-10,4,53.32,0.0,213.28,60,153.28,PayPal,Delivered
ORD04847,CUST0095,PROD038,Foam Roller,Sports,Central,2024-11-16,3,37.68,20.0,90.44,36,54.44,PayPal,Returned
ORD04848,CUST0458,PROD008,Webcam HD 1080p,Electronics,South,2023-04-28,3,62.16,10.0,167.83,75,92.83,Debit Card,Shipped
ORD04849,CUST0188,PROD057,Granola Bars x12,Food & Beverage,West,2023-03-13,4,24.18,0.0,96.71,28,68.71,PayPal,Returned
ORD04850,CUST0314,PROD065,Jump Starter Pack,Automotive,East,2024-06-09,2,92.48,0.0,184.96,76,108.96,Credit Card,Returned
ORD04851,CUST0190,PROD059,Energy Drink Pack x24,Food & Beverage,Central,2023-03-04,3,34.14,0.0,102.41,36,66.41,Cash,Shipped
ORD04852,CUST0081,PROD009,USB-C Hub 7-in-1,Electronics,Central,2022-08-16,2,63.02,20.0,100.82,40,60.82,Cash,Delivered
ORD04853,CUST0308,PROD013,Casual Sneakers,Clothing,West,2023-08-27,4,96.98,5.0,368.51,160,208.51,PayPal,Delivered
ORD04854,CUST0108,PROD062,Tire Inflator Auto,Automotive,West,2022-05-24,3,44.19,20.0,106.05,54,52.05,Bank Transfer,Delivered
ORD04855,CUST0283,PROD015,Sport T-Shirt,Clothing,Central,2022-09-28,2,37.57,0.0,75.15,24,51.15,Bank Transfer,Delivered
ORD04856,CUST0109,PROD056,Dark Chocolate Bar 72%,Food & Beverage,North,2024-05-07,3,12.27,10.0,33.13,12,21.13,Credit Card,Cancelled
ORD04857,CUST0395,PROD019,Running Shorts,Clothing,East,2023-04-21,1,40.98,0.0,40.98,15,25.98,Debit Card,Delivered
ORD04858,CUST0155,PROD003,Smart Watch Ultra,Electronics,North,2023-09-06,2,331.42,0.0,662.83,280,382.83,Bank Transfer,Returned
ORD04859,CUST0383,PROD045,Leadership Principles,Books,Central,2022-12-27,4,29.23,5.0,111.08,32,79.08,Debit Card,Delivered
ORD04860,CUST0449,PROD068,Car Air Freshener x5,Automotive,North,2024-07-24,3,14.76,20.0,35.41,15,20.41,Credit Card,Processing
ORD04861,CUST0399,PROD055,Olive Oil Extra Virgin,Food & Beverage,West,2022-08-04,2,28.7,0.0,57.41,18,39.41,Cash,Shipped
ORD04862,CUST0453,PROD069,LED Car Lights Kit,Automotive,North,2024-10-03,5,37.43,10.0,168.44,70,98.44,Bank Transfer,Delivered
ORD04863,CUST0224,PROD052,Organic Green Tea 100g,Food & Beverage,South,2022-04-08,4,17.7,0.0,70.79,20,50.79,PayPal,Delivered
ORD04864,CUST0267,PROD008,Webcam HD 1080p,Electronics,East,2024-11-11,3,69.19,5.0,197.18,75,122.18,Debit Card,Delivered
ORD04865,CUST0260,PROD018,Polo Shirt Premium,Clothing,West,2023-10-30,3,59.54,0.0,178.62,66,112.62,Debit Card,Shipped
ORD04866,CUST0380,PROD053,Protein Powder Vanilla,Food & Beverage,East,2024-12-05,2,53.22,0.0,106.45,40,66.45,Debit Card,Cancelled
ORD04867,CUST0466,PROD015,Sport T-Shirt,Clothing,North,2024-12-07,5,34.17,10.0,153.76,60,93.76,Credit Card,Cancelled
ORD04868,CUST0326,PROD065,Jump Starter Pack,Automotive,North,2023-10-10,5,84.95,10.0,382.28,190,192.28,Cash,Delivered
ORD04869,CUST0330,PROD021,Robot Vacuum Cleaner,Home & Garden,East,2023-09-28,2,301.2,0.0,602.41,280,322.41,Cash,Returned
ORD04870,CUST0232,PROD028,Storage Ottoman,Home & Garden,Central,2024-07-08,1,72.43,0.0,72.43,32,40.43,Debit Card,Delivered
ORD04871,CUST0204,PROD047,Machine Learning A-Z,Books,South,2023-03-28,2,76.53,10.0,137.75,40,97.75,Cash,Cancelled
ORD04872,CUST0329,PROD068,Car Air Freshener x5,Automotive,Central,2024-07-31,1,15.88,20.0,12.7,5,7.7,Debit Card,Delivered
ORD04873,CUST0409,PROD023,Coffee Maker Deluxe,Home & Garden,North,2022-11-23,1,121.47,5.0,115.39,52,63.39,Bank Transfer,Delivered
ORD04874,CUST0493,PROD023,Coffee Maker Deluxe,Home & Garden,North,2023-08-24,2,136.42,20.0,218.27,104,114.27,Bank Transfer,Delivered
ORD04875,CUST0259,PROD004,Bluetooth Speaker,Electronics,South,2022-10-06,4,96.92,15.0,329.52,140,189.52,PayPal,Delivered
ORD04876,CUST0282,PROD032,Resistance Bands Set,Sports,West,2022-10-22,5,28.78,5.0,136.72,50,86.72,Credit Card,Shipped
ORD04877,CUST0330,PROD070,Car Wax Premium,Automotive,East,2022-11-03,1,28.03,5.0,26.63,10,16.63,Bank Transfer,Delivered
ORD04878,CUST0168,PROD003,Smart Watch Ultra,Electronics,North,2023-07-05,4,381.8,15.0,1298.13,560,738.13,Credit Card,Delivered
ORD04879,CUST0305,PROD021,Robot Vacuum Cleaner,Home & Garden,North,2023-04-12,2,285.0,15.0,484.51,280,204.51,PayPal,Processing
ORD04880,CUST0425,PROD068,Car Air Freshener x5,Automotive,South,2024-01-25,4,14.23,5.0,54.07,20,34.07,Debit Card,Delivered
ORD04881,CUST0485,PROD068,Car Air Freshener x5,Automotive,East,2022-09-22,4,15.0,15.0,51.0,20,31.0,Credit Card,Delivered
ORD04882,CUST0344,PROD039,Pull-Up Bar,Sports,North,2023-11-09,2,53.24,0.0,106.47,44,62.47,Cash,Delivered
ORD04883,CUST0055,PROD016,Leather Belt,Clothing,South,2022-05-05,2,47.48,0.0,94.97,36,58.97,Debit Card,Delivered
ORD04884,CUST0250,PROD011,Classic White Shirt,Clothing,North,2023-12-07,4,53.14,0.0,212.57,60,152.57,PayPal,Shipped
ORD04885,CUST0167,PROD063,Car Phone Mount,Automotive,East,2023-06-06,1,26.32,0.0,26.32,9,17.32,PayPal,Delivered
ORD04886,CUST0430,PROD045,Leadership Principles,Books,North,2023-08-18,4,32.14,15.0,109.26,32,77.26,Debit Card,Returned
ORD04887,CUST0129,PROD018,Polo Shirt Premium,Clothing,Central,2024-07-10,4,66.94,0.0,267.76,88,179.76,Credit Card,Delivered
ORD04888,CUST0143,PROD057,Granola Bars x12,Food & Beverage,North,2024-09-03,5,22.16,0.0,110.82,35,75.82,PayPal,Processing
ORD04889,CUST0285,PROD050,Digital Marketing,Books,West,2024-05-12,3,39.2,15.0,99.95,33,66.95,Bank Transfer,Delivered
ORD04890,CUST0074,PROD006,Gaming Mouse,Electronics,North,2024-03-11,3,77.11,0.0,231.32,84,147.32,PayPal,Returned
ORD04891,CUST0201,PROD006,Gaming Mouse,Electronics,East,2023-07-25,5,81.71,0.0,408.53,140,268.53,Bank Transfer,Delivered
ORD04892,CUST0397,PROD021,Robot Vacuum Cleaner,Home & Garden,South,2023-04-13,2,280.31,0.0,560.61,280,280.61,Cash,Processing
ORD04893,CUST0163,PROD034,Cycling Helmet,Sports,Central,2022-11-30,3,79.7,0.0,239.1,96,143.1,PayPal,Delivered
ORD04894,CUST0187,PROD020,Knit Sweater,Clothing,West,2024-06-15,1,67.66,20.0,54.13,30,24.13,Bank Transfer,Cancelled
ORD04895,CUST0209,PROD007,Mechanical Keyboard,Electronics,North,2023-05-05,5,122.85,0.0,614.27,260,354.27,Cash,Processing
ORD04896,CUST0200,PROD026,Plant Pot Set x3,Home & Garden,East,2023-07-26,2,38.39,0.0,76.78,28,48.78,Bank Transfer,Delivered
ORD04897,CUST0359,PROD020,Knit Sweater,Clothing,South,2023-10-24,2,68.39,0.0,136.77,60,76.77,Credit Card,Delivered
ORD04898,CUST0192,PROD033,Dumbbell Set 20kg,Sports,South,2023-05-17,5,89.21,15.0,379.13,210,169.13,Credit Card,Delivered
ORD04899,CUST0436,PROD060,Collagen Powder 300g,Food & Beverage,South,2024-10-30,4,41.32,20.0,132.22,64,68.22,Bank Transfer,Delivered
ORD04900,CUST0461,PROD047,Machine Learning A-Z,Books,Central,2023-04-04,2,69.92,10.0,125.86,40,85.86,Cash,Delivered
ORD04901,CUST0360,PROD037,Jump Rope Speed,Sports,East,2022-06-05,1,19.16,0.0,19.16,7,12.16,Credit Card,Delivered
ORD04902,CUST0313,PROD049,Entrepreneurship Now,Books,North,2023-03-24,2,35.69,20.0,57.11,18,39.11,Debit Card,Delivered
ORD04903,CUST0238,PROD037,Jump Rope Speed,Sports,Central,2024-07-27,1,17.59,15.0,14.95,7,7.95,Bank Transfer,Delivered
ORD04904,CUST0167,PROD047,Machine Learning A-Z,Books,East,2024-11-13,4,65.82,0.0,263.28,80,183.28,Bank Transfer,Delivered
ORD04905,CUST0144,PROD041,Business Analytics Guide,Books,West,2024-06-02,5,43.81,15.0,186.2,60,126.2,Cash,Shipped
ORD04906,CUST0389,PROD027,LED Desk Lamp,Home & Garden,Central,2023-08-29,3,49.15,0.0,147.44,54,93.44,Cash,Delivered
ORD04907,CUST0218,PROD016,Leather Belt,Clothing,North,2024-01-30,3,40.73,0.0,122.19,54,68.19,PayPal,Cancelled
ORD04908,CUST0303,PROD011,Classic White Shirt,Clothing,West,2023-05-07,4,45.41,15.0,154.41,60,94.41,Credit Card,Delivered
ORD04909,CUST0371,PROD009,USB-C Hub 7-in-1,Electronics,North,2023-09-08,5,57.4,20.0,229.61,100,129.61,PayPal,Cancelled
ORD04910,CUST0499,PROD020,Knit Sweater,Clothing,Central,2023-04-05,5,72.67,0.0,363.37,150,213.37,PayPal,Delivered
ORD04911,CUST0342,PROD063,Car Phone Mount,Automotive,South,2024-01-22,2,26.55,0.0,53.09,18,35.09,Bank Transfer,Cancelled
ORD04912,CUST0330,PROD064,Seat Covers Set,Automotive,East,2024-12-20,5,73.69,20.0,294.77,160,134.77,Credit Card,Delivered
ORD04913,CUST0320,PROD044,Marketing Strategy,Books,North,2023-10-04,1,40.84,10.0,36.76,10,26.76,Debit Card,Delivered
ORD04914,CUST0039,PROD069,LED Car Lights Kit,Automotive,South,2024-02-06,4,33.57,0.0,134.27,56,78.27,PayPal,Delivered
ORD04915,CUST0042,PROD059,Energy Drink Pack x24,Food & Beverage,South,2023-02-23,1,37.03,15.0,31.47,12,19.47,Debit Card,Delivered
ORD04916,CUST0315,PROD051,Premium Coffee Beans 1kg,Food & Beverage,South,2024-02-29,5,34.44,5.0,163.6,50,113.6,Debit Card,Delivered
ORD04917,CUST0480,PROD046,Finance for Managers,Books,North,2022-10-17,3,52.33,0.0,156.99,39,117.99,PayPal,Shipped
ORD04918,CUST0102,PROD056,Dark Chocolate Bar 72%,Food & Beverage,West,2023-05-11,2,12.54,0.0,25.07,8,17.07,Debit Card,Shipped
ORD04919,CUST0442,PROD023,Coffee Maker Deluxe,Home & Garden,North,2023-08-06,3,116.35,15.0,296.69,156,140.69,Debit Card,Delivered
ORD04920,CUST0309,PROD040,Water Bottle 1L,Sports,Central,2024-06-12,2,21.07,20.0,33.72,16,17.72,Credit Card,Delivered
ORD04921,CUST0302,PROD019,Running Shorts,Clothing,West,2022-07-04,2,44.5,0.0,88.99,30,58.99,Cash,Cancelled
ORD04922,CUST0495,PROD004,Bluetooth Speaker,Electronics,West,2024-01-11,2,86.39,10.0,155.51,70,85.51,PayPal,Delivered
ORD04923,CUST0054,PROD028,Storage Ottoman,Home & Garden,West,2022-05-06,1,71.73,20.0,57.39,32,25.39,Bank Transfer,Shipped
ORD04924,CUST0205,PROD021,Robot Vacuum Cleaner,Home & Garden,Central,2023-06-02,1,277.25,15.0,235.66,140,95.66,Debit Card,Cancelled
ORD04925,CUST0376,PROD069,LED Car Lights Kit,Automotive,North,2023-10-28,3,34.35,0.0,103.04,42,61.04,Cash,Cancelled
ORD04926,CUST0334,PROD036,Gym Gloves,Sports,Central,2022-06-28,1,23.52,0.0,23.52,9,14.52,Debit Card,Delivered
ORD04927,CUST0322,PROD048,SQL Mastery,Books,East,2024-10-25,3,41.77,0.0,125.32,33,92.32,Debit Card,Shipped
ORD04928,CUST0388,PROD006,Gaming Mouse,Electronics,North,2024-06-04,2,85.2,5.0,161.88,56,105.88,Cash,Delivered
ORD04929,CUST0235,PROD038,Foam Roller,Sports,North,2023-01-16,4,33.17,20.0,106.16,48,58.16,Debit Card,Delivered
ORD04930,CUST0426,PROD034,Cycling Helmet,Sports,Central,2022-08-27,2,71.51,0.0,143.02,64,79.02,Cash,Delivered
ORD04931,CUST0419,PROD046,Finance for Managers,Books,East,2023-02-22,5,44.0,0.0,220.01,65,155.01,Credit Card,Delivered
ORD04932,CUST0017,PROD043,Data Science Handbook,Books,East,2023-09-18,5,58.95,10.0,265.26,90,175.26,Cash,Returned
ORD04933,CUST0191,PROD025,Blender Pro 1000W,Home & Garden,Central,2022-04-14,5,89.8,10.0,404.11,175,229.11,Credit Card,Delivered
ORD04934,CUST0440,PROD056,Dark Chocolate Bar 72%,Food & Beverage,North,2024-04-24,3,12.74,0.0,38.23,12,26.23,Debit Card,Delivered
ORD04935,CUST0286,PROD022,Air Purifier Pro,Home & Garden,North,2022-08-09,5,267.37,0.0,1336.85,550,786.85,Cash,Delivered
ORD04936,CUST0254,PROD045,Leadership Principles,Books,Central,2023-03-21,2,30.85,10.0,55.54,16,39.54,Debit Card,Delivered
ORD04937,CUST0014,PROD033,Dumbbell Set 20kg,Sports,North,2022-11-07,2,93.63,20.0,149.82,84,65.82,Bank Transfer,Delivered
ORD04938,CUST0400,PROD067,Steering Wheel Cover,Automotive,West,2023-09-08,1,31.39,0.0,31.39,11,20.39,Credit Card,Cancelled
ORD04939,CUST0437,PROD030,Garden Hose 50ft,Home & Garden,North,2023-03-22,5,70.22,0.0,351.12,140,211.12,Cash,Delivered
ORD04940,CUST0143,PROD012,Denim Jeans Slim,Clothing,North,2024-11-02,4,75.69,0.0,302.76,112,190.76,Credit Card,Delivered
ORD04941,CUST0028,PROD044,Marketing Strategy,Books,South,2023-02-26,2,34.37,0.0,68.75,20,48.75,PayPal,Returned
ORD04942,CUST0159,PROD041,Business Analytics Guide,Books,East,2023-06-24,5,43.81,0.0,219.05,60,159.05,Bank Transfer,Delivered
ORD04943,CUST0211,PROD052,Organic Green Tea 100g,Food & Beverage,West,2024-11-29,4,18.97,0.0,75.89,20,55.89,Credit Card,Processing
ORD04944,CUST0397,PROD035,Running Shoes Pro,Sports,South,2024-10-12,4,125.05,15.0,425.16,220,205.16,Debit Card,Delivered
ORD04945,CUST0076,PROD060,Collagen Powder 300g,Food & Beverage,East,2024-07-29,2,42.53,20.0,68.06,32,36.06,Bank Transfer,Processing
ORD04946,CUST0485,PROD021,Robot Vacuum Cleaner,Home & Garden,East,2023-03-04,1,292.68,20.0,234.15,140,94.15,Debit Card,Shipped
ORD04947,CUST0359,PROD037,Jump Rope Speed,Sports,South,2024-10-28,1,17.45,20.0,13.96,7,6.96,Credit Card,Delivered
ORD04948,CUST0455,PROD005,"4K Monitor 27""",Electronics,North,2024-06-19,1,490.87,20.0,392.7,220,172.7,Cash,Shipped
ORD04949,CUST0221,PROD025,Blender Pro 1000W,Home & Garden,Central,2023-02-26,1,87.66,20.0,70.13,35,35.13,Bank Transfer,Delivered
ORD04950,CUST0221,PROD004,Bluetooth Speaker,Electronics,Central,2023-12-09,5,90.91,5.0,431.84,175,256.84,Cash,Cancelled
ORD04951,CUST0357,PROD054,Mixed Nuts 500g,Food & Beverage,East,2024-03-23,4,24.89,0.0,99.58,32,67.58,Debit Card,Returned
ORD04952,CUST0219,PROD041,Business Analytics Guide,Books,West,2023-05-23,2,46.71,0.0,93.42,24,69.42,Credit Card,Delivered
ORD04953,CUST0242,PROD035,Running Shoes Pro,Sports,East,2023-10-14,5,137.22,20.0,548.9,275,273.9,Credit Card,Delivered
ORD04954,CUST0148,PROD012,Denim Jeans Slim,Clothing,Central,2022-05-15,3,81.46,10.0,219.95,84,135.95,Bank Transfer,Delivered
ORD04955,CUST0182,PROD040,Water Bottle 1L,Sports,East,2023-01-09,2,21.11,20.0,33.78,16,17.78,Credit Card,Processing
ORD04956,CUST0221,PROD030,Garden Hose 50ft,Home & Garden,Central,2024-04-11,3,70.06,20.0,168.15,84,84.15,Bank Transfer,Delivered
ORD04957,CUST0308,PROD041,Business Analytics Guide,Books,West,2024-12-13,5,42.23,15.0,179.5,60,119.5,Debit Card,Delivered
ORD04958,CUST0375,PROD010,External SSD 1TB,Electronics,South,2023-11-18,5,155.92,20.0,623.68,325,298.68,Cash,Delivered
ORD04959,CUST0309,PROD065,Jump Starter Pack,Automotive,Central,2022-10-19,5,95.25,0.0,476.23,190,286.23,Cash,Processing
ORD04960,CUST0024,PROD018,Polo Shirt Premium,Clothing,North,2022-10-17,3,65.66,0.0,196.97,66,130.97,PayPal,Delivered
ORD04961,CUST0393,PROD067,Steering Wheel Cover,Automotive,East,2022-08-19,2,29.7,0.0,59.39,22,37.39,Cash,Returned
ORD04962,CUST0283,PROD015,Sport T-Shirt,Clothing,Central,2022-02-19,2,37.94,10.0,68.28,24,44.28,Debit Card,Processing
ORD04963,CUST0327,PROD013,Casual Sneakers,Clothing,South,2023-04-27,4,94.92,10.0,341.7,160,181.7,Debit Card,Delivered
ORD04964,CUST0466,PROD039,Pull-Up Bar,Sports,North,2024-09-28,2,53.86,10.0,96.95,44,52.95,Debit Card,Delivered
ORD04965,CUST0354,PROD021,Robot Vacuum Cleaner,Home & Garden,Central,2023-05-08,5,270.12,0.0,1350.58,700,650.58,Debit Card,Delivered
ORD04966,CUST0422,PROD008,Webcam HD 1080p,Electronics,North,2024-06-18,3,69.26,5.0,197.39,75,122.39,Bank Transfer,Cancelled
ORD04967,CUST0310,PROD002,Wireless Headphones,Electronics,Central,2023-07-15,5,196.24,5.0,932.15,400,532.15,PayPal,Delivered
ORD04968,CUST0446,PROD042,Python Programming,Books,South,2023-04-18,4,57.93,0.0,231.74,60,171.74,Credit Card,Delivered
ORD04969,CUST0365,PROD036,Gym Gloves,Sports,North,2022-08-05,4,24.16,0.0,96.66,36,60.66,Cash,Delivered
ORD04970,CUST0477,PROD012,Denim Jeans Slim,Clothing,North,2024-03-29,1,73.02,0.0,73.02,28,45.02,Cash,Delivered
ORD04971,CUST0459,PROD060,Collagen Powder 300g,Food & Beverage,North,2024-11-16,1,41.5,20.0,33.2,16,17.2,PayPal,Delivered
ORD04972,CUST0109,PROD034,Cycling Helmet,Sports,North,2022-06-12,3,78.04,10.0,210.72,96,114.72,Credit Card,Shipped
ORD04973,CUST0302,PROD037,Jump Rope Speed,Sports,West,2023-03-15,4,20.49,0.0,81.95,28,53.95,Bank Transfer,Delivered
ORD04974,CUST0079,PROD023,Coffee Maker Deluxe,Home & Garden,East,2022-08-31,1,124.02,0.0,124.02,52,72.02,Debit Card,Cancelled
ORD04975,CUST0469,PROD065,Jump Starter Pack,Automotive,West,2022-06-05,1,89.29,0.0,89.29,38,51.29,Bank Transfer,Shipped
ORD04976,CUST0142,PROD019,Running Shorts,Clothing,Central,2022-02-15,3,40.67,15.0,103.71,45,58.71,PayPal,Delivered
ORD04977,CUST0322,PROD004,Bluetooth Speaker,Electronics,East,2023-12-20,3,83.22,5.0,237.19,105,132.19,Cash,Returned
ORD04978,CUST0202,PROD045,Leadership Principles,Books,South,2024-02-17,5,33.62,20.0,134.48,40,94.48,Debit Card,Delivered
ORD04979,CUST0124,PROD070,Car Wax Premium,Automotive,Central,2022-07-03,3,29.72,0.0,89.16,30,59.16,PayPal,Cancelled
ORD04980,CUST0372,PROD004,Bluetooth Speaker,Electronics,East,2023-07-13,3,85.1,0.0,255.3,105,150.3,Cash,Delivered
ORD04981,CUST0228,PROD004,Bluetooth Speaker,Electronics,Central,2024-04-20,4,80.61,0.0,322.44,140,182.44,Credit Card,Cancelled
ORD04982,CUST0257,PROD047,Machine Learning A-Z,Books,South,2022-07-09,5,78.56,15.0,333.86,100,233.86,Debit Card,Delivered
ORD04983,CUST0196,PROD030,Garden Hose 50ft,Home & Garden,South,2022-11-03,2,71.09,5.0,135.08,56,79.08,Cash,Delivered
ORD04984,CUST0487,PROD012,Denim Jeans Slim,Clothing,West,2023-07-01,2,82.01,15.0,139.42,56,83.42,Bank Transfer,Shipped
ORD04985,CUST0131,PROD019,Running Shorts,Clothing,Central,2023-03-02,4,44.5,0.0,178.01,60,118.01,Cash,Delivered
ORD04986,CUST0204,PROD020,Knit Sweater,Clothing,South,2022-04-24,5,72.37,15.0,307.58,150,157.58,Bank Transfer,Delivered
ORD04987,CUST0294,PROD022,Air Purifier Pro,Home & Garden,South,2023-02-01,3,225.56,15.0,575.19,330,245.19,Cash,Delivered
ORD04988,CUST0263,PROD046,Finance for Managers,Books,West,2024-04-12,3,43.52,0.0,130.55,39,91.55,Credit Card,Delivered
ORD04989,CUST0445,PROD022,Air Purifier Pro,Home & Garden,Central,2023-06-16,1,236.08,20.0,188.86,110,78.86,Cash,Shipped
ORD04990,CUST0057,PROD059,Energy Drink Pack x24,Food & Beverage,South,2023-07-12,2,37.6,5.0,71.44,24,47.44,Bank Transfer,Delivered
ORD04991,CUST0310,PROD006,Gaming Mouse,Electronics,Central,2024-05-10,2,83.91,10.0,151.03,56,95.03,PayPal,Shipped
ORD04992,CUST0102,PROD014,Wool Winter Coat,Clothing,West,2023-11-18,1,181.62,0.0,181.62,75,106.62,Cash,Returned
ORD04993,CUST0129,PROD010,External SSD 1TB,Electronics,Central,2023-06-07,3,152.37,5.0,434.25,195,239.25,Bank Transfer,Delivered
ORD04994,CUST0334,PROD031,Yoga Mat Premium,Sports,Central,2023-08-25,2,48.02,15.0,81.63,36,45.63,Bank Transfer,Processing
ORD04995,CUST0105,PROD062,Tire Inflator Auto,Automotive,Central,2023-12-26,4,41.67,0.0,166.7,72,94.7,Debit Card,Delivered
ORD04996,CUST0270,PROD043,Data Science Handbook,Books,West,2022-01-25,1,63.89,15.0,54.31,18,36.31,Credit Card,Shipped
ORD04997,CUST0118,PROD034,Cycling Helmet,Sports,North,2024-07-04,2,75.38,5.0,143.22,64,79.22,Cash,Shipped
ORD04998,CUST0331,PROD044,Marketing Strategy,Books,East,2023-08-06,3,38.65,0.0,115.94,30,85.94,PayPal,Shipped
ORD04999,CUST0146,PROD020,Knit Sweater,Clothing,West,2024-04-18,2,75.76,20.0,121.22,60,61.22,Debit Card,Delivered
ORD05000,CUST0108,PROD068,Car Air Freshener x5,Automotive,West,2024-11-19,5,14.96,0.0,74.8,25,49.8,Credit Card,Delivered
